{
  "type": "FeatureCollection",
  "generator": "overpass-turbo",
  "copyright": "The data included in this document is from www.openstreetmap.org. The data is made available under ODbL.",
  "timestamp": "2026-02-24T17:21:25Z",
  "features": [
    {
      "type": "Feature",
      "properties": {
        "@id": "way/454949544",
        "area": "yes",
        "highway": "pedestrian",
        "surface": "paving_stones"
      },
      "geometry": {
        "type": "Polygon",
        "coordinates": [
          [
            [
              -77.5422203,
              37.5747869
            ],
            [
              -77.5422246,
              37.5747815
            ],
            [
              -77.5422293,
              37.5747755
            ],
            [
              -77.5422427,
              37.5747587
            ],
            [
              -77.5422542,
              37.5747457
            ],
            [
              -77.5422651,
              37.5747344
            ],
            [
              -77.5422808,
              37.5747158
            ],
            [
              -77.5422697,
              37.5747083
            ],
            [
              -77.542259,
              37.5747011
            ],
            [
              -77.5422073,
              37.5746999
            ],
            [
              -77.5421651,
              37.5747016
            ],
            [
              -77.5421387,
              37.5746711
            ],
            [
              -77.5421264,
              37.5746654
            ],
            [
              -77.5421133,
              37.5746594
            ],
            [
              -77.542068,
              37.5746509
            ],
            [
              -77.5420383,
              37.5746518
            ],
            [
              -77.5420075,
              37.5746611
            ],
            [
              -77.5419862,
              37.5746711
            ],
            [
              -77.5419779,
              37.5746786
            ],
            [
              -77.5419712,
              37.5746845
            ],
            [
              -77.5419572,
              37.5747051
            ],
            [
              -77.5419488,
              37.5747296
            ],
            [
              -77.5419506,
              37.5747528
            ],
            [
              -77.5419572,
              37.5747775
            ],
            [
              -77.5419758,
              37.5747946
            ],
            [
              -77.5419932,
              37.5748109
            ],
            [
              -77.5420223,
              37.5748247
            ],
            [
              -77.5420603,
              37.5748306
            ],
            [
              -77.5420884,
              37.5748283
            ],
            [
              -77.5421181,
              37.5748207
            ],
            [
              -77.5421423,
              37.5748019
            ],
            [
              -77.5421582,
              37.5747843
            ],
            [
              -77.5421704,
              37.5747606
            ],
            [
              -77.5422203,
              37.5747869
            ]
          ]
        ]
      },
      "id": "way/454949544"
    },
    {
      "type": "Feature",
      "properties": {
        "@id": "way/454949555",
        "area": "yes",
        "highway": "pedestrian"
      },
      "geometry": {
        "type": "Polygon",
        "coordinates": [
          [
            [
              -77.5398684,
              37.5745028
            ],
            [
              -77.5399494,
              37.5744932
            ],
            [
              -77.5399393,
              37.574396
            ],
            [
              -77.5399169,
              37.5743975
            ],
            [
              -77.5399051,
              37.5744343
            ],
            [
              -77.5398559,
              37.5744244
            ],
            [
              -77.5397929,
              37.5744117
            ],
            [
              -77.5398025,
              37.5743816
            ],
            [
              -77.539806,
              37.5743707
            ],
            [
              -77.5397577,
              37.5743744
            ],
            [
              -77.5397711,
              37.5744676
            ],
            [
              -77.539777,
              37.5745088
            ],
            [
              -77.5398065,
              37.5745065
            ],
            [
              -77.5398356,
              37.5745046
            ],
            [
              -77.5398684,
              37.5745028
            ]
          ]
        ]
      },
      "id": "way/454949555"
    },
    {
      "type": "Feature",
      "properties": {
        "@id": "way/1451866199",
        "area": "yes",
        "highway": "pedestrian",
        "name": "Labyrinth",
        "website": "https://chaplaincy.richmond.edu/spiritual-well-being/labyrinth.html"
      },
      "geometry": {
        "type": "Polygon",
        "coordinates": [
          [
            [
              -77.5390199,
              37.5742444
            ],
            [
              -77.5390118,
              37.5742268
            ],
            [
              -77.5390073,
              37.5742213
            ],
            [
              -77.5389947,
              37.5742133
            ],
            [
              -77.5389796,
              37.5742089
            ],
            [
              -77.5389628,
              37.5742086
            ],
            [
              -77.5389468,
              37.5742128
            ],
            [
              -77.5389335,
              37.5742209
            ],
            [
              -77.5389244,
              37.5742321
            ],
            [
              -77.5389204,
              37.574245
            ],
            [
              -77.5389221,
              37.5742582
            ],
            [
              -77.5389325,
              37.574273
            ],
            [
              -77.5389409,
              37.5742798
            ],
            [
              -77.538956,
              37.5742857
            ],
            [
              -77.538972,
              37.5742873
            ],
            [
              -77.5389878,
              37.5742848
            ],
            [
              -77.5390017,
              37.5742784
            ],
            [
              -77.5390146,
              37.5742648
            ],
            [
              -77.5390187,
              37.5742571
            ],
            [
              -77.5390199,
              37.5742444
            ]
          ]
        ]
      },
      "id": "way/1451866199"
    },
    {
      "type": "Feature",
      "properties": {
        "@id": "way/204594550",
        "highway": "service",
        "surface": "asphalt"
      },
      "geometry": {
        "type": "LineString",
        "coordinates": [
          [
            -77.5410534,
            37.578322
          ],
          [
            -77.5410269,
            37.5784691
          ],
          [
            -77.5410039,
            37.5785516
          ],
          [
            -77.540968,
            37.5786028
          ],
          [
            -77.5409102,
            37.5786483
          ],
          [
            -77.5404869,
            37.5787965
          ],
          [
            -77.5403621,
            37.5788402
          ],
          [
            -77.5401789,
            37.5789043
          ],
          [
            -77.5400805,
            37.5789274
          ],
          [
            -77.5400128,
            37.5789433
          ],
          [
            -77.5399057,
            37.5789821
          ],
          [
            -77.5398525,
            37.5790117
          ]
        ]
      },
      "id": "way/204594550"
    },
    {
      "type": "Feature",
      "properties": {
        "@id": "way/264249941",
        "highway": "service",
        "service": "parking_aisle"
      },
      "geometry": {
        "type": "LineString",
        "coordinates": [
          [
            -77.5414127,
            37.5723309
          ],
          [
            -77.541389,
            37.5723665
          ],
          [
            -77.541377,
            37.5723747
          ],
          [
            -77.5413467,
            37.5723942
          ],
          [
            -77.5410126,
            37.5725203
          ],
          [
            -77.5407466,
            37.5726207
          ],
          [
            -77.5404823,
            37.5727205
          ],
          [
            -77.5403372,
            37.5727753
          ],
          [
            -77.5403094,
            37.5727929
          ],
          [
            -77.5402937,
            37.5728166
          ],
          [
            -77.540295,
            37.5728396
          ],
          [
            -77.5403064,
            37.5728566
          ],
          [
            -77.5403172,
            37.5728722
          ],
          [
            -77.5403391,
            37.5728911
          ],
          [
            -77.5404382,
            37.5729262
          ],
          [
            -77.5405977,
            37.5729807
          ],
          [
            -77.5406281,
            37.5729891
          ],
          [
            -77.5406554,
            37.5729921
          ],
          [
            -77.5406777,
            37.5729925
          ],
          [
            -77.5407015,
            37.5729904
          ],
          [
            -77.5407262,
            37.5729842
          ],
          [
            -77.5413116,
            37.5727609
          ],
          [
            -77.5418453,
            37.5725526
          ],
          [
            -77.5418784,
            37.5725154
          ]
        ]
      },
      "id": "way/264249941"
    },
    {
      "type": "Feature",
      "properties": {
        "@id": "way/264249942",
        "highway": "service",
        "service": "parking_aisle",
        "surface": "asphalt"
      },
      "geometry": {
        "type": "LineString",
        "coordinates": [
          [
            -77.5421592,
            37.5713144
          ],
          [
            -77.5422897,
            37.5713619
          ],
          [
            -77.5423942,
            37.5714
          ],
          [
            -77.5425017,
            37.5714391
          ],
          [
            -77.5426343,
            37.5714873
          ]
        ]
      },
      "id": "way/264249942"
    },
    {
      "type": "Feature",
      "properties": {
        "@id": "way/264249943",
        "highway": "service",
        "service": "parking_aisle"
      },
      "geometry": {
        "type": "LineString",
        "coordinates": [
          [
            -77.5416535,
            37.5724216
          ],
          [
            -77.5416128,
            37.5724647
          ],
          [
            -77.5410439,
            37.5726907
          ],
          [
            -77.5404382,
            37.5729262
          ]
        ]
      },
      "id": "way/264249943"
    },
    {
      "type": "Feature",
      "properties": {
        "@id": "way/264249944",
        "highway": "service",
        "service": "driveway"
      },
      "geometry": {
        "type": "LineString",
        "coordinates": [
          [
            -77.5399302,
            37.5729634
          ],
          [
            -77.539858,
            37.5729573
          ],
          [
            -77.5397322,
            37.5729466
          ],
          [
            -77.5397052,
            37.5729409
          ],
          [
            -77.5396781,
            37.5729305
          ],
          [
            -77.5396344,
            37.5729073
          ]
        ]
      },
      "id": "way/264249944"
    },
    {
      "type": "Feature",
      "properties": {
        "@id": "way/264249945",
        "highway": "service",
        "service": "parking_aisle"
      },
      "geometry": {
        "type": "LineString",
        "coordinates": [
          [
            -77.5396525,
            37.5727489
          ],
          [
            -77.5395541,
            37.5727444
          ],
          [
            -77.5391429,
            37.572781
          ],
          [
            -77.5387319,
            37.572817
          ]
        ]
      },
      "id": "way/264249945"
    },
    {
      "type": "Feature",
      "properties": {
        "@id": "way/264250588",
        "highway": "service",
        "service": "parking_aisle"
      },
      "geometry": {
        "type": "LineString",
        "coordinates": [
          [
            -77.547179,
            37.5731965
          ],
          [
            -77.5469841,
            37.573139
          ],
          [
            -77.5469088,
            37.5730997
          ],
          [
            -77.5468889,
            37.5730717
          ],
          [
            -77.5468742,
            37.5730427
          ],
          [
            -77.5468538,
            37.5730135
          ],
          [
            -77.5468253,
            37.5729909
          ],
          [
            -77.5467323,
            37.5729548
          ],
          [
            -77.5466772,
            37.5729328
          ],
          [
            -77.5466508,
            37.5728898
          ],
          [
            -77.5466058,
            37.572854
          ],
          [
            -77.5465404,
            37.5728169
          ],
          [
            -77.546454,
            37.572782
          ],
          [
            -77.5463956,
            37.5727684
          ],
          [
            -77.5463369,
            37.5727752
          ],
          [
            -77.5462913,
            37.5727932
          ],
          [
            -77.5462663,
            37.5728127
          ],
          [
            -77.5462546,
            37.572834
          ],
          [
            -77.546256,
            37.5728644
          ],
          [
            -77.5462711,
            37.5728919
          ],
          [
            -77.5463407,
            37.5729354
          ],
          [
            -77.5464081,
            37.572961
          ],
          [
            -77.5464657,
            37.5729724
          ],
          [
            -77.5465498,
            37.5729798
          ],
          [
            -77.5466243,
            37.5729647
          ],
          [
            -77.5466772,
            37.5729328
          ]
        ]
      },
      "id": "way/264250588"
    },
    {
      "type": "Feature",
      "properties": {
        "@id": "way/264250589",
        "highway": "service",
        "service": "parking_aisle"
      },
      "geometry": {
        "type": "LineString",
        "coordinates": [
          [
            -77.5469088,
            37.5730997
          ],
          [
            -77.5468831,
            37.5731169
          ],
          [
            -77.5467879,
            37.5733055
          ],
          [
            -77.5465871,
            37.5732463
          ]
        ]
      },
      "id": "way/264250589"
    },
    {
      "type": "Feature",
      "properties": {
        "@id": "way/264251742",
        "highway": "service",
        "service": "parking_aisle"
      },
      "geometry": {
        "type": "LineString",
        "coordinates": [
          [
            -77.543781,
            37.5726923
          ],
          [
            -77.5437594,
            37.5727438
          ],
          [
            -77.5436871,
            37.5728377
          ],
          [
            -77.5436552,
            37.5728692
          ],
          [
            -77.5432549,
            37.5733349
          ],
          [
            -77.5431928,
            37.573419
          ]
        ]
      },
      "id": "way/264251742"
    },
    {
      "type": "Feature",
      "properties": {
        "@id": "way/264251743",
        "highway": "service",
        "service": "parking_aisle"
      },
      "geometry": {
        "type": "LineString",
        "coordinates": [
          [
            -77.5432549,
            37.5733349
          ],
          [
            -77.5433932,
            37.573406
          ],
          [
            -77.5434278,
            37.5734091
          ],
          [
            -77.5434574,
            37.5733989
          ],
          [
            -77.5435018,
            37.5733476
          ],
          [
            -77.5438331,
            37.5729652
          ],
          [
            -77.5437064,
            37.5728968
          ],
          [
            -77.5436552,
            37.5728692
          ],
          [
            -77.5435574,
            37.5728205
          ],
          [
            -77.5435172,
            37.5728092
          ],
          [
            -77.5434689,
            37.5728076
          ],
          [
            -77.543371,
            37.5728264
          ],
          [
            -77.543023,
            37.5729286
          ],
          [
            -77.5427703,
            37.572995
          ],
          [
            -77.5427433,
            37.57302
          ],
          [
            -77.5426803,
            37.5731029
          ],
          [
            -77.5426057,
            37.5732011
          ],
          [
            -77.5427818,
            37.5732939
          ],
          [
            -77.5429551,
            37.5733864
          ],
          [
            -77.5430543,
            37.5734374
          ]
        ]
      },
      "id": "way/264251743"
    },
    {
      "type": "Feature",
      "properties": {
        "@id": "way/264251744",
        "highway": "service",
        "service": "parking_aisle"
      },
      "geometry": {
        "type": "LineString",
        "coordinates": [
          [
            -77.5427818,
            37.5732939
          ],
          [
            -77.5430413,
            37.5729742
          ],
          [
            -77.543023,
            37.5729286
          ]
        ]
      },
      "id": "way/264251744"
    },
    {
      "type": "Feature",
      "properties": {
        "@id": "way/264251745",
        "highway": "service",
        "service": "parking_aisle"
      },
      "geometry": {
        "type": "LineString",
        "coordinates": [
          [
            -77.543371,
            37.5728264
          ],
          [
            -77.5433873,
            37.5728722
          ],
          [
            -77.5429551,
            37.5733864
          ]
        ]
      },
      "id": "way/264251745"
    },
    {
      "type": "Feature",
      "properties": {
        "@id": "way/264251746",
        "highway": "service",
        "service": "parking_aisle",
        "surface": "asphalt"
      },
      "geometry": {
        "type": "LineString",
        "coordinates": [
          [
            -77.5430374,
            37.5734839
          ],
          [
            -77.5430411,
            37.5734596
          ],
          [
            -77.5430543,
            37.5734374
          ],
          [
            -77.5430758,
            37.5734195
          ],
          [
            -77.5431034,
            37.5734079
          ],
          [
            -77.5431342,
            37.5734038
          ],
          [
            -77.543165,
            37.5734076
          ],
          [
            -77.5431928,
            37.573419
          ],
          [
            -77.5432123,
            37.5734343
          ],
          [
            -77.5432257,
            37.5734534
          ],
          [
            -77.5432318,
            37.5734746
          ],
          [
            -77.5432302,
            37.5734964
          ],
          [
            -77.543221,
            37.5735169
          ],
          [
            -77.5432049,
            37.5735346
          ],
          [
            -77.5431832,
            37.573548
          ],
          [
            -77.5431585,
            37.5735559
          ],
          [
            -77.5431319,
            37.5735582
          ],
          [
            -77.5431056,
            37.5735547
          ],
          [
            -77.5430815,
            37.5735457
          ],
          [
            -77.5430586,
            37.5735292
          ],
          [
            -77.5430434,
            37.5735079
          ],
          [
            -77.5430374,
            37.5734839
          ]
        ]
      },
      "id": "way/264251746"
    },
    {
      "type": "Feature",
      "properties": {
        "@id": "way/264251747",
        "highway": "service",
        "service": "parking_aisle"
      },
      "geometry": {
        "type": "LineString",
        "coordinates": [
          [
            -77.5451545,
            37.5733311
          ],
          [
            -77.5451161,
            37.5733589
          ],
          [
            -77.5449933,
            37.5734455
          ],
          [
            -77.5448398,
            37.5735555
          ],
          [
            -77.54501,
            37.573759
          ],
          [
            -77.545102,
            37.5739021
          ],
          [
            -77.5452174,
            37.5740782
          ]
        ]
      },
      "id": "way/264251747"
    },
    {
      "type": "Feature",
      "properties": {
        "@id": "way/264251748",
        "highway": "service",
        "service": "parking_aisle"
      },
      "geometry": {
        "type": "LineString",
        "coordinates": [
          [
            -77.5454464,
            37.5745548
          ],
          [
            -77.5454665,
            37.574407
          ],
          [
            -77.5454665,
            37.5742976
          ],
          [
            -77.5454559,
            37.5741938
          ],
          [
            -77.5454395,
            37.5740947
          ],
          [
            -77.5454012,
            37.57402
          ],
          [
            -77.5453666,
            37.5739466
          ],
          [
            -77.5452507,
            37.5737554
          ],
          [
            -77.5451736,
            37.573633
          ],
          [
            -77.5450398,
            37.5734849
          ],
          [
            -77.5449933,
            37.5734455
          ],
          [
            -77.5449476,
            37.5734066
          ],
          [
            -77.5448612,
            37.5733415
          ],
          [
            -77.5447261,
            37.5732595
          ],
          [
            -77.5445624,
            37.5731857
          ],
          [
            -77.5444296,
            37.5731428
          ],
          [
            -77.5443168,
            37.5731167
          ],
          [
            -77.5442607,
            37.5732759
          ],
          [
            -77.5444441,
            37.5733306
          ],
          [
            -77.5446214,
            37.5734085
          ],
          [
            -77.5447881,
            37.5735128
          ],
          [
            -77.5448274,
            37.573545
          ],
          [
            -77.5448398,
            37.5735555
          ]
        ]
      },
      "id": "way/264251748"
    },
    {
      "type": "Feature",
      "properties": {
        "@id": "way/264251749",
        "highway": "service",
        "service": "parking_aisle"
      },
      "geometry": {
        "type": "LineString",
        "coordinates": [
          [
            -77.5456087,
            37.5739587
          ],
          [
            -77.5455543,
            37.5739737
          ],
          [
            -77.5454012,
            37.57402
          ],
          [
            -77.5452174,
            37.5740782
          ]
        ]
      },
      "id": "way/264251749"
    },
    {
      "type": "Feature",
      "properties": {
        "@id": "way/264251750",
        "highway": "service",
        "service": "parking_aisle"
      },
      "geometry": {
        "type": "LineString",
        "coordinates": [
          [
            -77.5452174,
            37.5740782
          ],
          [
            -77.5452245,
            37.5740987
          ],
          [
            -77.5452448,
            37.5741836
          ],
          [
            -77.5452641,
            37.574298
          ],
          [
            -77.5452668,
            37.5743935
          ],
          [
            -77.54524,
            37.5745192
          ],
          [
            -77.5454464,
            37.5745548
          ],
          [
            -77.5456643,
            37.57459
          ]
        ]
      },
      "id": "way/264251750"
    },
    {
      "type": "Feature",
      "properties": {
        "@id": "way/264251752",
        "highway": "service",
        "service": "parking_aisle"
      },
      "geometry": {
        "type": "LineString",
        "coordinates": [
          [
            -77.5413328,
            37.5739044
          ],
          [
            -77.5413785,
            37.5738755
          ],
          [
            -77.5414055,
            37.5738584
          ],
          [
            -77.5415192,
            37.5737864
          ],
          [
            -77.5415771,
            37.5737787
          ],
          [
            -77.5419249,
            37.5738645
          ],
          [
            -77.5419848,
            37.5737042
          ],
          [
            -77.5417624,
            37.5736528
          ],
          [
            -77.5417418,
            37.5736555
          ],
          [
            -77.5416384,
            37.5737096
          ],
          [
            -77.5416011,
            37.573746
          ],
          [
            -77.5415771,
            37.5737787
          ]
        ]
      },
      "id": "way/264251752"
    },
    {
      "type": "Feature",
      "properties": {
        "@id": "way/264251755",
        "highway": "service",
        "service": "parking_aisle"
      },
      "geometry": {
        "type": "LineString",
        "coordinates": [
          [
            -77.541485,
            37.5741888
          ],
          [
            -77.541386,
            37.574212
          ],
          [
            -77.5413157,
            37.5742355
          ],
          [
            -77.5412863,
            37.5742802
          ],
          [
            -77.5412449,
            37.5743375
          ],
          [
            -77.5412277,
            37.5743555
          ],
          [
            -77.5412505,
            37.5745151
          ],
          [
            -77.5406631,
            37.5745676
          ],
          [
            -77.5406053,
            37.574554
          ],
          [
            -77.5405837,
            37.5745406
          ],
          [
            -77.5405703,
            37.5745242
          ],
          [
            -77.5405631,
            37.5745057
          ],
          [
            -77.5405618,
            37.5744808
          ],
          [
            -77.5405694,
            37.5744565
          ],
          [
            -77.5405854,
            37.5744363
          ],
          [
            -77.5406051,
            37.5744195
          ],
          [
            -77.5406358,
            37.5744056
          ],
          [
            -77.5412277,
            37.5743555
          ]
        ]
      },
      "id": "way/264251755"
    },
    {
      "type": "Feature",
      "properties": {
        "@id": "way/264251756",
        "highway": "service",
        "service": "parking_aisle"
      },
      "geometry": {
        "type": "LineString",
        "coordinates": [
          [
            -77.5413157,
            37.5742355
          ],
          [
            -77.5412551,
            37.574169
          ],
          [
            -77.5411617,
            37.5741283
          ],
          [
            -77.5411314,
            37.5740395
          ]
        ]
      },
      "id": "way/264251756"
    },
    {
      "type": "Feature",
      "properties": {
        "@id": "way/264251758",
        "highway": "service",
        "service": "parking_aisle"
      },
      "geometry": {
        "type": "LineString",
        "coordinates": [
          [
            -77.5413021,
            37.5747598
          ],
          [
            -77.5413698,
            37.5747804
          ],
          [
            -77.5414886,
            37.5748149
          ],
          [
            -77.5415353,
            37.5748593
          ],
          [
            -77.5416031,
            37.5749296
          ],
          [
            -77.5416638,
            37.5749722
          ],
          [
            -77.5416924,
            37.574992
          ],
          [
            -77.5417252,
            37.575012
          ],
          [
            -77.5417532,
            37.5750278
          ],
          [
            -77.5417896,
            37.5750958
          ],
          [
            -77.5418797,
            37.5751438
          ]
        ]
      },
      "id": "way/264251758"
    },
    {
      "type": "Feature",
      "properties": {
        "@id": "way/264324693",
        "highway": "service",
        "service": "parking_aisle"
      },
      "geometry": {
        "type": "LineString",
        "coordinates": [
          [
            -77.546753,
            37.5741007
          ],
          [
            -77.5466739,
            37.5740947
          ],
          [
            -77.5466256,
            37.5740947
          ],
          [
            -77.5465746,
            37.5741075
          ],
          [
            -77.5465263,
            37.5741372
          ],
          [
            -77.5465049,
            37.5742031
          ],
          [
            -77.5464968,
            37.5744327
          ],
          [
            -77.5465103,
            37.5744667
          ],
          [
            -77.5465559,
            37.5744859
          ],
          [
            -77.5466015,
            37.5744965
          ],
          [
            -77.5466714,
            37.5745008
          ]
        ]
      },
      "id": "way/264324693"
    },
    {
      "type": "Feature",
      "properties": {
        "@id": "way/264324704",
        "bridge": "yes",
        "highway": "footway",
        "surface": "wood"
      },
      "geometry": {
        "type": "LineString",
        "coordinates": [
          [
            -77.5423204,
            37.577771
          ],
          [
            -77.5423612,
            37.5781943
          ]
        ]
      },
      "id": "way/264324704"
    },
    {
      "type": "Feature",
      "properties": {
        "@id": "way/264324706",
        "bridge": "yes",
        "highway": "footway",
        "surface": "wood"
      },
      "geometry": {
        "type": "LineString",
        "coordinates": [
          [
            -77.5418021,
            37.578547
          ],
          [
            -77.5420467,
            37.5784389
          ],
          [
            -77.5422867,
            37.5783329
          ]
        ]
      },
      "id": "way/264324706"
    },
    {
      "type": "Feature",
      "properties": {
        "@id": "way/264324707",
        "highway": "footway",
        "surface": "asphalt"
      },
      "geometry": {
        "type": "LineString",
        "coordinates": [
          [
            -77.5422867,
            37.5783329
          ],
          [
            -77.542304,
            37.5783197
          ],
          [
            -77.5423226,
            37.5782961
          ],
          [
            -77.5423421,
            37.5782603
          ],
          [
            -77.5423556,
            37.5782357
          ],
          [
            -77.5423612,
            37.5782194
          ],
          [
            -77.5423612,
            37.5781943
          ]
        ]
      },
      "id": "way/264324707"
    },
    {
      "type": "Feature",
      "properties": {
        "@id": "way/264336154",
        "highway": "service",
        "service": "parking_aisle",
        "surface": "asphalt"
      },
      "geometry": {
        "type": "LineString",
        "coordinates": [
          [
            -77.5418784,
            37.5725154
          ],
          [
            -77.5419189,
            37.5724503
          ],
          [
            -77.5419683,
            37.5723532
          ],
          [
            -77.5419938,
            37.5722415
          ],
          [
            -77.5420564,
            37.5719863
          ],
          [
            -77.5420786,
            37.5719389
          ],
          [
            -77.5423386,
            37.5714986
          ],
          [
            -77.5423942,
            37.5714
          ]
        ]
      },
      "id": "way/264336154"
    },
    {
      "type": "Feature",
      "properties": {
        "@id": "way/264336165",
        "highway": "service",
        "service": "parking_aisle"
      },
      "geometry": {
        "type": "LineString",
        "coordinates": [
          [
            -77.5423834,
            37.572699
          ],
          [
            -77.5424276,
            37.5726673
          ],
          [
            -77.5424534,
            37.5726487
          ],
          [
            -77.5425926,
            37.5725486
          ],
          [
            -77.5424522,
            37.5724252
          ],
          [
            -77.5423154,
            37.5723051
          ],
          [
            -77.5420132,
            37.5724978
          ],
          [
            -77.5419439,
            37.5725423
          ]
        ]
      },
      "id": "way/264336165"
    },
    {
      "type": "Feature",
      "properties": {
        "@id": "way/264336166",
        "highway": "service",
        "service": "parking_aisle"
      },
      "geometry": {
        "type": "LineString",
        "coordinates": [
          [
            -77.5421419,
            37.5726288
          ],
          [
            -77.5421885,
            37.5725974
          ],
          [
            -77.5424522,
            37.5724252
          ]
        ]
      },
      "id": "way/264336166"
    },
    {
      "type": "Feature",
      "properties": {
        "@id": "way/264336168",
        "highway": "service",
        "service": "parking_aisle"
      },
      "geometry": {
        "type": "LineString",
        "coordinates": [
          [
            -77.5377778,
            37.5742366
          ],
          [
            -77.5377653,
            37.574176
          ],
          [
            -77.537762,
            37.5741604
          ],
          [
            -77.5377471,
            37.5740859
          ],
          [
            -77.5376535,
            37.5738825
          ],
          [
            -77.5376453,
            37.573852
          ],
          [
            -77.5376429,
            37.5738085
          ],
          [
            -77.53764,
            37.5735741
          ],
          [
            -77.5375594,
            37.573407
          ],
          [
            -77.5375313,
            37.5733293
          ],
          [
            -77.5375239,
            37.5732492
          ],
          [
            -77.5375259,
            37.5731412
          ],
          [
            -77.537661,
            37.5727799
          ],
          [
            -77.5377596,
            37.5727248
          ],
          [
            -77.53836,
            37.5728798
          ],
          [
            -77.5383738,
            37.5729084
          ],
          [
            -77.5383605,
            37.5729535
          ],
          [
            -77.5383529,
            37.572994
          ],
          [
            -77.5383467,
            37.5730275
          ],
          [
            -77.5382891,
            37.5731849
          ],
          [
            -77.5382147,
            37.5733879
          ],
          [
            -77.5383063,
            37.5734863
          ],
          [
            -77.5383527,
            37.573522
          ],
          [
            -77.5384445,
            37.5736064
          ],
          [
            -77.538518,
            37.5736457
          ],
          [
            -77.5385523,
            37.5736705
          ],
          [
            -77.5385383,
            37.5737138
          ],
          [
            -77.5385286,
            37.5737552
          ],
          [
            -77.5385512,
            37.5740036
          ]
        ]
      },
      "id": "way/264336168"
    },
    {
      "type": "Feature",
      "properties": {
        "@id": "way/264345598",
        "highway": "service",
        "service": "parking_aisle"
      },
      "geometry": {
        "type": "LineString",
        "coordinates": [
          [
            -77.5449012,
            37.5751568
          ],
          [
            -77.5448941,
            37.5752043
          ],
          [
            -77.5448956,
            37.5752502
          ],
          [
            -77.5448917,
            37.5752708
          ],
          [
            -77.5448774,
            37.575289
          ],
          [
            -77.5448584,
            37.5753028
          ],
          [
            -77.5448351,
            37.5753131
          ],
          [
            -77.5448072,
            37.5753179
          ],
          [
            -77.5445524,
            37.575327
          ]
        ]
      },
      "id": "way/264345598"
    },
    {
      "type": "Feature",
      "properties": {
        "@id": "way/264345599",
        "highway": "service",
        "service": "parking_aisle"
      },
      "geometry": {
        "type": "LineString",
        "coordinates": [
          [
            -77.5443847,
            37.5760445
          ],
          [
            -77.5443441,
            37.5753415
          ]
        ]
      },
      "id": "way/264345599"
    },
    {
      "type": "Feature",
      "properties": {
        "@id": "way/264345604",
        "highway": "service",
        "service": "driveway",
        "surface": "asphalt"
      },
      "geometry": {
        "type": "LineString",
        "coordinates": [
          [
            -77.5371305,
            37.5744262
          ],
          [
            -77.5371604,
            37.5744604
          ],
          [
            -77.5371727,
            37.5744754
          ],
          [
            -77.5372607,
            37.5745917
          ]
        ]
      },
      "id": "way/264345604"
    },
    {
      "type": "Feature",
      "properties": {
        "@id": "way/264345608",
        "highway": "service",
        "service": "parking_aisle",
        "surface": "asphalt"
      },
      "geometry": {
        "type": "LineString",
        "coordinates": [
          [
            -77.5381284,
            37.5758002
          ],
          [
            -77.5381226,
            37.5757586
          ],
          [
            -77.5381039,
            37.5756927
          ],
          [
            -77.5380595,
            37.575603
          ],
          [
            -77.5380129,
            37.5755388
          ],
          [
            -77.5379791,
            37.5755108
          ],
          [
            -77.537949,
            37.5754994
          ],
          [
            -77.537913,
            37.5755025
          ],
          [
            -77.5378868,
            37.5755389
          ],
          [
            -77.5378839,
            37.5755801
          ],
          [
            -77.5379393,
            37.5756706
          ],
          [
            -77.5380507,
            37.5758388
          ],
          [
            -77.5380941,
            37.5758414
          ],
          [
            -77.5381284,
            37.5758002
          ]
        ]
      },
      "id": "way/264345608"
    },
    {
      "type": "Feature",
      "properties": {
        "@id": "way/264345611",
        "highway": "service",
        "service": "parking_aisle",
        "surface": "asphalt"
      },
      "geometry": {
        "type": "LineString",
        "coordinates": [
          [
            -77.5353697,
            37.5814905
          ],
          [
            -77.5351651,
            37.5815043
          ],
          [
            -77.5350642,
            37.5814996
          ],
          [
            -77.5349684,
            37.5814773
          ],
          [
            -77.5348641,
            37.5814531
          ],
          [
            -77.5347835,
            37.5814247
          ],
          [
            -77.5347403,
            37.5813878
          ],
          [
            -77.5347138,
            37.5813487
          ],
          [
            -77.534712,
            37.5813008
          ],
          [
            -77.5347326,
            37.5812587
          ],
          [
            -77.5348215,
            37.5811295
          ],
          [
            -77.5349456,
            37.580927
          ],
          [
            -77.5349669,
            37.5809003
          ],
          [
            -77.535,
            37.5808589
          ],
          [
            -77.5351634,
            37.5808153
          ]
        ]
      },
      "id": "way/264345611"
    },
    {
      "type": "Feature",
      "properties": {
        "@id": "way/264345612",
        "highway": "service",
        "service": "parking_aisle",
        "surface": "asphalt"
      },
      "geometry": {
        "type": "LineString",
        "coordinates": [
          [
            -77.5350188,
            37.5821671
          ],
          [
            -77.5349725,
            37.5820818
          ],
          [
            -77.5349193,
            37.5820099
          ],
          [
            -77.5347116,
            37.5817878
          ],
          [
            -77.5345108,
            37.5815477
          ],
          [
            -77.534481,
            37.5814824
          ]
        ]
      },
      "id": "way/264345612"
    },
    {
      "type": "Feature",
      "properties": {
        "@id": "way/264346072",
        "highway": "service",
        "service": "parking_aisle",
        "surface": "asphalt"
      },
      "geometry": {
        "type": "LineString",
        "coordinates": [
          [
            -77.5388211,
            37.5779273
          ],
          [
            -77.5386585,
            37.5778152
          ],
          [
            -77.5384329,
            37.5776534
          ],
          [
            -77.5383934,
            37.5776358
          ],
          [
            -77.5383497,
            37.5776234
          ],
          [
            -77.5383203,
            37.5776118
          ],
          [
            -77.5382973,
            37.5775968
          ],
          [
            -77.5382803,
            37.57758
          ],
          [
            -77.5382537,
            37.5775361
          ],
          [
            -77.538248,
            37.5774911
          ],
          [
            -77.5382504,
            37.5774619
          ],
          [
            -77.5382657,
            37.5774057
          ],
          [
            -77.5382809,
            37.5773003
          ],
          [
            -77.5382858,
            37.5771685
          ]
        ]
      },
      "id": "way/264346072"
    },
    {
      "type": "Feature",
      "properties": {
        "@id": "way/264346073",
        "highway": "service",
        "service": "parking_aisle",
        "surface": "asphalt"
      },
      "geometry": {
        "type": "LineString",
        "coordinates": [
          [
            -77.5386585,
            37.5778152
          ],
          [
            -77.5385826,
            37.5778826
          ],
          [
            -77.538465,
            37.577987
          ],
          [
            -77.5383766,
            37.5780662
          ],
          [
            -77.5381407,
            37.578268
          ],
          [
            -77.5380247,
            37.5781817
          ],
          [
            -77.538024,
            37.5781507
          ],
          [
            -77.5380337,
            37.5781326
          ],
          [
            -77.5382151,
            37.5779539
          ],
          [
            -77.5383173,
            37.578025
          ],
          [
            -77.5383766,
            37.5780662
          ]
        ]
      },
      "id": "way/264346073"
    },
    {
      "type": "Feature",
      "properties": {
        "@id": "way/264349233",
        "highway": "service",
        "service": "parking_aisle",
        "surface": "asphalt"
      },
      "geometry": {
        "type": "LineString",
        "coordinates": [
          [
            -77.5372764,
            37.575397
          ],
          [
            -77.5372481,
            37.5754553
          ],
          [
            -77.5372228,
            37.5755019
          ],
          [
            -77.537183,
            37.5755548
          ],
          [
            -77.5371284,
            37.5755979
          ],
          [
            -77.5370641,
            37.5756293
          ],
          [
            -77.537014,
            37.5756486
          ],
          [
            -77.5370599,
            37.5758543
          ],
          [
            -77.537069,
            37.5759081
          ],
          [
            -77.5370691,
            37.5759522
          ],
          [
            -77.5370618,
            37.5759891
          ],
          [
            -77.5370362,
            37.5760374
          ],
          [
            -77.5370066,
            37.5760752
          ],
          [
            -77.5369499,
            37.5761306
          ],
          [
            -77.5368734,
            37.576195
          ],
          [
            -77.5368317,
            37.5762259
          ],
          [
            -77.5366181,
            37.5763843
          ],
          [
            -77.5367917,
            37.5765109
          ],
          [
            -77.5369476,
            37.5763827
          ],
          [
            -77.5369273,
            37.5762442
          ],
          [
            -77.5368734,
            37.576195
          ]
        ]
      },
      "id": "way/264349233"
    },
    {
      "type": "Feature",
      "properties": {
        "@id": "way/264349234",
        "highway": "service",
        "service": "parking_aisle",
        "surface": "asphalt"
      },
      "geometry": {
        "type": "LineString",
        "coordinates": [
          [
            -77.537014,
            37.5756486
          ],
          [
            -77.5368618,
            37.5756962
          ],
          [
            -77.5365319,
            37.5758471
          ],
          [
            -77.5363808,
            37.5759126
          ]
        ]
      },
      "id": "way/264349234"
    },
    {
      "type": "Feature",
      "properties": {
        "@id": "way/264349235",
        "highway": "service",
        "oneway": "yes",
        "service": "parking_aisle",
        "surface": "asphalt"
      },
      "geometry": {
        "type": "LineString",
        "coordinates": [
          [
            -77.5368351,
            37.5772709
          ],
          [
            -77.5368026,
            37.5772382
          ],
          [
            -77.5367346,
            37.5771388
          ],
          [
            -77.5367213,
            37.5770967
          ],
          [
            -77.5367168,
            37.5770469
          ],
          [
            -77.5367396,
            37.5769652
          ],
          [
            -77.5367767,
            37.576874
          ],
          [
            -77.5368465,
            37.576784
          ]
        ]
      },
      "id": "way/264349235"
    },
    {
      "type": "Feature",
      "properties": {
        "@id": "way/264349236",
        "highway": "service",
        "oneway": "yes",
        "service": "parking_aisle",
        "surface": "asphalt"
      },
      "geometry": {
        "type": "LineString",
        "coordinates": [
          [
            -77.536231,
            37.577675
          ],
          [
            -77.5362626,
            37.5774833
          ],
          [
            -77.536304,
            37.5773606
          ],
          [
            -77.5363907,
            37.5771453
          ],
          [
            -77.5364234,
            37.5770642
          ],
          [
            -77.5365188,
            37.5768598
          ],
          [
            -77.5365704,
            37.5767713
          ],
          [
            -77.5366418,
            37.576677
          ]
        ]
      },
      "id": "way/264349236"
    },
    {
      "type": "Feature",
      "properties": {
        "@id": "way/264349237",
        "highway": "service",
        "oneway": "yes",
        "service": "parking_aisle",
        "surface": "asphalt"
      },
      "geometry": {
        "type": "LineString",
        "coordinates": [
          [
            -77.5360194,
            37.5776618
          ],
          [
            -77.5360349,
            37.5775128
          ],
          [
            -77.5360422,
            37.5774575
          ],
          [
            -77.5360732,
            37.5773309
          ],
          [
            -77.5362839,
            37.5768035
          ],
          [
            -77.5363276,
            37.5765753
          ],
          [
            -77.5363417,
            37.576557
          ],
          [
            -77.5363726,
            37.5765386
          ],
          [
            -77.5364671,
            37.5765075
          ]
        ]
      },
      "id": "way/264349237"
    },
    {
      "type": "Feature",
      "properties": {
        "@id": "way/264349238",
        "highway": "service",
        "oneway": "yes",
        "service": "parking_aisle",
        "surface": "asphalt"
      },
      "geometry": {
        "type": "LineString",
        "coordinates": [
          [
            -77.5357043,
            37.5776373
          ],
          [
            -77.5357294,
            37.5774914
          ],
          [
            -77.5357564,
            37.5773781
          ],
          [
            -77.5357639,
            37.5773175
          ],
          [
            -77.535765,
            37.5772267
          ],
          [
            -77.5357336,
            37.5770882
          ],
          [
            -77.5357772,
            37.5768777
          ],
          [
            -77.5358423,
            37.5766104
          ],
          [
            -77.5358633,
            37.5765762
          ],
          [
            -77.5360006,
            37.5764699
          ],
          [
            -77.5360555,
            37.5764489
          ],
          [
            -77.536113,
            37.5763995
          ],
          [
            -77.5361494,
            37.5763455
          ],
          [
            -77.5361778,
            37.5762446
          ],
          [
            -77.536218,
            37.5761724
          ],
          [
            -77.5362556,
            37.5761213
          ],
          [
            -77.5363593,
            37.576115
          ]
        ]
      },
      "id": "way/264349238"
    },
    {
      "type": "Feature",
      "properties": {
        "@id": "way/264349239",
        "highway": "service",
        "name": "Ryland Circle",
        "oneway": "yes",
        "service": "parking_aisle",
        "surface": "asphalt"
      },
      "geometry": {
        "type": "LineString",
        "coordinates": [
          [
            -77.5363945,
            37.5776613
          ],
          [
            -77.5365556,
            37.5775023
          ],
          [
            -77.5367273,
            37.577366
          ],
          [
            -77.5368351,
            37.5772709
          ],
          [
            -77.5369165,
            37.5772055
          ],
          [
            -77.5369443,
            37.5771737
          ],
          [
            -77.5369566,
            37.5771479
          ],
          [
            -77.5369648,
            37.5771171
          ],
          [
            -77.5369706,
            37.5770795
          ],
          [
            -77.5369736,
            37.5770223
          ],
          [
            -77.5369716,
            37.5769751
          ],
          [
            -77.5369665,
            37.5769273
          ],
          [
            -77.5369594,
            37.5768991
          ],
          [
            -77.5369449,
            37.5768675
          ],
          [
            -77.5369199,
            37.5768417
          ],
          [
            -77.5368891,
            37.576813
          ],
          [
            -77.5368465,
            37.576784
          ],
          [
            -77.5367619,
            37.576737
          ],
          [
            -77.5366418,
            37.576677
          ],
          [
            -77.5365694,
            37.5766379
          ],
          [
            -77.5365333,
            37.576606
          ],
          [
            -77.5364986,
            37.5765633
          ],
          [
            -77.5364671,
            37.5765075
          ],
          [
            -77.5364165,
            37.5763701
          ],
          [
            -77.536374,
            37.5762404
          ],
          [
            -77.5363625,
            37.576186
          ],
          [
            -77.5363593,
            37.576115
          ],
          [
            -77.5363615,
            37.5760443
          ],
          [
            -77.5363808,
            37.5759126
          ],
          [
            -77.5363522,
            37.5758716
          ],
          [
            -77.5363321,
            37.575829
          ],
          [
            -77.5363089,
            37.5757984
          ],
          [
            -77.5362784,
            37.5757718
          ],
          [
            -77.5362216,
            37.5757309
          ]
        ]
      },
      "id": "way/264349239"
    },
    {
      "type": "Feature",
      "properties": {
        "@id": "way/264349241",
        "highway": "service",
        "name": "Ryland Circle",
        "service": "parking_aisle",
        "surface": "asphalt"
      },
      "geometry": {
        "type": "LineString",
        "coordinates": [
          [
            -77.5363945,
            37.5776613
          ],
          [
            -77.5364364,
            37.577701
          ],
          [
            -77.5364625,
            37.5777265
          ],
          [
            -77.5365003,
            37.5777301
          ],
          [
            -77.5365644,
            37.5777441
          ],
          [
            -77.5366152,
            37.577765
          ],
          [
            -77.5367177,
            37.5778246
          ],
          [
            -77.5367517,
            37.577855
          ],
          [
            -77.536775,
            37.5778847
          ],
          [
            -77.5367769,
            37.5779104
          ],
          [
            -77.5367724,
            37.5779368
          ],
          [
            -77.5367446,
            37.5779649
          ],
          [
            -77.5367073,
            37.5779905
          ],
          [
            -77.5366724,
            37.5780041
          ],
          [
            -77.5366189,
            37.5780034
          ],
          [
            -77.5365764,
            37.5779928
          ],
          [
            -77.5365479,
            37.5779715
          ],
          [
            -77.5364849,
            37.5779083
          ],
          [
            -77.5364563,
            37.5778799
          ],
          [
            -77.5364384,
            37.5778495
          ],
          [
            -77.5364407,
            37.5777768
          ],
          [
            -77.5364468,
            37.5777571
          ],
          [
            -77.5364625,
            37.5777265
          ]
        ]
      },
      "id": "way/264349241"
    },
    {
      "type": "Feature",
      "properties": {
        "@id": "way/264349244",
        "highway": "service",
        "service": "parking_aisle",
        "surface": "asphalt"
      },
      "geometry": {
        "type": "LineString",
        "coordinates": [
          [
            -77.534696,
            37.5787976
          ],
          [
            -77.5349873,
            37.5783481
          ],
          [
            -77.5350139,
            37.5783038
          ],
          [
            -77.5348904,
            37.5782582
          ],
          [
            -77.5347086,
            37.5784347
          ],
          [
            -77.5346236,
            37.5785549
          ],
          [
            -77.5345023,
            37.5787358
          ],
          [
            -77.534696,
            37.5787976
          ],
          [
            -77.5349021,
            37.5788625
          ]
        ]
      },
      "id": "way/264349244"
    },
    {
      "type": "Feature",
      "properties": {
        "@id": "way/264349245",
        "highway": "service",
        "service": "parking_aisle",
        "surface": "asphalt"
      },
      "geometry": {
        "type": "LineString",
        "coordinates": [
          [
            -77.5374607,
            37.5788563
          ],
          [
            -77.5373706,
            37.578773
          ],
          [
            -77.5373622,
            37.5787361
          ],
          [
            -77.5373565,
            37.5787113
          ],
          [
            -77.5376116,
            37.5784962
          ],
          [
            -77.537647,
            37.5784664
          ],
          [
            -77.5376554,
            37.5784593
          ],
          [
            -77.5377076,
            37.578501
          ],
          [
            -77.5378059,
            37.5785795
          ],
          [
            -77.5374768,
            37.5788712
          ]
        ]
      },
      "id": "way/264349245"
    },
    {
      "type": "Feature",
      "properties": {
        "@id": "way/264349246",
        "highway": "service",
        "service": "parking_aisle"
      },
      "geometry": {
        "type": "LineString",
        "coordinates": [
          [
            -77.5365771,
            37.5799091
          ],
          [
            -77.5365562,
            37.5798164
          ],
          [
            -77.536556,
            37.5797656
          ],
          [
            -77.536556,
            37.5797437
          ],
          [
            -77.5365556,
            37.5796009
          ],
          [
            -77.5365528,
            37.5792317
          ],
          [
            -77.5365528,
            37.5791801
          ],
          [
            -77.5365527,
            37.5791466
          ],
          [
            -77.5365527,
            37.5791304
          ],
          [
            -77.536559,
            37.5790497
          ],
          [
            -77.5365656,
            37.5790208
          ],
          [
            -77.5365825,
            37.5789928
          ],
          [
            -77.5366076,
            37.5789671
          ],
          [
            -77.5366339,
            37.5789432
          ],
          [
            -77.5367779,
            37.5788124
          ]
        ]
      },
      "id": "way/264349246"
    },
    {
      "type": "Feature",
      "properties": {
        "@id": "way/264349247",
        "highway": "service",
        "service": "parking_aisle"
      },
      "geometry": {
        "type": "LineString",
        "coordinates": [
          [
            -77.536556,
            37.5797656
          ],
          [
            -77.5364803,
            37.5797643
          ],
          [
            -77.5361817,
            37.5797574
          ],
          [
            -77.535847,
            37.579644
          ],
          [
            -77.5356336,
            37.579578
          ]
        ]
      },
      "id": "way/264349247"
    },
    {
      "type": "Feature",
      "properties": {
        "@id": "way/264349248",
        "highway": "service",
        "service": "parking_aisle"
      },
      "geometry": {
        "type": "LineString",
        "coordinates": [
          [
            -77.5357427,
            37.579791
          ],
          [
            -77.5357188,
            37.5798465
          ],
          [
            -77.5357507,
            37.5799101
          ],
          [
            -77.5360089,
            37.5802759
          ],
          [
            -77.5361955,
            37.580198
          ],
          [
            -77.5363712,
            37.5801216
          ],
          [
            -77.5362837,
            37.5799809
          ],
          [
            -77.5362855,
            37.5799265
          ]
        ]
      },
      "id": "way/264349248"
    },
    {
      "type": "Feature",
      "properties": {
        "@id": "way/264349249",
        "highway": "service",
        "service": "parking_aisle"
      },
      "geometry": {
        "type": "LineString",
        "coordinates": [
          [
            -77.5361955,
            37.580198
          ],
          [
            -77.5360255,
            37.5799598
          ],
          [
            -77.5360187,
            37.5799149
          ],
          [
            -77.5360372,
            37.5798759
          ]
        ]
      },
      "id": "way/264349249"
    },
    {
      "type": "Feature",
      "properties": {
        "@id": "way/264351903",
        "highway": "service",
        "service": "parking_aisle"
      },
      "geometry": {
        "type": "LineString",
        "coordinates": [
          [
            -77.5381619,
            37.5810935
          ],
          [
            -77.5381983,
            37.5811004
          ],
          [
            -77.538242,
            37.5810999
          ],
          [
            -77.5382839,
            37.5810902
          ],
          [
            -77.5383211,
            37.5810719
          ],
          [
            -77.5383507,
            37.5810465
          ],
          [
            -77.5383708,
            37.5810157
          ],
          [
            -77.5383797,
            37.5809819
          ],
          [
            -77.538377,
            37.5809473
          ],
          [
            -77.5383627,
            37.5809146
          ],
          [
            -77.5383379,
            37.5808861
          ],
          [
            -77.5383045,
            37.5808638
          ],
          [
            -77.5382647,
            37.5808494
          ],
          [
            -77.5382216,
            37.580844
          ],
          [
            -77.5381781,
            37.5808478
          ],
          [
            -77.5381431,
            37.5808583
          ],
          [
            -77.538112,
            37.5808749
          ],
          [
            -77.5380866,
            37.5808968
          ],
          [
            -77.5380682,
            37.5809226
          ],
          [
            -77.5380577,
            37.5809511
          ],
          [
            -77.5380557,
            37.5809808
          ],
          [
            -77.5380624,
            37.58101
          ],
          [
            -77.5380773,
            37.5810372
          ],
          [
            -77.5380997,
            37.581061
          ],
          [
            -77.5381284,
            37.5810801
          ],
          [
            -77.5381619,
            37.5810935
          ]
        ]
      },
      "id": "way/264351903"
    },
    {
      "type": "Feature",
      "properties": {
        "@id": "way/264351906",
        "highway": "service",
        "service": "parking_aisle"
      },
      "geometry": {
        "type": "LineString",
        "coordinates": [
          [
            -77.5381983,
            37.5811004
          ],
          [
            -77.538184,
            37.5812124
          ],
          [
            -77.5381811,
            37.5812352
          ],
          [
            -77.5381748,
            37.5812846
          ]
        ]
      },
      "id": "way/264351906"
    },
    {
      "type": "Feature",
      "properties": {
        "@id": "way/264351908",
        "highway": "service",
        "service": "parking_aisle"
      },
      "geometry": {
        "type": "LineString",
        "coordinates": [
          [
            -77.5381781,
            37.5808478
          ],
          [
            -77.538158,
            37.5808008
          ],
          [
            -77.5378219,
            37.5803181
          ]
        ]
      },
      "id": "way/264351908"
    },
    {
      "type": "Feature",
      "properties": {
        "@id": "way/264351910",
        "highway": "service",
        "service": "parking_aisle",
        "surface": "asphalt"
      },
      "geometry": {
        "type": "LineString",
        "coordinates": [
          [
            -77.5378464,
            37.5812873
          ],
          [
            -77.5378541,
            37.581336
          ],
          [
            -77.5378545,
            37.5813546
          ],
          [
            -77.5378476,
            37.5814243
          ],
          [
            -77.5378342,
            37.5814519
          ],
          [
            -77.5378342,
            37.5815327
          ],
          [
            -77.5378739,
            37.5815988
          ],
          [
            -77.5379478,
            37.5817478
          ],
          [
            -77.5379488,
            37.5817703
          ],
          [
            -77.5379341,
            37.5817877
          ],
          [
            -77.5368445,
            37.5822809
          ],
          [
            -77.5367774,
            37.5822682
          ],
          [
            -77.5366541,
            37.5822214
          ],
          [
            -77.5366326,
            37.5821907
          ],
          [
            -77.5365379,
            37.582055
          ],
          [
            -77.5364746,
            37.5819645
          ],
          [
            -77.5364634,
            37.5819485
          ],
          [
            -77.5364363,
            37.5819097
          ]
        ]
      },
      "id": "way/264351910"
    },
    {
      "type": "Feature",
      "properties": {
        "@id": "way/264351913",
        "highway": "service",
        "service": "parking_aisle",
        "surface": "asphalt"
      },
      "geometry": {
        "type": "LineString",
        "coordinates": [
          [
            -77.5378739,
            37.5815988
          ],
          [
            -77.5366326,
            37.5821907
          ]
        ]
      },
      "id": "way/264351913"
    },
    {
      "type": "Feature",
      "properties": {
        "@id": "way/264351915",
        "highway": "service",
        "service": "parking_aisle",
        "surface": "asphalt"
      },
      "geometry": {
        "type": "LineString",
        "coordinates": [
          [
            -77.5378342,
            37.5814519
          ],
          [
            -77.537743,
            37.5814774
          ],
          [
            -77.537365,
            37.5816586
          ],
          [
            -77.5365379,
            37.582055
          ],
          [
            -77.5361766,
            37.5822129
          ]
        ]
      },
      "id": "way/264351915"
    },
    {
      "type": "Feature",
      "properties": {
        "@id": "way/264351917",
        "highway": "service",
        "service": "parking_aisle",
        "surface": "asphalt"
      },
      "geometry": {
        "type": "LineString",
        "coordinates": [
          [
            -77.53815,
            37.5817681
          ],
          [
            -77.5380515,
            37.5815518
          ],
          [
            -77.5380059,
            37.5814902
          ],
          [
            -77.5379147,
            37.5814562
          ],
          [
            -77.5378342,
            37.5814519
          ]
        ]
      },
      "id": "way/264351917"
    },
    {
      "type": "Feature",
      "properties": {
        "@id": "way/264351919",
        "highway": "service",
        "name": "Old Fraternity Row",
        "service": "parking_aisle"
      },
      "geometry": {
        "type": "LineString",
        "coordinates": [
          [
            -77.5397775,
            37.5815278
          ],
          [
            -77.5397715,
            37.5815895
          ],
          [
            -77.5397617,
            37.58169
          ],
          [
            -77.5400092,
            37.5817307
          ],
          [
            -77.5400886,
            37.581838
          ],
          [
            -77.5401353,
            37.5819047
          ],
          [
            -77.5399541,
            37.5819898
          ],
          [
            -77.5397772,
            37.5820729
          ],
          [
            -77.5395876,
            37.582162
          ],
          [
            -77.5393927,
            37.5822535
          ],
          [
            -77.5392293,
            37.5823303
          ],
          [
            -77.5390907,
            37.5821588
          ],
          [
            -77.5389624,
            37.582
          ],
          [
            -77.5386222,
            37.581579
          ],
          [
            -77.5386409,
            37.5815383
          ],
          [
            -77.5388963,
            37.5815701
          ],
          [
            -77.5392033,
            37.5816144
          ],
          [
            -77.539503,
            37.581655
          ],
          [
            -77.5397617,
            37.58169
          ]
        ]
      },
      "id": "way/264351919"
    },
    {
      "type": "Feature",
      "properties": {
        "@id": "way/264351924",
        "highway": "service",
        "service": "parking_aisle"
      },
      "geometry": {
        "type": "LineString",
        "coordinates": [
          [
            -77.5389393,
            37.5814051
          ],
          [
            -77.538923,
            37.5814675
          ],
          [
            -77.5388963,
            37.5815701
          ],
          [
            -77.5389398,
            37.5816493
          ],
          [
            -77.5393927,
            37.5822535
          ]
        ]
      },
      "id": "way/264351924"
    },
    {
      "type": "Feature",
      "properties": {
        "@id": "way/264351927",
        "highway": "service",
        "service": "parking_aisle"
      },
      "geometry": {
        "type": "LineString",
        "coordinates": [
          [
            -77.5395876,
            37.582162
          ],
          [
            -77.5392293,
            37.5816974
          ],
          [
            -77.5392013,
            37.5816567
          ],
          [
            -77.5392033,
            37.5816144
          ]
        ]
      },
      "id": "way/264351927"
    },
    {
      "type": "Feature",
      "properties": {
        "@id": "way/264351929",
        "highway": "service",
        "service": "parking_aisle"
      },
      "geometry": {
        "type": "LineString",
        "coordinates": [
          [
            -77.5397772,
            37.5820729
          ],
          [
            -77.5395002,
            37.5817196
          ],
          [
            -77.539503,
            37.581655
          ]
        ]
      },
      "id": "way/264351929"
    },
    {
      "type": "Feature",
      "properties": {
        "@id": "way/264351931",
        "highway": "service",
        "service": "parking_aisle"
      },
      "geometry": {
        "type": "LineString",
        "coordinates": [
          [
            -77.5399541,
            37.5819898
          ],
          [
            -77.5397664,
            37.5817418
          ],
          [
            -77.5397617,
            37.58169
          ]
        ]
      },
      "id": "way/264351931"
    },
    {
      "type": "Feature",
      "properties": {
        "@id": "way/264351933",
        "highway": "service",
        "name": "New Fraternity Row",
        "service": "parking_aisle"
      },
      "geometry": {
        "type": "LineString",
        "coordinates": [
          [
            -77.5407385,
            37.5808148
          ],
          [
            -77.5408088,
            37.5808337
          ],
          [
            -77.5409105,
            37.580861
          ],
          [
            -77.5410121,
            37.5809038
          ],
          [
            -77.5410609,
            37.5809439
          ],
          [
            -77.5410893,
            37.5809923
          ],
          [
            -77.5410973,
            37.5810452
          ],
          [
            -77.5410868,
            37.5810972
          ],
          [
            -77.5408909,
            37.5813228
          ],
          [
            -77.5408315,
            37.5814038
          ],
          [
            -77.5407977,
            37.5814893
          ],
          [
            -77.5407872,
            37.5815354
          ],
          [
            -77.5407809,
            37.5816142
          ],
          [
            -77.5407943,
            37.5816942
          ],
          [
            -77.5408286,
            37.5818165
          ],
          [
            -77.5408777,
            37.5819271
          ],
          [
            -77.5409863,
            37.5821093
          ]
        ]
      },
      "id": "way/264351933"
    },
    {
      "type": "Feature",
      "properties": {
        "@id": "way/264364118",
        "highway": "service",
        "surface": "asphalt"
      },
      "geometry": {
        "type": "LineString",
        "coordinates": [
          [
            -77.5410995,
            37.580555
          ],
          [
            -77.5410513,
            37.5805092
          ],
          [
            -77.5409071,
            37.5802885
          ],
          [
            -77.5407944,
            37.58011
          ],
          [
            -77.5407163,
            37.5799419
          ],
          [
            -77.5406885,
            37.5799118
          ],
          [
            -77.5406633,
            37.5799012
          ],
          [
            -77.5406413,
            37.579892
          ],
          [
            -77.5405612,
            37.5798797
          ],
          [
            -77.5404779,
            37.5798677
          ],
          [
            -77.5405192,
            37.5800022
          ],
          [
            -77.5407202,
            37.5802922
          ],
          [
            -77.5407298,
            37.5803121
          ],
          [
            -77.5407323,
            37.5803334
          ],
          [
            -77.5406818,
            37.5804416
          ],
          [
            -77.5406491,
            37.5804804
          ],
          [
            -77.5406174,
            37.5805181
          ],
          [
            -77.5405751,
            37.5805588
          ],
          [
            -77.5405315,
            37.5805885
          ],
          [
            -77.5404731,
            37.5806169
          ],
          [
            -77.540352,
            37.5806704
          ],
          [
            -77.5402925,
            37.5806962
          ],
          [
            -77.5401721,
            37.5807496
          ],
          [
            -77.5401096,
            37.5807772
          ],
          [
            -77.5399913,
            37.5808285
          ],
          [
            -77.5399293,
            37.5808554
          ],
          [
            -77.5398034,
            37.5809115
          ],
          [
            -77.5394336,
            37.5810656
          ],
          [
            -77.5390688,
            37.5812176
          ],
          [
            -77.539061,
            37.5812208
          ],
          [
            -77.5390002,
            37.5812662
          ],
          [
            -77.5389819,
            37.5812849
          ],
          [
            -77.5389663,
            37.58131
          ],
          [
            -77.538956,
            37.5813385
          ],
          [
            -77.5389393,
            37.5814051
          ]
        ]
      },
      "id": "way/264364118"
    },
    {
      "type": "Feature",
      "properties": {
        "@id": "way/264364119",
        "highway": "service",
        "surface": "asphalt"
      },
      "geometry": {
        "type": "LineString",
        "coordinates": [
          [
            -77.5404779,
            37.5798677
          ],
          [
            -77.540317,
            37.5796976
          ],
          [
            -77.5402865,
            37.5796672
          ],
          [
            -77.5402619,
            37.5796372
          ],
          [
            -77.5402312,
            37.5795998
          ],
          [
            -77.5399306,
            37.5791637
          ],
          [
            -77.5399135,
            37.5791504
          ],
          [
            -77.5397718,
            37.5791955
          ],
          [
            -77.5397262,
            37.57921
          ],
          [
            -77.5396121,
            37.5792497
          ],
          [
            -77.5395341,
            37.5792765
          ],
          [
            -77.5393431,
            37.5793431
          ],
          [
            -77.5392981,
            37.5793589
          ],
          [
            -77.539194,
            37.5793956
          ],
          [
            -77.5391621,
            37.5794139
          ],
          [
            -77.5391819,
            37.5794424
          ],
          [
            -77.5395327,
            37.5799481
          ],
          [
            -77.5395583,
            37.579985
          ]
        ]
      },
      "id": "way/264364119"
    },
    {
      "type": "Feature",
      "properties": {
        "@id": "way/264364120",
        "highway": "service",
        "service": "parking_aisle",
        "surface": "asphalt"
      },
      "geometry": {
        "type": "LineString",
        "coordinates": [
          [
            -77.5406491,
            37.5804804
          ],
          [
            -77.5405843,
            37.5804355
          ],
          [
            -77.5401275,
            37.5797768
          ],
          [
            -77.5401041,
            37.5797431
          ],
          [
            -77.5400842,
            37.579715
          ],
          [
            -77.5397505,
            37.5792443
          ],
          [
            -77.5397262,
            37.57921
          ]
        ]
      },
      "id": "way/264364120"
    },
    {
      "type": "Feature",
      "properties": {
        "@id": "way/264364121",
        "highway": "service",
        "service": "parking_aisle",
        "surface": "asphalt"
      },
      "geometry": {
        "type": "LineString",
        "coordinates": [
          [
            -77.5404731,
            37.5806169
          ],
          [
            -77.5404516,
            37.580586
          ],
          [
            -77.5399453,
            37.5798574
          ],
          [
            -77.539923,
            37.5798253
          ],
          [
            -77.5399025,
            37.5797963
          ],
          [
            -77.5395579,
            37.57931
          ],
          [
            -77.5395341,
            37.5792765
          ]
        ]
      },
      "id": "way/264364121"
    },
    {
      "type": "Feature",
      "properties": {
        "@id": "way/264364122",
        "highway": "service",
        "service": "parking_aisle",
        "surface": "asphalt"
      },
      "geometry": {
        "type": "LineString",
        "coordinates": [
          [
            -77.5402925,
            37.5806962
          ],
          [
            -77.5402714,
            37.580666
          ],
          [
            -77.5397623,
            37.5799374
          ],
          [
            -77.5397406,
            37.5799064
          ],
          [
            -77.5397195,
            37.5798765
          ],
          [
            -77.5393678,
            37.5793782
          ],
          [
            -77.5393431,
            37.5793431
          ]
        ]
      },
      "id": "way/264364122"
    },
    {
      "type": "Feature",
      "properties": {
        "@id": "way/264364123",
        "highway": "service",
        "service": "parking_aisle",
        "surface": "asphalt"
      },
      "geometry": {
        "type": "LineString",
        "coordinates": [
          [
            -77.5399293,
            37.5808554
          ],
          [
            -77.5399093,
            37.5808267
          ],
          [
            -77.5393784,
            37.5800652
          ]
        ]
      },
      "id": "way/264364123"
    },
    {
      "type": "Feature",
      "properties": {
        "@id": "way/264364124",
        "highway": "service",
        "service": "parking_aisle",
        "surface": "asphalt"
      },
      "geometry": {
        "type": "LineString",
        "coordinates": [
          [
            -77.540352,
            37.5806704
          ],
          [
            -77.5403725,
            37.5807009
          ],
          [
            -77.5404279,
            37.5807831
          ]
        ]
      },
      "id": "way/264364124"
    },
    {
      "type": "Feature",
      "properties": {
        "@id": "way/264364125",
        "highway": "service",
        "service": "parking_aisle",
        "surface": "asphalt"
      },
      "geometry": {
        "type": "LineString",
        "coordinates": [
          [
            -77.5401721,
            37.5807496
          ],
          [
            -77.5401929,
            37.5807807
          ],
          [
            -77.5402932,
            37.5809304
          ],
          [
            -77.540334,
            37.5809914
          ]
        ]
      },
      "id": "way/264364125"
    },
    {
      "type": "Feature",
      "properties": {
        "@id": "way/264364126",
        "highway": "service",
        "service": "parking_aisle",
        "surface": "asphalt"
      },
      "geometry": {
        "type": "LineString",
        "coordinates": [
          [
            -77.5402187,
            37.5811551
          ],
          [
            -77.5400136,
            37.5808605
          ],
          [
            -77.5399913,
            37.5808285
          ]
        ]
      },
      "id": "way/264364126"
    },
    {
      "type": "Feature",
      "properties": {
        "@id": "way/264364127",
        "highway": "service",
        "surface": "asphalt"
      },
      "geometry": {
        "type": "LineString",
        "coordinates": [
          [
            -77.5398034,
            37.5809115
          ],
          [
            -77.5397655,
            37.5808576
          ],
          [
            -77.5397401,
            37.5808216
          ],
          [
            -77.5393024,
            37.580196
          ],
          [
            -77.539294,
            37.5801549
          ],
          [
            -77.5393036,
            37.5801244
          ],
          [
            -77.5393335,
            37.580091
          ],
          [
            -77.5393784,
            37.5800652
          ],
          [
            -77.5395583,
            37.579985
          ],
          [
            -77.5397406,
            37.5799064
          ],
          [
            -77.539923,
            37.5798253
          ],
          [
            -77.5401041,
            37.5797431
          ],
          [
            -77.5402478,
            37.5796833
          ],
          [
            -77.5402865,
            37.5796672
          ]
        ]
      },
      "id": "way/264364127"
    },
    {
      "type": "Feature",
      "properties": {
        "@id": "way/298698199",
        "highway": "service",
        "service": "parking_aisle"
      },
      "geometry": {
        "type": "LineString",
        "coordinates": [
          [
            -77.5445524,
            37.575327
          ],
          [
            -77.5443441,
            37.5753415
          ],
          [
            -77.5442346,
            37.5753431
          ],
          [
            -77.5441949,
            37.5753464
          ],
          [
            -77.5441678,
            37.5753581
          ],
          [
            -77.5441468,
            37.5753773
          ],
          [
            -77.5441371,
            37.5754002
          ],
          [
            -77.544175,
            37.5760571
          ],
          [
            -77.5443847,
            37.5760445
          ],
          [
            -77.5445883,
            37.5760391
          ],
          [
            -77.544557,
            37.575418
          ],
          [
            -77.5445524,
            37.575327
          ],
          [
            -77.5445517,
            37.5752181
          ],
          [
            -77.5445514,
            37.5751711
          ]
        ]
      },
      "id": "way/298698199"
    },
    {
      "type": "Feature",
      "properties": {
        "@id": "way/355642426",
        "footway": "link",
        "highway": "footway",
        "surface": "asphalt"
      },
      "geometry": {
        "type": "LineString",
        "coordinates": [
          [
            -77.5417508,
            37.5785681
          ],
          [
            -77.5416749,
            37.5785835
          ]
        ]
      },
      "id": "way/355642426"
    },
    {
      "type": "Feature",
      "properties": {
        "@id": "way/355642427",
        "bicycle": "yes",
        "highway": "footway",
        "surface": "asphalt"
      },
      "geometry": {
        "type": "LineString",
        "coordinates": [
          [
            -77.5394165,
            37.5754668
          ],
          [
            -77.539439,
            37.5754806
          ],
          [
            -77.5394662,
            37.5754882
          ],
          [
            -77.5395004,
            37.5754874
          ],
          [
            -77.5395301,
            37.5754814
          ],
          [
            -77.5395572,
            37.5754722
          ],
          [
            -77.5395853,
            37.5754574
          ],
          [
            -77.5396453,
            37.5754096
          ],
          [
            -77.5397091,
            37.5753604
          ],
          [
            -77.5397422,
            37.5753399
          ],
          [
            -77.5397861,
            37.5753175
          ],
          [
            -77.5398383,
            37.5752992
          ],
          [
            -77.5398889,
            37.5752892
          ],
          [
            -77.5399694,
            37.5752798
          ],
          [
            -77.5400057,
            37.5752804
          ],
          [
            -77.5400875,
            37.5752975
          ],
          [
            -77.5401896,
            37.5753365
          ],
          [
            -77.5402207,
            37.5753512
          ],
          [
            -77.5404061,
            37.575535
          ],
          [
            -77.5405716,
            37.575702
          ],
          [
            -77.5406253,
            37.5758027
          ],
          [
            -77.5406518,
            37.5758812
          ],
          [
            -77.5406509,
            37.5760474
          ],
          [
            -77.540667,
            37.5761681
          ],
          [
            -77.5406697,
            37.5762616
          ],
          [
            -77.5406746,
            37.5763124
          ],
          [
            -77.540679,
            37.5763296
          ],
          [
            -77.5406936,
            37.5763579
          ],
          [
            -77.5407187,
            37.5763975
          ],
          [
            -77.5408148,
            37.5764971
          ],
          [
            -77.5409186,
            37.5766429
          ],
          [
            -77.5409632,
            37.5766913
          ],
          [
            -77.5409948,
            37.5767164
          ],
          [
            -77.5410184,
            37.5767332
          ],
          [
            -77.541043,
            37.5767462
          ],
          [
            -77.541142,
            37.5767736
          ],
          [
            -77.5413216,
            37.5768281
          ],
          [
            -77.5413637,
            37.5768445
          ],
          [
            -77.541395,
            37.5768623
          ],
          [
            -77.5414154,
            37.5768789
          ],
          [
            -77.5414421,
            37.5769069
          ],
          [
            -77.5414619,
            37.5769371
          ],
          [
            -77.5414691,
            37.576959
          ],
          [
            -77.5414743,
            37.5769861
          ],
          [
            -77.5414777,
            37.577041
          ],
          [
            -77.541474,
            37.5770762
          ],
          [
            -77.5414616,
            37.5771083
          ],
          [
            -77.5414303,
            37.5771812
          ],
          [
            -77.5414227,
            37.5772101
          ],
          [
            -77.541423,
            37.5772424
          ],
          [
            -77.5414287,
            37.5772833
          ],
          [
            -77.5414502,
            37.5773519
          ],
          [
            -77.5414671,
            37.5773891
          ],
          [
            -77.541494,
            37.5774188
          ],
          [
            -77.5415316,
            37.5774428
          ],
          [
            -77.541584,
            37.5774658
          ],
          [
            -77.5417258,
            37.5774989
          ],
          [
            -77.5418441,
            37.5775269
          ],
          [
            -77.5419236,
            37.5775588
          ],
          [
            -77.541984,
            37.57759
          ],
          [
            -77.5420282,
            37.5776219
          ],
          [
            -77.542121,
            37.5776958
          ],
          [
            -77.5421514,
            37.5777101
          ],
          [
            -77.5421895,
            37.5777185
          ],
          [
            -77.5422441,
            37.5777186
          ],
          [
            -77.5422809,
            37.5777294
          ],
          [
            -77.5423237,
            37.5777491
          ],
          [
            -77.5423204,
            37.577771
          ]
        ]
      },
      "id": "way/355642427"
    },
    {
      "type": "Feature",
      "properties": {
        "@id": "way/382670391",
        "highway": "footway"
      },
      "geometry": {
        "type": "LineString",
        "coordinates": [
          [
            -77.5365198,
            37.5782715
          ],
          [
            -77.536304,
            37.5784782
          ],
          [
            -77.5362763,
            37.5785091
          ],
          [
            -77.5362643,
            37.5785311
          ],
          [
            -77.5362422,
            37.5785783
          ],
          [
            -77.5362175,
            37.5786022
          ],
          [
            -77.5361537,
            37.5786606
          ],
          [
            -77.5361405,
            37.5786525
          ],
          [
            -77.5361224,
            37.5786701
          ],
          [
            -77.5361043,
            37.5786859
          ],
          [
            -77.5361132,
            37.5786954
          ],
          [
            -77.5359941,
            37.5788035
          ],
          [
            -77.535893,
            37.5788923
          ],
          [
            -77.5356526,
            37.5791104
          ],
          [
            -77.5356149,
            37.5790914
          ],
          [
            -77.5355744,
            37.5790733
          ],
          [
            -77.5355258,
            37.5790583
          ],
          [
            -77.5354438,
            37.5790387
          ],
          [
            -77.5353316,
            37.5790173
          ],
          [
            -77.5352785,
            37.5790119
          ],
          [
            -77.5348999,
            37.5793356
          ],
          [
            -77.5348915,
            37.5793427
          ]
        ]
      },
      "id": "way/382670391"
    },
    {
      "type": "Feature",
      "properties": {
        "@id": "way/382670395",
        "highway": "footway"
      },
      "geometry": {
        "type": "LineString",
        "coordinates": [
          [
            -77.5376072,
            37.577892
          ],
          [
            -77.5376188,
            37.5776955
          ],
          [
            -77.5376237,
            37.5776525
          ],
          [
            -77.5376126,
            37.5776138
          ],
          [
            -77.5375667,
            37.5774261
          ],
          [
            -77.5375792,
            37.5773997
          ],
          [
            -77.537608,
            37.5773274
          ],
          [
            -77.5377079,
            37.577116
          ],
          [
            -77.5377399,
            37.5770433
          ],
          [
            -77.537758,
            37.5770008
          ],
          [
            -77.5377553,
            37.5769442
          ],
          [
            -77.5377483,
            37.5769077
          ],
          [
            -77.5377342,
            37.5768451
          ],
          [
            -77.5376828,
            37.5767979
          ],
          [
            -77.5376016,
            37.5767333
          ],
          [
            -77.5375953,
            37.576585
          ],
          [
            -77.5376473,
            37.5765412
          ],
          [
            -77.5378452,
            37.5765447
          ],
          [
            -77.5379034,
            37.5765725
          ],
          [
            -77.5379327,
            37.5765394
          ],
          [
            -77.5379842,
            37.5765091
          ],
          [
            -77.5380378,
            37.5764835
          ],
          [
            -77.538081,
            37.576452
          ],
          [
            -77.5382391,
            37.5763127
          ],
          [
            -77.5383874,
            37.5761755
          ]
        ]
      },
      "id": "way/382670395"
    },
    {
      "type": "Feature",
      "properties": {
        "@id": "way/382670398",
        "highway": "footway"
      },
      "geometry": {
        "type": "LineString",
        "coordinates": [
          [
            -77.5371786,
            37.5777754
          ],
          [
            -77.5372679,
            37.5776973
          ],
          [
            -77.5373336,
            37.5777461
          ],
          [
            -77.5374392,
            37.5778187
          ],
          [
            -77.5374978,
            37.5777672
          ],
          [
            -77.5373542,
            37.5776223
          ],
          [
            -77.5373674,
            37.5776096
          ],
          [
            -77.5376237,
            37.5776525
          ],
          [
            -77.5379448,
            37.5776204
          ],
          [
            -77.5377375,
            37.5778051
          ],
          [
            -77.5376237,
            37.5776525
          ],
          [
            -77.5374978,
            37.5777672
          ],
          [
            -77.5376072,
            37.577892
          ],
          [
            -77.5376139,
            37.5779153
          ],
          [
            -77.5377375,
            37.5778051
          ]
        ]
      },
      "id": "way/382670398"
    },
    {
      "type": "Feature",
      "properties": {
        "@id": "way/423965521",
        "highway": "service",
        "service": "parking_aisle",
        "surface": "asphalt"
      },
      "geometry": {
        "type": "LineString",
        "coordinates": [
          [
            -77.5373723,
            37.5702117
          ],
          [
            -77.5373608,
            37.5702509
          ],
          [
            -77.5373369,
            37.570332
          ],
          [
            -77.537321,
            37.5704272
          ],
          [
            -77.5373252,
            37.5705203
          ],
          [
            -77.5373437,
            37.5706123
          ],
          [
            -77.5373742,
            37.5707012
          ],
          [
            -77.5374099,
            37.570784
          ],
          [
            -77.5374629,
            37.5708668
          ],
          [
            -77.5375376,
            37.5709456
          ],
          [
            -77.5376229,
            37.5710158
          ],
          [
            -77.5377135,
            37.571071
          ],
          [
            -77.5378068,
            37.5711135
          ],
          [
            -77.5379162,
            37.5711519
          ],
          [
            -77.5380257,
            37.5711796
          ],
          [
            -77.5381424,
            37.5711907
          ],
          [
            -77.5382428,
            37.5711926
          ],
          [
            -77.5383409,
            37.5711898
          ],
          [
            -77.5384121,
            37.5711805
          ],
          [
            -77.5384868,
            37.5711685
          ],
          [
            -77.538496,
            37.5711683
          ],
          [
            -77.5385347,
            37.5711676
          ],
          [
            -77.5386179,
            37.5711725
          ],
          [
            -77.5386416,
            37.5711694
          ],
          [
            -77.5386617,
            37.5711593
          ],
          [
            -77.5386774,
            37.5711446
          ],
          [
            -77.5386904,
            37.5711244
          ],
          [
            -77.5386975,
            37.5710899
          ],
          [
            -77.5387035,
            37.5710422
          ],
          [
            -77.5387095,
            37.5709935
          ]
        ]
      },
      "id": "way/423965521"
    },
    {
      "type": "Feature",
      "properties": {
        "@id": "way/423965755",
        "highway": "service",
        "service": "parking_aisle",
        "surface": "asphalt"
      },
      "geometry": {
        "type": "LineString",
        "coordinates": [
          [
            -77.5408654,
            37.5721674
          ],
          [
            -77.5408943,
            37.5720956
          ],
          [
            -77.5409621,
            37.5719909
          ],
          [
            -77.541156,
            37.5716897
          ],
          [
            -77.5412033,
            37.5716387
          ]
        ]
      },
      "id": "way/423965755"
    },
    {
      "type": "Feature",
      "properties": {
        "@id": "way/423965756",
        "highway": "service",
        "service": "parking_aisle",
        "surface": "asphalt"
      },
      "geometry": {
        "type": "LineString",
        "coordinates": [
          [
            -77.541156,
            37.5716897
          ],
          [
            -77.5411119,
            37.5716642
          ],
          [
            -77.5410863,
            37.571653
          ],
          [
            -77.5410678,
            37.5716408
          ],
          [
            -77.5410447,
            37.5716249
          ],
          [
            -77.5410062,
            37.5716066
          ],
          [
            -77.5404115,
            37.5713697
          ],
          [
            -77.5403323,
            37.5713394
          ],
          [
            -77.5402804,
            37.5713195
          ],
          [
            -77.5402454,
            37.5713121
          ],
          [
            -77.540201,
            37.5713112
          ],
          [
            -77.5401924,
            37.5713124
          ],
          [
            -77.5401613,
            37.5713168
          ],
          [
            -77.5401298,
            37.5713297
          ],
          [
            -77.5401029,
            37.5713538
          ],
          [
            -77.5399839,
            37.5715324
          ],
          [
            -77.5399769,
            37.5715638
          ],
          [
            -77.5399827,
            37.5715879
          ],
          [
            -77.5399905,
            37.5715987
          ],
          [
            -77.5399967,
            37.5716073
          ],
          [
            -77.5400166,
            37.5716221
          ],
          [
            -77.5401322,
            37.571667
          ],
          [
            -77.5408864,
            37.5719598
          ],
          [
            -77.5409621,
            37.5719909
          ]
        ]
      },
      "id": "way/423965756"
    },
    {
      "type": "Feature",
      "properties": {
        "@id": "way/423965757",
        "highway": "service",
        "service": "parking_aisle",
        "surface": "asphalt"
      },
      "geometry": {
        "type": "LineString",
        "coordinates": [
          [
            -77.5401924,
            37.5713124
          ],
          [
            -77.540186,
            37.5712416
          ],
          [
            -77.5401843,
            37.5712223
          ],
          [
            -77.5401806,
            37.5711803
          ]
        ]
      },
      "id": "way/423965757"
    },
    {
      "type": "Feature",
      "properties": {
        "@id": "way/423965758",
        "highway": "service",
        "service": "parking_aisle",
        "surface": "asphalt"
      },
      "geometry": {
        "type": "LineString",
        "coordinates": [
          [
            -77.5401322,
            37.571667
          ],
          [
            -77.5403323,
            37.5713394
          ]
        ]
      },
      "id": "way/423965758"
    },
    {
      "type": "Feature",
      "properties": {
        "@id": "way/427490045",
        "highway": "footway"
      },
      "geometry": {
        "type": "LineString",
        "coordinates": [
          [
            -77.5405716,
            37.575702
          ],
          [
            -77.5407124,
            37.5757561
          ],
          [
            -77.5408207,
            37.5757978
          ],
          [
            -77.5408819,
            37.575809
          ],
          [
            -77.5410201,
            37.5758132
          ],
          [
            -77.5414611,
            37.575777
          ],
          [
            -77.5417722,
            37.5757445
          ],
          [
            -77.5418344,
            37.5757398
          ],
          [
            -77.5418841,
            37.5757361
          ],
          [
            -77.5419295,
            37.5757361
          ],
          [
            -77.5419653,
            37.575742
          ],
          [
            -77.5421372,
            37.5758083
          ],
          [
            -77.5421864,
            37.5758334
          ],
          [
            -77.5422066,
            37.575846
          ]
        ]
      },
      "id": "way/427490045"
    },
    {
      "type": "Feature",
      "properties": {
        "@id": "way/427490047",
        "highway": "footway",
        "surface": "unpaved"
      },
      "geometry": {
        "type": "LineString",
        "coordinates": [
          [
            -77.5422066,
            37.575846
          ],
          [
            -77.5421816,
            37.5758681
          ],
          [
            -77.5421393,
            37.5759125
          ],
          [
            -77.5421017,
            37.5759772
          ],
          [
            -77.5420233,
            37.5761515
          ],
          [
            -77.5420199,
            37.5761596
          ],
          [
            -77.5419696,
            37.5762799
          ],
          [
            -77.5419512,
            37.5763467
          ]
        ]
      },
      "id": "way/427490047"
    },
    {
      "type": "Feature",
      "properties": {
        "@id": "way/427490048",
        "bicycle": "yes",
        "highway": "footway",
        "surface": "unpaved"
      },
      "geometry": {
        "type": "LineString",
        "coordinates": [
          [
            -77.5430074,
            37.5768531
          ],
          [
            -77.542945,
            37.576988
          ],
          [
            -77.5429832,
            37.5770032
          ],
          [
            -77.5430188,
            37.5770238
          ],
          [
            -77.5430504,
            37.5770471
          ],
          [
            -77.5430809,
            37.577083
          ],
          [
            -77.5431171,
            37.5771302
          ],
          [
            -77.5431562,
            37.5771678
          ],
          [
            -77.5432116,
            37.5772031
          ],
          [
            -77.5432717,
            37.5772296
          ],
          [
            -77.5433569,
            37.5772454
          ],
          [
            -77.5434553,
            37.5772629
          ],
          [
            -77.5434708,
            37.5772869
          ],
          [
            -77.5434648,
            37.5773229
          ],
          [
            -77.5434318,
            37.5773681
          ],
          [
            -77.5433074,
            37.5774626
          ],
          [
            -77.5432391,
            37.5775096
          ],
          [
            -77.5431437,
            37.5776319
          ],
          [
            -77.5430772,
            37.577758
          ],
          [
            -77.5429575,
            37.5775984
          ],
          [
            -77.5427675,
            37.5775509
          ],
          [
            -77.5425266,
            37.5774969
          ],
          [
            -77.542398,
            37.5774729
          ]
        ]
      },
      "id": "way/427490048"
    },
    {
      "type": "Feature",
      "properties": {
        "@id": "way/427490050",
        "bicycle": "yes",
        "highway": "footway",
        "surface": "gravel"
      },
      "geometry": {
        "type": "LineString",
        "coordinates": [
          [
            -77.5430772,
            37.577758
          ],
          [
            -77.5433051,
            37.5777618
          ],
          [
            -77.5435391,
            37.5777414
          ],
          [
            -77.54371,
            37.5776987
          ],
          [
            -77.5437759,
            37.5776839
          ],
          [
            -77.5439327,
            37.5776625
          ],
          [
            -77.5439451,
            37.5776689
          ],
          [
            -77.5439809,
            37.5776874
          ],
          [
            -77.544031,
            37.5776921
          ]
        ]
      },
      "id": "way/427490050"
    },
    {
      "type": "Feature",
      "properties": {
        "@id": "way/427490053",
        "highway": "footway"
      },
      "geometry": {
        "type": "LineString",
        "coordinates": [
          [
            -77.5379034,
            37.5765725
          ],
          [
            -77.5378845,
            37.5765941
          ],
          [
            -77.5378122,
            37.5766767
          ],
          [
            -77.5377587,
            37.5767339
          ],
          [
            -77.5376828,
            37.5767979
          ],
          [
            -77.5374187,
            37.5770277
          ],
          [
            -77.5373862,
            37.5770559
          ],
          [
            -77.5372225,
            37.5772071
          ],
          [
            -77.5370452,
            37.5773708
          ],
          [
            -77.5367351,
            37.577644
          ],
          [
            -77.5366421,
            37.5777364
          ],
          [
            -77.5366336,
            37.5777453
          ]
        ]
      },
      "id": "way/427490053"
    },
    {
      "type": "Feature",
      "properties": {
        "@id": "way/427490055",
        "highway": "footway"
      },
      "geometry": {
        "type": "LineString",
        "coordinates": [
          [
            -77.5375953,
            37.576585
          ],
          [
            -77.5374632,
            37.5766954
          ],
          [
            -77.5372201,
            37.5768972
          ],
          [
            -77.5370471,
            37.5770441
          ],
          [
            -77.5370291,
            37.577045
          ]
        ]
      },
      "id": "way/427490055"
    },
    {
      "type": "Feature",
      "properties": {
        "@id": "way/427490057",
        "highway": "footway"
      },
      "geometry": {
        "type": "LineString",
        "coordinates": [
          [
            -77.5374713,
            37.5763894
          ],
          [
            -77.5375909,
            37.5762859
          ],
          [
            -77.5377516,
            37.5764118
          ],
          [
            -77.5377763,
            37.5764226
          ],
          [
            -77.5377419,
            37.5764613
          ],
          [
            -77.5376473,
            37.5765412
          ]
        ]
      },
      "id": "way/427490057"
    },
    {
      "type": "Feature",
      "properties": {
        "@id": "way/427490058",
        "highway": "footway"
      },
      "geometry": {
        "type": "LineString",
        "coordinates": [
          [
            -77.5377419,
            37.5764613
          ],
          [
            -77.5378452,
            37.5765447
          ]
        ]
      },
      "id": "way/427490058"
    },
    {
      "type": "Feature",
      "properties": {
        "@id": "way/427490060",
        "highway": "footway"
      },
      "geometry": {
        "type": "LineString",
        "coordinates": [
          [
            -77.5382391,
            37.5763127
          ],
          [
            -77.5382441,
            37.5763646
          ],
          [
            -77.5382468,
            37.5763926
          ],
          [
            -77.5382521,
            37.5764472
          ],
          [
            -77.5383197,
            37.5765205
          ],
          [
            -77.5384421,
            37.5765763
          ],
          [
            -77.5387497,
            37.5767673
          ],
          [
            -77.5387645,
            37.576826
          ]
        ]
      },
      "id": "way/427490060"
    },
    {
      "type": "Feature",
      "properties": {
        "@id": "way/476129659",
        "highway": "service"
      },
      "geometry": {
        "type": "LineString",
        "coordinates": [
          [
            -77.5360089,
            37.5802759
          ],
          [
            -77.5360005,
            37.5803036
          ],
          [
            -77.5359812,
            37.5803623
          ],
          [
            -77.5359684,
            37.5804449
          ],
          [
            -77.5360087,
            37.5805215
          ],
          [
            -77.5360801,
            37.5806393
          ],
          [
            -77.5361023,
            37.5806754
          ],
          [
            -77.5360509,
            37.5807447
          ],
          [
            -77.5359222,
            37.5808764
          ],
          [
            -77.5358417,
            37.5810114
          ],
          [
            -77.535814,
            37.5811555
          ]
        ]
      },
      "id": "way/476129659"
    },
    {
      "type": "Feature",
      "properties": {
        "@id": "way/816961593",
        "highway": "service",
        "service": "parking_aisle"
      },
      "geometry": {
        "type": "LineString",
        "coordinates": [
          [
            -77.5396344,
            37.5729073
          ],
          [
            -77.5395608,
            37.5729079
          ],
          [
            -77.5391546,
            37.5729458
          ],
          [
            -77.5388219,
            37.5729766
          ],
          [
            -77.5387798,
            37.5729713
          ],
          [
            -77.5387497,
            37.5729565
          ],
          [
            -77.5387328,
            37.5729301
          ],
          [
            -77.5387313,
            37.5728958
          ],
          [
            -77.5387319,
            37.572817
          ],
          [
            -77.5387348,
            37.5727087
          ],
          [
            -77.5387399,
            37.572683
          ],
          [
            -77.53875,
            37.5726663
          ],
          [
            -77.5387706,
            37.5726556
          ],
          [
            -77.5388033,
            37.5726487
          ],
          [
            -77.5391329,
            37.5726187
          ],
          [
            -77.5395682,
            37.5725789
          ],
          [
            -77.539605,
            37.5725819
          ],
          [
            -77.5396337,
            37.5725926
          ],
          [
            -77.5396519,
            37.5726095
          ],
          [
            -77.5396605,
            37.5726383
          ],
          [
            -77.5396525,
            37.5727489
          ],
          [
            -77.5396516,
            37.5727641
          ],
          [
            -77.5396461,
            37.5728576
          ],
          [
            -77.5396344,
            37.5729073
          ]
        ]
      },
      "id": "way/816961593"
    },
    {
      "type": "Feature",
      "properties": {
        "@id": "way/816961594",
        "highway": "service",
        "service": "parking_aisle"
      },
      "geometry": {
        "type": "LineString",
        "coordinates": [
          [
            -77.539059,
            37.5739576
          ],
          [
            -77.5390186,
            37.5739025
          ],
          [
            -77.5388653,
            37.5737019
          ],
          [
            -77.5388324,
            37.5736761
          ],
          [
            -77.5388138,
            37.5736678
          ],
          [
            -77.5388018,
            37.5736624
          ],
          [
            -77.5387646,
            37.5736511
          ],
          [
            -77.5387205,
            37.5736497
          ],
          [
            -77.5386729,
            37.573656
          ],
          [
            -77.5385523,
            37.5736705
          ]
        ]
      },
      "id": "way/816961594"
    },
    {
      "type": "Feature",
      "properties": {
        "@id": "way/816961595",
        "bridge": "yes",
        "highway": "footway",
        "layer": "1"
      },
      "geometry": {
        "type": "LineString",
        "coordinates": [
          [
            -77.5391995,
            37.5736626
          ],
          [
            -77.5391609,
            37.5730421
          ]
        ]
      },
      "id": "way/816961595"
    },
    {
      "type": "Feature",
      "properties": {
        "@id": "way/816961596",
        "highway": "steps"
      },
      "geometry": {
        "type": "LineString",
        "coordinates": [
          [
            -77.5391243,
            37.5724768
          ],
          [
            -77.5391228,
            37.5724525
          ]
        ]
      },
      "id": "way/816961596"
    },
    {
      "type": "Feature",
      "properties": {
        "@id": "way/816961597",
        "highway": "pedestrian"
      },
      "geometry": {
        "type": "LineString",
        "coordinates": [
          [
            -77.5391223,
            37.5724435
          ],
          [
            -77.5391056,
            37.5722261
          ],
          [
            -77.5390887,
            37.5719665
          ],
          [
            -77.5390749,
            37.5716965
          ],
          [
            -77.5390628,
            37.5715376
          ],
          [
            -77.5390519,
            37.571368
          ],
          [
            -77.5390378,
            37.5711634
          ],
          [
            -77.5390341,
            37.5710788
          ]
        ]
      },
      "id": "way/816961597"
    },
    {
      "type": "Feature",
      "properties": {
        "@id": "way/816961598",
        "highway": "footway"
      },
      "geometry": {
        "type": "LineString",
        "coordinates": [
          [
            -77.5392098,
            37.5738303
          ],
          [
            -77.5391771,
            37.5738374
          ],
          [
            -77.5390771,
            37.5738043
          ],
          [
            -77.5389126,
            37.5735963
          ],
          [
            -77.5388793,
            37.5735874
          ]
        ]
      },
      "id": "way/816961598"
    },
    {
      "type": "Feature",
      "properties": {
        "@id": "way/816961599",
        "highway": "service",
        "service": "parking_aisle",
        "surface": "asphalt"
      },
      "geometry": {
        "type": "LineString",
        "coordinates": [
          [
            -77.5372607,
            37.5745917
          ],
          [
            -77.5372997,
            37.5746406
          ],
          [
            -77.5374996,
            37.5748798
          ],
          [
            -77.5375095,
            37.5749026
          ],
          [
            -77.5375082,
            37.5749259
          ],
          [
            -77.5374985,
            37.5749448
          ],
          [
            -77.5374796,
            37.5749591
          ],
          [
            -77.5374225,
            37.5749873
          ],
          [
            -77.5373934,
            37.5749928
          ],
          [
            -77.537365,
            37.5749899
          ],
          [
            -77.5373428,
            37.5749816
          ],
          [
            -77.5373223,
            37.5749659
          ],
          [
            -77.5371503,
            37.5747558
          ],
          [
            -77.5371361,
            37.5747274
          ],
          [
            -77.5371327,
            37.5747088
          ],
          [
            -77.537131,
            37.5746995
          ],
          [
            -77.5371372,
            37.5746724
          ],
          [
            -77.5371481,
            37.5746603
          ],
          [
            -77.5371572,
            37.5746503
          ],
          [
            -77.5372607,
            37.5745917
          ]
        ]
      },
      "id": "way/816961599"
    },
    {
      "type": "Feature",
      "properties": {
        "@id": "way/816961600",
        "highway": "service",
        "service": "driveway"
      },
      "geometry": {
        "type": "LineString",
        "coordinates": [
          [
            -77.5413116,
            37.5727609
          ],
          [
            -77.5413514,
            37.5728415
          ],
          [
            -77.541508,
            37.5732352
          ],
          [
            -77.54151,
            37.5732401
          ],
          [
            -77.5415659,
            37.5733754
          ]
        ]
      },
      "id": "way/816961600"
    },
    {
      "type": "Feature",
      "properties": {
        "@id": "way/816961601",
        "highway": "service",
        "service": "parking_aisle"
      },
      "geometry": {
        "type": "LineString",
        "coordinates": [
          [
            -77.5377238,
            37.5742419
          ],
          [
            -77.5377369,
            37.5742861
          ],
          [
            -77.5377384,
            37.5742912
          ],
          [
            -77.5377459,
            37.5743088
          ],
          [
            -77.5377648,
            37.5743316
          ],
          [
            -77.5378438,
            37.5744134
          ],
          [
            -77.5380694,
            37.5746148
          ]
        ]
      },
      "id": "way/816961601"
    },
    {
      "type": "Feature",
      "properties": {
        "@id": "way/858424003",
        "highway": "service",
        "service": "driveway"
      },
      "geometry": {
        "type": "LineString",
        "coordinates": [
          [
            -77.5326131,
            37.5817554
          ],
          [
            -77.5327512,
            37.581946
          ],
          [
            -77.5328057,
            37.5819823
          ],
          [
            -77.5328388,
            37.5820522
          ],
          [
            -77.5328955,
            37.582114
          ]
        ]
      },
      "id": "way/858424003"
    },
    {
      "type": "Feature",
      "properties": {
        "@id": "way/864959238",
        "highway": "service",
        "service": "driveway"
      },
      "geometry": {
        "type": "LineString",
        "coordinates": [
          [
            -77.5461662,
            37.5737945
          ],
          [
            -77.5461343,
            37.5737871
          ],
          [
            -77.5460108,
            37.5737585
          ],
          [
            -77.545901,
            37.5737268
          ],
          [
            -77.5458122,
            37.5737008
          ],
          [
            -77.5456496,
            37.5736509
          ],
          [
            -77.545605,
            37.5736372
          ],
          [
            -77.5455625,
            37.5736332
          ],
          [
            -77.5455223,
            37.5736375
          ],
          [
            -77.5454274,
            37.5736579
          ]
        ]
      },
      "id": "way/864959238"
    },
    {
      "type": "Feature",
      "properties": {
        "@id": "way/865401626",
        "highway": "service",
        "service": "driveway"
      },
      "geometry": {
        "type": "LineString",
        "coordinates": [
          [
            -77.5329544,
            37.58233
          ],
          [
            -77.5328752,
            37.5823861
          ],
          [
            -77.5327975,
            37.5824302
          ],
          [
            -77.5327419,
            37.5824517
          ],
          [
            -77.5326881,
            37.582458
          ],
          [
            -77.5326242,
            37.5824511
          ],
          [
            -77.5325775,
            37.5824364
          ],
          [
            -77.5325176,
            37.5823992
          ],
          [
            -77.5324635,
            37.5823201
          ],
          [
            -77.5324394,
            37.5822169
          ],
          [
            -77.5323641,
            37.5821187
          ],
          [
            -77.5323316,
            37.5820864
          ]
        ]
      },
      "id": "way/865401626"
    },
    {
      "type": "Feature",
      "properties": {
        "@id": "way/908603988",
        "highway": "service",
        "service": "parking_aisle"
      },
      "geometry": {
        "type": "LineString",
        "coordinates": [
          [
            -77.5390907,
            37.5821588
          ],
          [
            -77.53868,
            37.5823394
          ],
          [
            -77.5385687,
            37.5821885
          ],
          [
            -77.5389624,
            37.582
          ]
        ]
      },
      "id": "way/908603988"
    },
    {
      "type": "Feature",
      "properties": {
        "@id": "way/946479017",
        "highway": "path",
        "surface": "gravel"
      },
      "geometry": {
        "type": "LineString",
        "coordinates": [
          [
            -77.538567,
            37.583012
          ],
          [
            -77.5385985,
            37.582945
          ],
          [
            -77.5386011,
            37.5828452
          ],
          [
            -77.538589,
            37.5827041
          ],
          [
            -77.5386151,
            37.582553
          ],
          [
            -77.53868,
            37.5823394
          ]
        ]
      },
      "id": "way/946479017"
    },
    {
      "type": "Feature",
      "properties": {
        "@id": "way/946481703",
        "highway": "path",
        "surface": "unpaved"
      },
      "geometry": {
        "type": "LineString",
        "coordinates": [
          [
            -77.536109,
            37.5821998
          ],
          [
            -77.5360695,
            37.5822077
          ],
          [
            -77.5360232,
            37.5822097
          ],
          [
            -77.5359891,
            37.5822091
          ],
          [
            -77.5359,
            37.582206
          ],
          [
            -77.5357963,
            37.5822042
          ],
          [
            -77.5357265,
            37.5822128
          ],
          [
            -77.5356483,
            37.5822386
          ],
          [
            -77.5356048,
            37.5822618
          ],
          [
            -77.5355928,
            37.5823131
          ],
          [
            -77.535595,
            37.5823509
          ],
          [
            -77.5356109,
            37.5823727
          ],
          [
            -77.5356471,
            37.5824035
          ],
          [
            -77.5356651,
            37.5824267
          ],
          [
            -77.5357103,
            37.5824638
          ],
          [
            -77.5357215,
            37.5824953
          ],
          [
            -77.5357257,
            37.5825477
          ],
          [
            -77.535735,
            37.5825774
          ],
          [
            -77.5357655,
            37.5826173
          ],
          [
            -77.5358011,
            37.5826534
          ],
          [
            -77.5358293,
            37.5826948
          ],
          [
            -77.535855,
            37.5827368
          ],
          [
            -77.535891,
            37.582843
          ]
        ]
      },
      "id": "way/946481703"
    },
    {
      "type": "Feature",
      "properties": {
        "@id": "way/1022656972",
        "highway": "footway",
        "surface": "paving_stones"
      },
      "geometry": {
        "type": "LineString",
        "coordinates": [
          [
            -77.540468,
            37.5747442
          ],
          [
            -77.540457,
            37.5746057
          ]
        ]
      },
      "id": "way/1022656972"
    },
    {
      "type": "Feature",
      "properties": {
        "@id": "way/1022656973",
        "highway": "pedestrian",
        "surface": "paving_stones"
      },
      "geometry": {
        "type": "LineString",
        "coordinates": [
          [
            -77.5413068,
            37.5746821
          ],
          [
            -77.5411503,
            37.5746913
          ],
          [
            -77.5410729,
            37.5747094
          ],
          [
            -77.5410242,
            37.5747208
          ],
          [
            -77.5410024,
            37.5747259
          ],
          [
            -77.5408917,
            37.5747582
          ],
          [
            -77.5408074,
            37.5747696
          ],
          [
            -77.5407272,
            37.5747725
          ],
          [
            -77.5406444,
            37.5747691
          ],
          [
            -77.540468,
            37.5747442
          ],
          [
            -77.5403762,
            37.5747428
          ],
          [
            -77.5402938,
            37.5747503
          ],
          [
            -77.5402062,
            37.5747651
          ],
          [
            -77.5401516,
            37.5747777
          ],
          [
            -77.5400716,
            37.5748058
          ],
          [
            -77.5400402,
            37.5748201
          ],
          [
            -77.539986,
            37.5748479
          ],
          [
            -77.5399624,
            37.5748593
          ],
          [
            -77.5399501,
            37.5748663
          ],
          [
            -77.5398938,
            37.5749027
          ],
          [
            -77.5398391,
            37.5749254
          ],
          [
            -77.5397789,
            37.5749438
          ],
          [
            -77.5397226,
            37.5749526
          ],
          [
            -77.5396541,
            37.5749583
          ],
          [
            -77.5396028,
            37.5749718
          ],
          [
            -77.5395685,
            37.5749845
          ],
          [
            -77.5395324,
            37.5750027
          ],
          [
            -77.5394989,
            37.5750318
          ],
          [
            -77.5394729,
            37.5750632
          ],
          [
            -77.539458,
            37.5750796
          ],
          [
            -77.5394529,
            37.5750852
          ]
        ]
      },
      "id": "way/1022656973"
    },
    {
      "type": "Feature",
      "properties": {
        "@id": "way/1022656974",
        "highway": "footway"
      },
      "geometry": {
        "type": "LineString",
        "coordinates": [
          [
            -77.5401516,
            37.5747777
          ],
          [
            -77.5404177,
            37.5745944
          ]
        ]
      },
      "id": "way/1022656974"
    },
    {
      "type": "Feature",
      "properties": {
        "@id": "way/1022656975",
        "highway": "footway"
      },
      "geometry": {
        "type": "LineString",
        "coordinates": [
          [
            -77.5404094,
            37.5745864
          ],
          [
            -77.5404177,
            37.5745944
          ],
          [
            -77.5404293,
            37.574601
          ],
          [
            -77.5404428,
            37.5746048
          ],
          [
            -77.540457,
            37.5746057
          ],
          [
            -77.5404745,
            37.5746024
          ],
          [
            -77.5404895,
            37.5745946
          ],
          [
            -77.5405003,
            37.5745833
          ],
          [
            -77.5405057,
            37.5745697
          ],
          [
            -77.540505,
            37.5745555
          ],
          [
            -77.5405029,
            37.5745487
          ],
          [
            -77.5404983,
            37.5745424
          ],
          [
            -77.5404863,
            37.5745318
          ],
          [
            -77.5404706,
            37.5745249
          ],
          [
            -77.5404529,
            37.5745227
          ],
          [
            -77.5404363,
            37.5745251
          ],
          [
            -77.5404215,
            37.5745316
          ],
          [
            -77.54041,
            37.5745414
          ],
          [
            -77.5404031,
            37.5745536
          ],
          [
            -77.5404015,
            37.5745669
          ],
          [
            -77.5404039,
            37.574577
          ],
          [
            -77.5404094,
            37.5745864
          ]
        ]
      },
      "id": "way/1022656975"
    },
    {
      "type": "Feature",
      "properties": {
        "@id": "way/1022656976",
        "highway": "footway"
      },
      "geometry": {
        "type": "LineString",
        "coordinates": [
          [
            -77.5404529,
            37.5745227
          ],
          [
            -77.540452,
            37.574482
          ],
          [
            -77.5404528,
            37.5744565
          ],
          [
            -77.5404599,
            37.5744326
          ],
          [
            -77.5405055,
            37.5743576
          ],
          [
            -77.5405273,
            37.5743335
          ]
        ]
      },
      "id": "way/1022656976"
    },
    {
      "type": "Feature",
      "properties": {
        "@id": "way/1022656977",
        "highway": "footway"
      },
      "geometry": {
        "type": "LineString",
        "coordinates": [
          [
            -77.5404015,
            37.5745669
          ],
          [
            -77.5399361,
            37.5746083
          ],
          [
            -77.5398914,
            37.5746127
          ],
          [
            -77.5398328,
            37.5746177
          ],
          [
            -77.5398176,
            37.5746191
          ]
        ]
      },
      "id": "way/1022656977"
    },
    {
      "type": "Feature",
      "properties": {
        "@id": "way/1022656978",
        "highway": "footway"
      },
      "geometry": {
        "type": "LineString",
        "coordinates": [
          [
            -77.5398058,
            37.5745936
          ],
          [
            -77.5398124,
            37.5745738
          ],
          [
            -77.5398227,
            37.5745432
          ],
          [
            -77.5398252,
            37.5745356
          ],
          [
            -77.5398356,
            37.5745046
          ],
          [
            -77.5398412,
            37.5744886
          ],
          [
            -77.5398559,
            37.5744244
          ]
        ]
      },
      "id": "way/1022656978"
    },
    {
      "type": "Feature",
      "properties": {
        "@id": "way/1022656979",
        "highway": "footway"
      },
      "geometry": {
        "type": "LineString",
        "coordinates": [
          [
            -77.539794,
            37.5746356
          ],
          [
            -77.5397905,
            37.5746469
          ],
          [
            -77.5397745,
            37.5746981
          ]
        ]
      },
      "id": "way/1022656979"
    },
    {
      "type": "Feature",
      "properties": {
        "@id": "way/1022656980",
        "highway": "footway"
      },
      "geometry": {
        "type": "LineString",
        "coordinates": [
          [
            -77.5397796,
            37.5746209
          ],
          [
            -77.5397641,
            37.5746224
          ],
          [
            -77.5395478,
            37.5746397
          ],
          [
            -77.5393454,
            37.5746577
          ]
        ]
      },
      "id": "way/1022656980"
    },
    {
      "type": "Feature",
      "properties": {
        "@id": "way/1022656981",
        "highway": "footway"
      },
      "geometry": {
        "type": "LineString",
        "coordinates": [
          [
            -77.5395621,
            37.5747145
          ],
          [
            -77.5395478,
            37.5746397
          ]
        ]
      },
      "id": "way/1022656981"
    },
    {
      "type": "Feature",
      "properties": {
        "@id": "way/1022656982",
        "highway": "footway"
      },
      "geometry": {
        "type": "LineString",
        "coordinates": [
          [
            -77.5405273,
            37.5743335
          ],
          [
            -77.540561,
            37.5742928
          ],
          [
            -77.5405898,
            37.5742816
          ],
          [
            -77.5406226,
            37.5742806
          ],
          [
            -77.5407081,
            37.5742825
          ],
          [
            -77.5407757,
            37.5742709
          ],
          [
            -77.5408278,
            37.5742552
          ],
          [
            -77.5408922,
            37.5742582
          ],
          [
            -77.5409167,
            37.5742568
          ],
          [
            -77.5409445,
            37.5742524
          ],
          [
            -77.540967,
            37.5742425
          ],
          [
            -77.5409825,
            37.5742296
          ],
          [
            -77.5409913,
            37.5742176
          ],
          [
            -77.5410012,
            37.5740616
          ]
        ]
      },
      "id": "way/1022656982"
    },
    {
      "type": "Feature",
      "properties": {
        "@id": "way/1022656983",
        "highway": "footway"
      },
      "geometry": {
        "type": "LineString",
        "coordinates": [
          [
            -77.5405055,
            37.5743576
          ],
          [
            -77.540499,
            37.5743374
          ],
          [
            -77.5405015,
            37.5742848
          ],
          [
            -77.5405047,
            37.5742724
          ],
          [
            -77.5405229,
            37.5742741
          ],
          [
            -77.540561,
            37.5742928
          ]
        ]
      },
      "id": "way/1022656983"
    },
    {
      "type": "Feature",
      "properties": {
        "@id": "way/1022656984",
        "highway": "footway"
      },
      "geometry": {
        "type": "LineString",
        "coordinates": [
          [
            -77.5405047,
            37.5742724
          ],
          [
            -77.5404994,
            37.5742226
          ],
          [
            -77.540457,
            37.5742248
          ],
          [
            -77.5404562,
            37.5742367
          ]
        ]
      },
      "id": "way/1022656984"
    },
    {
      "type": "Feature",
      "properties": {
        "@id": "way/1022656985",
        "highway": "footway"
      },
      "geometry": {
        "type": "LineString",
        "coordinates": [
          [
            -77.5410012,
            37.5740616
          ],
          [
            -77.5410048,
            37.5739865
          ],
          [
            -77.541007,
            37.5739577
          ],
          [
            -77.5410151,
            37.5739353
          ],
          [
            -77.5411572,
            37.5738087
          ]
        ]
      },
      "id": "way/1022656985"
    },
    {
      "type": "Feature",
      "properties": {
        "@id": "way/1022656986",
        "crossing": "uncontrolled",
        "crossing:markings": "yes",
        "footway": "crossing",
        "highway": "footway",
        "surface": "asphalt"
      },
      "geometry": {
        "type": "LineString",
        "coordinates": [
          [
            -77.5411572,
            37.5738087
          ],
          [
            -77.5411752,
            37.573774
          ],
          [
            -77.5411961,
            37.573734
          ]
        ]
      },
      "id": "way/1022656986"
    },
    {
      "type": "Feature",
      "properties": {
        "@id": "way/1022656987",
        "highway": "footway"
      },
      "geometry": {
        "type": "LineString",
        "coordinates": [
          [
            -77.5411961,
            37.573734
          ],
          [
            -77.5411961,
            37.5737201
          ],
          [
            -77.5411896,
            37.5736579
          ],
          [
            -77.5411834,
            37.5735847
          ],
          [
            -77.5411716,
            37.573523
          ],
          [
            -77.5411364,
            37.5734642
          ]
        ]
      },
      "id": "way/1022656987"
    },
    {
      "type": "Feature",
      "properties": {
        "@id": "way/1022656988",
        "highway": "footway"
      },
      "geometry": {
        "type": "LineString",
        "coordinates": [
          [
            -77.5395478,
            37.5746397
          ],
          [
            -77.5395318,
            37.5745298
          ],
          [
            -77.539512,
            37.5743933
          ]
        ]
      },
      "id": "way/1022656988"
    },
    {
      "type": "Feature",
      "properties": {
        "@id": "way/1022656989",
        "highway": "pedestrian",
        "surface": "paving_stones"
      },
      "geometry": {
        "type": "LineString",
        "coordinates": [
          [
            -77.5394733,
            37.5747991
          ],
          [
            -77.5394524,
            37.5747856
          ],
          [
            -77.5394134,
            37.5747552
          ],
          [
            -77.5393714,
            37.5747076
          ],
          [
            -77.5393454,
            37.5746577
          ],
          [
            -77.5393379,
            37.5746251
          ],
          [
            -77.5393357,
            37.5745863
          ],
          [
            -77.5393391,
            37.5745374
          ],
          [
            -77.5393431,
            37.5745109
          ],
          [
            -77.5393441,
            37.5744588
          ],
          [
            -77.5393381,
            37.574415
          ],
          [
            -77.5393297,
            37.5743737
          ],
          [
            -77.5393141,
            37.5743205
          ],
          [
            -77.5392928,
            37.5742763
          ],
          [
            -77.5392888,
            37.5742678
          ],
          [
            -77.5392619,
            37.5742101
          ],
          [
            -77.5392462,
            37.5741595
          ],
          [
            -77.5392312,
            37.5740922
          ],
          [
            -77.5392163,
            37.5739302
          ],
          [
            -77.5392164,
            37.573917
          ]
        ]
      },
      "id": "way/1022656989"
    },
    {
      "type": "Feature",
      "properties": {
        "@id": "way/1022656990",
        "highway": "footway"
      },
      "geometry": {
        "type": "LineString",
        "coordinates": [
          [
            -77.5394134,
            37.5747552
          ],
          [
            -77.5391821,
            37.5747768
          ],
          [
            -77.5391718,
            37.5747261
          ],
          [
            -77.5391661,
            37.5746729
          ],
          [
            -77.539161,
            37.5746243
          ],
          [
            -77.5391764,
            37.5746221
          ],
          [
            -77.5391814,
            37.574616
          ],
          [
            -77.5391676,
            37.5745214
          ]
        ]
      },
      "id": "way/1022656990"
    },
    {
      "type": "Feature",
      "properties": {
        "@id": "way/1022656991",
        "highway": "footway"
      },
      "geometry": {
        "type": "LineString",
        "coordinates": [
          [
            -77.5394529,
            37.5750852
          ],
          [
            -77.5394333,
            37.5751501
          ],
          [
            -77.5394155,
            37.5752162
          ],
          [
            -77.5393815,
            37.5752733
          ],
          [
            -77.5393589,
            37.5753033
          ],
          [
            -77.5393316,
            37.5753311
          ]
        ]
      },
      "id": "way/1022656991"
    },
    {
      "type": "Feature",
      "properties": {
        "@id": "way/1022656992",
        "bicycle": "yes",
        "foot": "yes",
        "highway": "footway",
        "surface": "concrete",
        "width": "u"
      },
      "geometry": {
        "type": "LineString",
        "coordinates": [
          [
            -77.5386312,
            37.5761709
          ],
          [
            -77.5386383,
            37.5761645
          ],
          [
            -77.538701,
            37.5761105
          ]
        ]
      },
      "id": "way/1022656992"
    },
    {
      "type": "Feature",
      "properties": {
        "@id": "way/1022656993",
        "bicycle": "yes",
        "bridge": "yes",
        "foot": "yes",
        "highway": "footway",
        "layer": "1",
        "surface": "concrete"
      },
      "geometry": {
        "type": "LineString",
        "coordinates": [
          [
            -77.538701,
            37.5761105
          ],
          [
            -77.5389146,
            37.5759183
          ],
          [
            -77.5390721,
            37.5757723
          ],
          [
            -77.5393145,
            37.575557
          ]
        ]
      },
      "id": "way/1022656993"
    },
    {
      "type": "Feature",
      "properties": {
        "@id": "way/1022660696",
        "highway": "footway"
      },
      "geometry": {
        "type": "LineString",
        "coordinates": [
          [
            -77.53699,
            37.5743678
          ],
          [
            -77.5369699,
            37.5744149
          ],
          [
            -77.5369373,
            37.5745013
          ],
          [
            -77.5368951,
            37.5746335
          ],
          [
            -77.5368919,
            37.574644
          ],
          [
            -77.5368834,
            37.57471
          ],
          [
            -77.5369048,
            37.5748653
          ],
          [
            -77.5369509,
            37.5750202
          ],
          [
            -77.5369729,
            37.5751034
          ],
          [
            -77.5369846,
            37.5751664
          ],
          [
            -77.5369789,
            37.5752152
          ],
          [
            -77.5369659,
            37.5752604
          ],
          [
            -77.5369434,
            37.5753032
          ],
          [
            -77.5369112,
            37.5753487
          ],
          [
            -77.5368825,
            37.5753797
          ],
          [
            -77.5368433,
            37.5754102
          ],
          [
            -77.5367957,
            37.5754393
          ],
          [
            -77.536735,
            37.5754611
          ],
          [
            -77.5366408,
            37.5754882
          ],
          [
            -77.5365044,
            37.5755243
          ],
          [
            -77.5364193,
            37.5755541
          ],
          [
            -77.5363361,
            37.5755906
          ],
          [
            -77.5362514,
            37.5756373
          ],
          [
            -77.5360229,
            37.5757768
          ],
          [
            -77.5358488,
            37.5758791
          ],
          [
            -77.5357278,
            37.5759707
          ],
          [
            -77.5356806,
            37.5759977
          ],
          [
            -77.535643,
            37.5760141
          ],
          [
            -77.535548,
            37.5760533
          ]
        ]
      },
      "id": "way/1022660696"
    },
    {
      "type": "Feature",
      "properties": {
        "@id": "way/1051814808",
        "footway": "sidewalk",
        "highway": "footway"
      },
      "geometry": {
        "type": "LineString",
        "coordinates": [
          [
            -77.5351089,
            37.5683108
          ],
          [
            -77.5351218,
            37.5683152
          ],
          [
            -77.5352884,
            37.5683712
          ],
          [
            -77.5353167,
            37.5683847
          ],
          [
            -77.5353999,
            37.5684111
          ],
          [
            -77.5354944,
            37.568443
          ],
          [
            -77.5355163,
            37.5684463
          ],
          [
            -77.5360624,
            37.5686626
          ],
          [
            -77.5366768,
            37.5689052
          ],
          [
            -77.536836,
            37.5689681
          ],
          [
            -77.5370858,
            37.5690644
          ],
          [
            -77.5374032,
            37.5691678
          ],
          [
            -77.5375797,
            37.5692261
          ],
          [
            -77.5377508,
            37.5692764
          ],
          [
            -77.5379138,
            37.5693228
          ],
          [
            -77.5380515,
            37.5693677
          ],
          [
            -77.5381813,
            37.5694179
          ],
          [
            -77.5384588,
            37.5695269
          ]
        ]
      },
      "id": "way/1051814808"
    },
    {
      "type": "Feature",
      "properties": {
        "@id": "way/1067677650",
        "highway": "footway"
      },
      "geometry": {
        "type": "LineString",
        "coordinates": [
          [
            -77.5367947,
            37.5744848
          ],
          [
            -77.5368142,
            37.5744228
          ],
          [
            -77.5368447,
            37.5743649
          ],
          [
            -77.5368488,
            37.5743355
          ],
          [
            -77.5368386,
            37.5743114
          ],
          [
            -77.5368089,
            37.5742807
          ],
          [
            -77.5367718,
            37.5742636
          ],
          [
            -77.5367423,
            37.5742389
          ]
        ]
      },
      "id": "way/1067677650"
    },
    {
      "type": "Feature",
      "properties": {
        "@id": "way/1128356278",
        "highway": "path"
      },
      "geometry": {
        "type": "LineString",
        "coordinates": [
          [
            -77.5365831,
            37.5729053
          ],
          [
            -77.5366365,
            37.5728963
          ],
          [
            -77.5366743,
            37.5729
          ],
          [
            -77.5367351,
            37.5729144
          ],
          [
            -77.5368147,
            37.5729469
          ],
          [
            -77.5368919,
            37.572988
          ],
          [
            -77.5369631,
            37.5730365
          ],
          [
            -77.5370119,
            37.5731658
          ],
          [
            -77.537029,
            37.573369
          ],
          [
            -77.5370659,
            37.5735089
          ],
          [
            -77.5370788,
            37.5736037
          ],
          [
            -77.537075,
            37.5736255
          ],
          [
            -77.5370646,
            37.5736442
          ],
          [
            -77.5370399,
            37.5736616
          ],
          [
            -77.5369754,
            37.5736774
          ],
          [
            -77.5368963,
            37.573669
          ],
          [
            -77.5367824,
            37.5736642
          ]
        ]
      },
      "id": "way/1128356278"
    },
    {
      "type": "Feature",
      "properties": {
        "@id": "way/1168371883",
        "highway": "footway",
        "surface": "gravel"
      },
      "geometry": {
        "type": "LineString",
        "coordinates": [
          [
            -77.5423237,
            37.5777491
          ],
          [
            -77.5423802,
            37.5777646
          ],
          [
            -77.5424367,
            37.5777677
          ],
          [
            -77.5425338,
            37.5777518
          ],
          [
            -77.5426052,
            37.577743
          ],
          [
            -77.5427065,
            37.5777476
          ],
          [
            -77.542872,
            37.5777426
          ],
          [
            -77.5429513,
            37.5777527
          ],
          [
            -77.5430772,
            37.577758
          ]
        ]
      },
      "id": "way/1168371883"
    },
    {
      "type": "Feature",
      "properties": {
        "@id": "way/1168371884",
        "highway": "footway",
        "surface": "gravel"
      },
      "geometry": {
        "type": "LineString",
        "coordinates": [
          [
            -77.5439327,
            37.5776625
          ],
          [
            -77.5439635,
            37.5776262
          ],
          [
            -77.5440188,
            37.5775936
          ],
          [
            -77.5440693,
            37.5775415
          ],
          [
            -77.5443859,
            37.5772557
          ],
          [
            -77.5445919,
            37.5771157
          ],
          [
            -77.5446148,
            37.5770095
          ],
          [
            -77.5447816,
            37.576828
          ],
          [
            -77.5449909,
            37.5766984
          ],
          [
            -77.5451656,
            37.5766444
          ],
          [
            -77.5453088,
            37.5765959
          ],
          [
            -77.5454643,
            37.5765385
          ],
          [
            -77.5455203,
            37.576483
          ],
          [
            -77.5455403,
            37.5764133
          ],
          [
            -77.5455043,
            37.5761904
          ],
          [
            -77.5454847,
            37.5759442
          ],
          [
            -77.5454905,
            37.575812
          ],
          [
            -77.5455055,
            37.5757701
          ],
          [
            -77.5455139,
            37.5757416
          ],
          [
            -77.5455155,
            37.5756422
          ],
          [
            -77.5455641,
            37.5755035
          ]
        ]
      },
      "id": "way/1168371884"
    },
    {
      "type": "Feature",
      "properties": {
        "@id": "way/1168371885",
        "highway": "service",
        "service": "parking_aisle"
      },
      "geometry": {
        "type": "LineString",
        "coordinates": [
          [
            -77.5456297,
            37.5750064
          ],
          [
            -77.5455923,
            37.575069
          ],
          [
            -77.5455745,
            37.5751027
          ],
          [
            -77.5455432,
            37.5752747
          ],
          [
            -77.5455319,
            37.5753704
          ],
          [
            -77.545539,
            37.5754069
          ],
          [
            -77.5455763,
            37.5754686
          ],
          [
            -77.5461727,
            37.5753844
          ]
        ]
      },
      "id": "way/1168371885"
    },
    {
      "type": "Feature",
      "properties": {
        "@id": "way/1168371886",
        "highway": "service",
        "service": "parking_aisle"
      },
      "geometry": {
        "type": "LineString",
        "coordinates": [
          [
            -77.5455432,
            37.5752747
          ],
          [
            -77.5461615,
            37.5752506
          ]
        ]
      },
      "id": "way/1168371886"
    },
    {
      "type": "Feature",
      "properties": {
        "@id": "way/1171525001",
        "highway": "service"
      },
      "geometry": {
        "type": "LineString",
        "coordinates": [
          [
            -77.5393071,
            37.5769833
          ],
          [
            -77.539151,
            37.5770897
          ],
          [
            -77.5390674,
            37.57718
          ]
        ]
      },
      "id": "way/1171525001"
    },
    {
      "type": "Feature",
      "properties": {
        "@id": "way/1191719139",
        "highway": "footway"
      },
      "geometry": {
        "type": "LineString",
        "coordinates": [
          [
            -77.5372679,
            37.5776973
          ],
          [
            -77.5371189,
            37.577589
          ],
          [
            -77.536841,
            37.5778372
          ],
          [
            -77.5368371,
            37.577852
          ]
        ]
      },
      "id": "way/1191719139"
    },
    {
      "type": "Feature",
      "properties": {
        "@id": "way/1191719140",
        "highway": "footway"
      },
      "geometry": {
        "type": "LineString",
        "coordinates": [
          [
            -77.5372679,
            37.5776973
          ],
          [
            -77.5373542,
            37.5776223
          ]
        ]
      },
      "id": "way/1191719140"
    },
    {
      "type": "Feature",
      "properties": {
        "@id": "way/1191719141",
        "highway": "footway"
      },
      "geometry": {
        "type": "LineString",
        "coordinates": [
          [
            -77.5371786,
            37.5777754
          ],
          [
            -77.5371189,
            37.577589
          ]
        ]
      },
      "id": "way/1191719141"
    },
    {
      "type": "Feature",
      "properties": {
        "@id": "way/1191719142",
        "highway": "footway"
      },
      "geometry": {
        "type": "LineString",
        "coordinates": [
          [
            -77.5369558,
            37.5779724
          ],
          [
            -77.5368869,
            37.5779234
          ]
        ]
      },
      "id": "way/1191719142"
    },
    {
      "type": "Feature",
      "properties": {
        "@id": "way/1191719143",
        "highway": "footway"
      },
      "geometry": {
        "type": "LineString",
        "coordinates": [
          [
            -77.5371279,
            37.5780966
          ],
          [
            -77.5372436,
            37.5781851
          ],
          [
            -77.5373084,
            37.578177
          ]
        ]
      },
      "id": "way/1191719143"
    },
    {
      "type": "Feature",
      "properties": {
        "@id": "way/1191719144",
        "highway": "footway"
      },
      "geometry": {
        "type": "LineString",
        "coordinates": [
          [
            -77.5373674,
            37.5776096
          ],
          [
            -77.5375667,
            37.5774261
          ]
        ]
      },
      "id": "way/1191719144"
    },
    {
      "type": "Feature",
      "properties": {
        "@id": "way/1191719145",
        "highway": "footway"
      },
      "geometry": {
        "type": "LineString",
        "coordinates": [
          [
            -77.5377612,
            37.577489
          ],
          [
            -77.5376978,
            37.577449
          ],
          [
            -77.5376681,
            37.5774362
          ],
          [
            -77.537592,
            37.5774274
          ],
          [
            -77.5375667,
            37.5774261
          ]
        ]
      },
      "id": "way/1191719145"
    },
    {
      "type": "Feature",
      "properties": {
        "@id": "way/1191719146",
        "highway": "footway"
      },
      "geometry": {
        "type": "LineString",
        "coordinates": [
          [
            -77.5376681,
            37.5774362
          ],
          [
            -77.537608,
            37.5773274
          ]
        ]
      },
      "id": "way/1191719146"
    },
    {
      "type": "Feature",
      "properties": {
        "@id": "way/1191719147",
        "highway": "footway"
      },
      "geometry": {
        "type": "LineString",
        "coordinates": [
          [
            -77.5375909,
            37.5762859
          ],
          [
            -77.5374904,
            37.5762906
          ],
          [
            -77.5372927,
            37.5762998
          ],
          [
            -77.5372815,
            37.5764599
          ],
          [
            -77.5372769,
            37.5765532
          ]
        ]
      },
      "id": "way/1191719147"
    },
    {
      "type": "Feature",
      "properties": {
        "@id": "way/1191719148",
        "highway": "footway"
      },
      "geometry": {
        "type": "LineString",
        "coordinates": [
          [
            -77.537445,
            37.5763782
          ],
          [
            -77.5374299,
            37.5763777
          ],
          [
            -77.5374153,
            37.5763806
          ],
          [
            -77.5374024,
            37.5763868
          ],
          [
            -77.5373913,
            37.5763971
          ],
          [
            -77.537385,
            37.5764096
          ],
          [
            -77.5373843,
            37.5764231
          ],
          [
            -77.5373893,
            37.576436
          ],
          [
            -77.5373992,
            37.5764469
          ],
          [
            -77.5374122,
            37.5764542
          ],
          [
            -77.5374274,
            37.576458
          ],
          [
            -77.5374434,
            37.576458
          ],
          [
            -77.5374585,
            37.576454
          ],
          [
            -77.5374714,
            37.5764465
          ],
          [
            -77.5374807,
            37.5764363
          ],
          [
            -77.5374856,
            37.5764243
          ],
          [
            -77.5374856,
            37.5764116
          ],
          [
            -77.5374806,
            37.5763996
          ],
          [
            -77.5374713,
            37.5763894
          ],
          [
            -77.5374592,
            37.5763822
          ],
          [
            -77.537445,
            37.5763782
          ]
        ]
      },
      "id": "way/1191719148"
    },
    {
      "type": "Feature",
      "properties": {
        "@id": "way/1191719149",
        "highway": "footway"
      },
      "geometry": {
        "type": "LineString",
        "coordinates": [
          [
            -77.5374632,
            37.5766954
          ],
          [
            -77.5372769,
            37.5765532
          ],
          [
            -77.5372854,
            37.5765445
          ],
          [
            -77.5373992,
            37.5764469
          ]
        ]
      },
      "id": "way/1191719149"
    },
    {
      "type": "Feature",
      "properties": {
        "@id": "way/1191719150",
        "highway": "footway"
      },
      "geometry": {
        "type": "LineString",
        "coordinates": [
          [
            -77.5372927,
            37.5762998
          ],
          [
            -77.5374024,
            37.5763868
          ]
        ]
      },
      "id": "way/1191719150"
    },
    {
      "type": "Feature",
      "properties": {
        "@id": "way/1191719151",
        "highway": "footway"
      },
      "geometry": {
        "type": "LineString",
        "coordinates": [
          [
            -77.5376473,
            37.5765412
          ],
          [
            -77.5375995,
            37.5765441
          ],
          [
            -77.5372854,
            37.5765445
          ]
        ]
      },
      "id": "way/1191719151"
    },
    {
      "type": "Feature",
      "properties": {
        "@id": "way/1191719152",
        "highway": "footway"
      },
      "geometry": {
        "type": "LineString",
        "coordinates": [
          [
            -77.5375953,
            37.576585
          ],
          [
            -77.5375995,
            37.5765441
          ],
          [
            -77.5375909,
            37.5762859
          ]
        ]
      },
      "id": "way/1191719152"
    },
    {
      "type": "Feature",
      "properties": {
        "@id": "way/1224997672",
        "highway": "footway"
      },
      "geometry": {
        "type": "LineString",
        "coordinates": [
          [
            -77.5368371,
            37.577852
          ],
          [
            -77.5368723,
            37.5778525
          ],
          [
            -77.5370725,
            37.5778707
          ],
          [
            -77.5372138,
            37.5778849
          ],
          [
            -77.5373489,
            37.577899
          ]
        ]
      },
      "id": "way/1224997672"
    },
    {
      "type": "Feature",
      "properties": {
        "@id": "way/1224997673",
        "highway": "footway"
      },
      "geometry": {
        "type": "LineString",
        "coordinates": [
          [
            -77.5373489,
            37.577899
          ],
          [
            -77.5375188,
            37.5779144
          ],
          [
            -77.5375675,
            37.5779111
          ],
          [
            -77.5376139,
            37.5779153
          ],
          [
            -77.5373084,
            37.578177
          ],
          [
            -77.5372774,
            37.5781033
          ],
          [
            -77.5372446,
            37.577993
          ]
        ]
      },
      "id": "way/1224997673"
    },
    {
      "type": "Feature",
      "properties": {
        "@id": "way/1368808537",
        "highway": "footway"
      },
      "geometry": {
        "type": "LineString",
        "coordinates": [
          [
            -77.5365703,
            37.5782707
          ],
          [
            -77.536699,
            37.5783601
          ],
          [
            -77.5368727,
            37.5784838
          ],
          [
            -77.537052,
            37.5786093
          ],
          [
            -77.5370732,
            37.5786265
          ],
          [
            -77.5370656,
            37.5786932
          ],
          [
            -77.5370772,
            37.5787727
          ],
          [
            -77.5370731,
            37.5788062
          ],
          [
            -77.5370614,
            37.578831
          ],
          [
            -77.5370306,
            37.5788801
          ],
          [
            -77.5370084,
            37.5789093
          ],
          [
            -77.5370033,
            37.5789182
          ],
          [
            -77.536997,
            37.5789292
          ],
          [
            -77.5369888,
            37.5789557
          ],
          [
            -77.5369869,
            37.5789785
          ],
          [
            -77.536987,
            37.5790696
          ],
          [
            -77.5369832,
            37.5790922
          ],
          [
            -77.5369731,
            37.579116
          ],
          [
            -77.5369573,
            37.5791392
          ],
          [
            -77.5369297,
            37.5791692
          ]
        ]
      },
      "id": "way/1368808537"
    },
    {
      "type": "Feature",
      "properties": {
        "@id": "way/1368808539",
        "highway": "footway"
      },
      "geometry": {
        "type": "LineString",
        "coordinates": [
          [
            -77.5359225,
            37.5779673
          ],
          [
            -77.5359919,
            37.5779073
          ],
          [
            -77.5360256,
            37.5778972
          ],
          [
            -77.5361518,
            37.577851
          ],
          [
            -77.5362296,
            37.5778261
          ],
          [
            -77.5363153,
            37.5777975
          ],
          [
            -77.5364123,
            37.5777786
          ]
        ]
      },
      "id": "way/1368808539"
    },
    {
      "type": "Feature",
      "properties": {
        "@id": "way/1368808541",
        "highway": "footway"
      },
      "geometry": {
        "type": "LineString",
        "coordinates": [
          [
            -77.5372973,
            37.5787273
          ],
          [
            -77.5372609,
            37.5787259
          ],
          [
            -77.5372213,
            37.5787137
          ],
          [
            -77.5371708,
            37.5786929
          ]
        ]
      },
      "id": "way/1368808541"
    },
    {
      "type": "Feature",
      "properties": {
        "@id": "way/1368808546",
        "highway": "footway"
      },
      "geometry": {
        "type": "LineString",
        "coordinates": [
          [
            -77.5367258,
            37.5780857
          ],
          [
            -77.5366835,
            37.578065
          ],
          [
            -77.5363677,
            37.5780923
          ],
          [
            -77.5363316,
            37.5780922
          ],
          [
            -77.5363002,
            37.578078
          ],
          [
            -77.5362422,
            37.578037
          ],
          [
            -77.5362007,
            37.5779992
          ],
          [
            -77.5361637,
            37.5779648
          ],
          [
            -77.5361335,
            37.5779443
          ],
          [
            -77.5360806,
            37.5779254
          ],
          [
            -77.5359919,
            37.5779073
          ]
        ]
      },
      "id": "way/1368808546"
    },
    {
      "type": "Feature",
      "properties": {
        "@id": "way/1368808547",
        "highway": "footway"
      },
      "geometry": {
        "type": "LineString",
        "coordinates": [
          [
            -77.5363316,
            37.5780922
          ],
          [
            -77.536291,
            37.5780977
          ],
          [
            -77.5360331,
            37.5781189
          ],
          [
            -77.5361864,
            37.5782154
          ]
        ]
      },
      "id": "way/1368808547"
    },
    {
      "type": "Feature",
      "properties": {
        "@id": "way/1368808548",
        "highway": "footway"
      },
      "geometry": {
        "type": "LineString",
        "coordinates": [
          [
            -77.5365193,
            37.5782322
          ],
          [
            -77.5363519,
            37.5781156
          ],
          [
            -77.5363316,
            37.5780922
          ]
        ]
      },
      "id": "way/1368808548"
    },
    {
      "type": "Feature",
      "properties": {
        "@id": "way/1368808549",
        "highway": "footway"
      },
      "geometry": {
        "type": "LineString",
        "coordinates": [
          [
            -77.5359919,
            37.5779073
          ],
          [
            -77.5359857,
            37.5778301
          ],
          [
            -77.5360003,
            37.5777549
          ],
          [
            -77.5360144,
            37.577711
          ]
        ]
      },
      "id": "way/1368808549"
    },
    {
      "type": "Feature",
      "properties": {
        "@id": "way/1368808550",
        "highway": "footway"
      },
      "geometry": {
        "type": "LineString",
        "coordinates": [
          [
            -77.5368371,
            37.577852
          ],
          [
            -77.5368108,
            37.5778485
          ],
          [
            -77.5367725,
            37.5778147
          ],
          [
            -77.5367393,
            37.5777905
          ],
          [
            -77.5366889,
            37.5777622
          ],
          [
            -77.5366421,
            37.5777364
          ]
        ]
      },
      "id": "way/1368808550"
    },
    {
      "type": "Feature",
      "properties": {
        "@id": "way/1368808551",
        "highway": "footway"
      },
      "geometry": {
        "type": "LineString",
        "coordinates": [
          [
            -77.5360324,
            37.5793521
          ],
          [
            -77.5360309,
            37.5793192
          ],
          [
            -77.5360224,
            37.5791034
          ]
        ]
      },
      "id": "way/1368808551"
    },
    {
      "type": "Feature",
      "properties": {
        "@id": "way/1368808552",
        "highway": "footway"
      },
      "geometry": {
        "type": "LineString",
        "coordinates": [
          [
            -77.5358314,
            37.579237
          ],
          [
            -77.5359218,
            37.5793081
          ],
          [
            -77.5359399,
            37.5793163
          ],
          [
            -77.5359606,
            37.579322
          ],
          [
            -77.5360008,
            37.579321
          ],
          [
            -77.5360309,
            37.5793192
          ],
          [
            -77.5360785,
            37.5793161
          ],
          [
            -77.5361734,
            37.5793259
          ],
          [
            -77.5362822,
            37.5793275
          ]
        ]
      },
      "id": "way/1368808552"
    },
    {
      "type": "Feature",
      "properties": {
        "@id": "way/1368808553",
        "highway": "footway"
      },
      "geometry": {
        "type": "LineString",
        "coordinates": [
          [
            -77.5356949,
            37.579132
          ],
          [
            -77.5356526,
            37.5791104
          ]
        ]
      },
      "id": "way/1368808553"
    },
    {
      "type": "Feature",
      "properties": {
        "@id": "way/1368808554",
        "highway": "footway"
      },
      "geometry": {
        "type": "LineString",
        "coordinates": [
          [
            -77.5365094,
            37.5791462
          ],
          [
            -77.5364416,
            37.5791435
          ],
          [
            -77.5364391,
            37.5791503
          ],
          [
            -77.5364392,
            37.5791803
          ],
          [
            -77.5364394,
            37.5792389
          ],
          [
            -77.5364446,
            37.5794131
          ]
        ]
      },
      "id": "way/1368808554"
    },
    {
      "type": "Feature",
      "properties": {
        "@id": "way/1368808555",
        "footway": "access_aisle",
        "highway": "footway",
        "surface": "asphalt"
      },
      "geometry": {
        "type": "LineString",
        "coordinates": [
          [
            -77.5364493,
            37.5792386
          ],
          [
            -77.5365141,
            37.5792388
          ]
        ]
      },
      "id": "way/1368808555"
    },
    {
      "type": "Feature",
      "properties": {
        "@id": "way/1368808556",
        "highway": "footway"
      },
      "geometry": {
        "type": "LineString",
        "coordinates": [
          [
            -77.5362822,
            37.5793275
          ],
          [
            -77.5363207,
            37.5792988
          ],
          [
            -77.5363686,
            37.5792707
          ],
          [
            -77.5364062,
            37.5792456
          ],
          [
            -77.5364394,
            37.5792389
          ],
          [
            -77.5364493,
            37.5792386
          ]
        ]
      },
      "id": "way/1368808556"
    },
    {
      "type": "Feature",
      "properties": {
        "@id": "way/1368808557",
        "highway": "footway"
      },
      "geometry": {
        "type": "LineString",
        "coordinates": [
          [
            -77.5364446,
            37.5794131
          ],
          [
            -77.5364346,
            37.579418
          ],
          [
            -77.5364224,
            37.5794189
          ],
          [
            -77.5363994,
            37.5793993
          ],
          [
            -77.5363703,
            37.5793697
          ],
          [
            -77.5363249,
            37.5793384
          ],
          [
            -77.5362822,
            37.5793275
          ]
        ]
      },
      "id": "way/1368808557"
    },
    {
      "type": "Feature",
      "properties": {
        "@id": "way/1368808558",
        "highway": "footway"
      },
      "geometry": {
        "type": "LineString",
        "coordinates": [
          [
            -77.5364271,
            37.5795172
          ],
          [
            -77.5364224,
            37.5794189
          ]
        ]
      },
      "id": "way/1368808558"
    },
    {
      "type": "Feature",
      "properties": {
        "@id": "way/1368808559",
        "highway": "footway"
      },
      "geometry": {
        "type": "LineString",
        "coordinates": [
          [
            -77.5352785,
            37.5790119
          ],
          [
            -77.5352669,
            37.5789994
          ],
          [
            -77.535262,
            37.5789834
          ],
          [
            -77.5352675,
            37.5789604
          ],
          [
            -77.5353123,
            37.5789148
          ],
          [
            -77.5353334,
            37.578886
          ],
          [
            -77.535352,
            37.5788685
          ],
          [
            -77.5353599,
            37.5788517
          ],
          [
            -77.5353688,
            37.5788306
          ],
          [
            -77.5353706,
            37.5788096
          ],
          [
            -77.5353838,
            37.5787886
          ],
          [
            -77.5354015,
            37.5787661
          ],
          [
            -77.5354139,
            37.5787542
          ],
          [
            -77.5354334,
            37.5787367
          ],
          [
            -77.5354775,
            37.5787109
          ]
        ]
      },
      "id": "way/1368808559"
    },
    {
      "type": "Feature",
      "properties": {
        "@id": "way/1368808560",
        "highway": "footway"
      },
      "geometry": {
        "type": "LineString",
        "coordinates": [
          [
            -77.5354775,
            37.5787109
          ],
          [
            -77.5354339,
            37.5786795
          ]
        ]
      },
      "id": "way/1368808560"
    },
    {
      "type": "Feature",
      "properties": {
        "@id": "way/1368808561",
        "highway": "footway"
      },
      "geometry": {
        "type": "LineString",
        "coordinates": [
          [
            -77.5354775,
            37.5787109
          ],
          [
            -77.5355273,
            37.5787452
          ]
        ]
      },
      "id": "way/1368808561"
    },
    {
      "type": "Feature",
      "properties": {
        "@id": "way/1368808562",
        "highway": "footway"
      },
      "geometry": {
        "type": "LineString",
        "coordinates": [
          [
            -77.5360708,
            37.5790024
          ],
          [
            -77.535893,
            37.5788923
          ]
        ]
      },
      "id": "way/1368808562"
    },
    {
      "type": "Feature",
      "properties": {
        "@id": "way/1368808563",
        "highway": "footway"
      },
      "geometry": {
        "type": "LineString",
        "coordinates": [
          [
            -77.535893,
            37.5788923
          ],
          [
            -77.5358569,
            37.5788669
          ],
          [
            -77.5358237,
            37.5788431
          ],
          [
            -77.535804,
            37.5788367
          ],
          [
            -77.5357811,
            37.5788332
          ],
          [
            -77.5357554,
            37.5788409
          ],
          [
            -77.5357285,
            37.5788461
          ],
          [
            -77.5356899,
            37.5788442
          ],
          [
            -77.5355632,
            37.5787687
          ]
        ]
      },
      "id": "way/1368808563"
    },
    {
      "type": "Feature",
      "properties": {
        "@id": "way/1368808564",
        "highway": "footway"
      },
      "geometry": {
        "type": "LineString",
        "coordinates": [
          [
            -77.5361594,
            37.5786971
          ],
          [
            -77.5361224,
            37.5786701
          ],
          [
            -77.5360628,
            37.5786214
          ],
          [
            -77.5358768,
            37.5784928
          ]
        ]
      },
      "id": "way/1368808564"
    },
    {
      "type": "Feature",
      "properties": {
        "@id": "way/1368808565",
        "highway": "footway"
      },
      "geometry": {
        "type": "LineString",
        "coordinates": [
          [
            -77.5359006,
            37.578474
          ],
          [
            -77.5357304,
            37.5783468
          ]
        ]
      },
      "id": "way/1368808565"
    },
    {
      "type": "Feature",
      "properties": {
        "@id": "way/1369758844",
        "bicycle": "yes",
        "highway": "footway",
        "horse": "no",
        "incline": "up",
        "surface": "paved",
        "width": "2"
      },
      "geometry": {
        "type": "LineString",
        "coordinates": [
          [
            -77.537715,
            37.5801648
          ],
          [
            -77.5376665,
            37.5800789
          ],
          [
            -77.537654,
            37.5800514
          ],
          [
            -77.5376394,
            37.5800133
          ],
          [
            -77.5376281,
            37.5799666
          ],
          [
            -77.5376198,
            37.5799222
          ],
          [
            -77.5376184,
            37.5798673
          ],
          [
            -77.5376186,
            37.5798069
          ],
          [
            -77.537622,
            37.5797769
          ],
          [
            -77.5376345,
            37.5796999
          ],
          [
            -77.5376662,
            37.5796107
          ],
          [
            -77.5377063,
            37.5795289
          ],
          [
            -77.5377686,
            37.5794395
          ],
          [
            -77.5378169,
            37.5793783
          ],
          [
            -77.5378748,
            37.5793216
          ],
          [
            -77.537899,
            37.5793038
          ],
          [
            -77.5379269,
            37.5792833
          ],
          [
            -77.537986,
            37.5792521
          ],
          [
            -77.5380234,
            37.5792323
          ],
          [
            -77.5381517,
            37.5791811
          ],
          [
            -77.5381862,
            37.5791672
          ],
          [
            -77.5382011,
            37.5791612
          ],
          [
            -77.5383904,
            37.5790113
          ],
          [
            -77.5384073,
            37.5789979
          ],
          [
            -77.5384792,
            37.5789425
          ],
          [
            -77.5385154,
            37.5789142
          ],
          [
            -77.5385225,
            37.5789091
          ],
          [
            -77.5385384,
            37.5788966
          ],
          [
            -77.5387,
            37.5787777
          ],
          [
            -77.5388218,
            37.5786864
          ],
          [
            -77.5388348,
            37.5786776
          ],
          [
            -77.538944,
            37.5785809
          ],
          [
            -77.5389739,
            37.5785441
          ],
          [
            -77.5389899,
            37.5785177
          ],
          [
            -77.5389969,
            37.5785049
          ],
          [
            -77.5390478,
            37.5784288
          ],
          [
            -77.5390979,
            37.5783578
          ],
          [
            -77.5391357,
            37.5783022
          ],
          [
            -77.5391827,
            37.5782284
          ],
          [
            -77.5391917,
            37.5782143
          ]
        ]
      },
      "id": "way/1369758844"
    },
    {
      "type": "Feature",
      "properties": {
        "@id": "way/1370058319",
        "highway": "footway",
        "surface": "asphalt"
      },
      "geometry": {
        "type": "LineString",
        "coordinates": [
          [
            -77.5380584,
            37.5797604
          ],
          [
            -77.5380201,
            37.5797695
          ],
          [
            -77.537937,
            37.5797857
          ],
          [
            -77.537835,
            37.5798006
          ],
          [
            -77.537777,
            37.5798057
          ],
          [
            -77.5377221,
            37.5798105
          ],
          [
            -77.537639,
            37.5798102
          ],
          [
            -77.5376186,
            37.5798069
          ],
          [
            -77.5375884,
            37.5798035
          ],
          [
            -77.537476,
            37.5797909
          ],
          [
            -77.5373789,
            37.5797787
          ],
          [
            -77.5372975,
            37.5797651
          ],
          [
            -77.5372485,
            37.579755
          ],
          [
            -77.5372267,
            37.5797249
          ],
          [
            -77.5372141,
            37.5797075
          ]
        ]
      },
      "id": "way/1370058319"
    },
    {
      "type": "Feature",
      "properties": {
        "@id": "way/1371345040",
        "bicycle": "no",
        "foot": "yes",
        "footway": "sidewalk",
        "highway": "footway",
        "horse": "no",
        "surface": "paving_stones"
      },
      "geometry": {
        "type": "LineString",
        "coordinates": [
          [
            -77.535125,
            37.5786058
          ],
          [
            -77.5352243,
            37.5784633
          ],
          [
            -77.5352405,
            37.5783982
          ],
          [
            -77.5352561,
            37.5783689
          ],
          [
            -77.5352467,
            37.5783672
          ]
        ]
      },
      "id": "way/1371345040"
    },
    {
      "type": "Feature",
      "properties": {
        "@id": "way/1371345938",
        "crossing": "uncontrolled",
        "crossing:markings": "yes",
        "footway": "crossing",
        "highway": "footway",
        "surface": "asphalt"
      },
      "geometry": {
        "type": "LineString",
        "coordinates": [
          [
            -77.5345983,
            37.5794815
          ],
          [
            -77.534557,
            37.5794445
          ],
          [
            -77.5344941,
            37.5793881
          ],
          [
            -77.5344365,
            37.5793365
          ]
        ]
      },
      "id": "way/1371345938"
    },
    {
      "type": "Feature",
      "properties": {
        "@id": "way/1371355320",
        "highway": "footway"
      },
      "geometry": {
        "type": "LineString",
        "coordinates": [
          [
            -77.537476,
            37.5797909
          ],
          [
            -77.5374457,
            37.5798134
          ],
          [
            -77.537372,
            37.5798468
          ]
        ]
      },
      "id": "way/1371355320"
    },
    {
      "type": "Feature",
      "properties": {
        "@id": "way/1371355514",
        "highway": "footway"
      },
      "geometry": {
        "type": "LineString",
        "coordinates": [
          [
            -77.5372485,
            37.579755
          ],
          [
            -77.5373264,
            37.5798664
          ],
          [
            -77.5373906,
            37.5799564
          ],
          [
            -77.5374505,
            37.5800404
          ],
          [
            -77.5373112,
            37.5800981
          ]
        ]
      },
      "id": "way/1371355514"
    },
    {
      "type": "Feature",
      "properties": {
        "@id": "way/1371355542",
        "highway": "footway"
      },
      "geometry": {
        "type": "LineString",
        "coordinates": [
          [
            -77.5376665,
            37.5800789
          ],
          [
            -77.5376306,
            37.5800885
          ],
          [
            -77.5375358,
            37.5801276
          ]
        ]
      },
      "id": "way/1371355542"
    },
    {
      "type": "Feature",
      "properties": {
        "@id": "way/1373490228",
        "highway": "footway"
      },
      "geometry": {
        "type": "LineString",
        "coordinates": [
          [
            -77.5359941,
            37.5788035
          ],
          [
            -77.5360214,
            37.5788218
          ]
        ]
      },
      "id": "way/1373490228"
    },
    {
      "type": "Feature",
      "properties": {
        "@id": "way/1374265280",
        "footway": "sidewalk",
        "highway": "footway",
        "surface": "asphalt"
      },
      "geometry": {
        "type": "LineString",
        "coordinates": [
          [
            -77.5351707,
            37.5783261
          ],
          [
            -77.5352045,
            37.5782601
          ],
          [
            -77.5352085,
            37.5782463
          ],
          [
            -77.5352924,
            37.5779833
          ],
          [
            -77.5353164,
            37.5779035
          ],
          [
            -77.5353545,
            37.5777549
          ]
        ]
      },
      "id": "way/1374265280"
    },
    {
      "type": "Feature",
      "properties": {
        "@id": "way/1374812107",
        "highway": "service",
        "service": "parking_aisle"
      },
      "geometry": {
        "type": "LineString",
        "coordinates": [
          [
            -77.5352253,
            37.5774986
          ],
          [
            -77.5351836,
            37.5776419
          ],
          [
            -77.5350599,
            37.5780614
          ],
          [
            -77.5350488,
            37.578099
          ]
        ]
      },
      "id": "way/1374812107"
    },
    {
      "type": "Feature",
      "properties": {
        "@id": "way/1374812108",
        "highway": "service",
        "service": "parking_aisle",
        "surface": "asphalt"
      },
      "geometry": {
        "type": "LineString",
        "coordinates": [
          [
            -77.5349873,
            37.5783481
          ],
          [
            -77.5351146,
            37.5783958
          ],
          [
            -77.5351694,
            37.5784163
          ]
        ]
      },
      "id": "way/1374812108"
    },
    {
      "type": "Feature",
      "properties": {
        "@id": "way/1374815212",
        "highway": "footway"
      },
      "geometry": {
        "type": "LineString",
        "coordinates": [
          [
            -77.5352085,
            37.5782463
          ],
          [
            -77.5351269,
            37.5781395
          ]
        ]
      },
      "id": "way/1374815212"
    },
    {
      "type": "Feature",
      "properties": {
        "@id": "way/1374815213",
        "crossing": "uncontrolled",
        "crossing:markings": "yes",
        "footway": "crossing",
        "highway": "footway",
        "surface": "asphalt"
      },
      "geometry": {
        "type": "LineString",
        "coordinates": [
          [
            -77.5352467,
            37.5783672
          ],
          [
            -77.5352068,
            37.5783598
          ],
          [
            -77.5351693,
            37.5783528
          ]
        ]
      },
      "id": "way/1374815213"
    },
    {
      "type": "Feature",
      "properties": {
        "@id": "way/1374815214",
        "highway": "footway"
      },
      "geometry": {
        "type": "LineString",
        "coordinates": [
          [
            -77.5356987,
            37.5776853
          ],
          [
            -77.5357004,
            37.5777344
          ],
          [
            -77.535631,
            37.577758
          ],
          [
            -77.5355945,
            37.5777624
          ],
          [
            -77.5354605,
            37.5777397
          ]
        ]
      },
      "id": "way/1374815214"
    },
    {
      "type": "Feature",
      "properties": {
        "@id": "way/1374815215",
        "highway": "footway"
      },
      "geometry": {
        "type": "LineString",
        "coordinates": [
          [
            -77.5357004,
            37.5777344
          ],
          [
            -77.535725,
            37.5777755
          ],
          [
            -77.535842,
            37.5778587
          ],
          [
            -77.5359214,
            37.5778883
          ],
          [
            -77.5359919,
            37.5779073
          ]
        ]
      },
      "id": "way/1374815215"
    },
    {
      "type": "Feature",
      "properties": {
        "@id": "way/1374815216",
        "footway": "access_aisle",
        "highway": "footway",
        "surface": "asphalt"
      },
      "geometry": {
        "type": "LineString",
        "coordinates": [
          [
            -77.535702,
            37.5776573
          ],
          [
            -77.5356987,
            37.5776853
          ]
        ]
      },
      "id": "way/1374815216"
    },
    {
      "type": "Feature",
      "properties": {
        "@id": "way/1374815217",
        "crossing": "uncontrolled",
        "crossing:markings": "yes",
        "footway": "crossing",
        "highway": "footway"
      },
      "geometry": {
        "type": "LineString",
        "coordinates": [
          [
            -77.5353737,
            37.5777239
          ],
          [
            -77.5354162,
            37.5777316
          ],
          [
            -77.5354605,
            37.5777397
          ]
        ]
      },
      "id": "way/1374815217"
    },
    {
      "type": "Feature",
      "properties": {
        "@id": "way/1374816630",
        "crossing": "uncontrolled",
        "crossing:markings": "yes",
        "footway": "crossing",
        "highway": "footway"
      },
      "geometry": {
        "type": "LineString",
        "coordinates": [
          [
            -77.5348915,
            37.5793427
          ],
          [
            -77.53486,
            37.57937
          ],
          [
            -77.5348307,
            37.5793955
          ]
        ]
      },
      "id": "way/1374816630"
    },
    {
      "type": "Feature",
      "properties": {
        "@id": "way/1374816631",
        "highway": "footway"
      },
      "geometry": {
        "type": "LineString",
        "coordinates": [
          [
            -77.5348307,
            37.5793955
          ],
          [
            -77.5348235,
            37.5794018
          ],
          [
            -77.5346914,
            37.5795158
          ],
          [
            -77.534644,
            37.579546
          ]
        ]
      },
      "id": "way/1374816631"
    },
    {
      "type": "Feature",
      "properties": {
        "@id": "way/1374816632",
        "footway": "sidewalk",
        "highway": "footway",
        "surface": "paving_stones"
      },
      "geometry": {
        "type": "LineString",
        "coordinates": [
          [
            -77.5347332,
            37.5796726
          ],
          [
            -77.5347124,
            37.5796365
          ],
          [
            -77.5346877,
            37.579601
          ],
          [
            -77.534644,
            37.579546
          ],
          [
            -77.534614,
            37.5795104
          ],
          [
            -77.5346087,
            37.5795005
          ],
          [
            -77.5346072,
            37.579492
          ],
          [
            -77.5346072,
            37.5794849
          ],
          [
            -77.5346099,
            37.5794764
          ],
          [
            -77.5346139,
            37.5794684
          ],
          [
            -77.5346234,
            37.5794583
          ],
          [
            -77.5346669,
            37.5794221
          ]
        ]
      },
      "id": "way/1374816632"
    },
    {
      "type": "Feature",
      "properties": {
        "@id": "way/1374816633",
        "footway": "sidewalk",
        "highway": "footway"
      },
      "geometry": {
        "type": "LineString",
        "coordinates": [
          [
            -77.5348235,
            37.5794018
          ],
          [
            -77.534841,
            37.5794103
          ],
          [
            -77.5349289,
            37.5794839
          ]
        ]
      },
      "id": "way/1374816633"
    },
    {
      "type": "Feature",
      "properties": {
        "@id": "way/1376188911",
        "highway": "footway",
        "name": "Westhampton Green Pathway",
        "surface": "paved"
      },
      "geometry": {
        "type": "LineString",
        "coordinates": [
          [
            -77.542229,
            37.5747404
          ],
          [
            -77.5422542,
            37.5747457
          ],
          [
            -77.5423711,
            37.574715
          ],
          [
            -77.5425291,
            37.5746707
          ],
          [
            -77.5428604,
            37.574574
          ],
          [
            -77.5431255,
            37.5744988
          ],
          [
            -77.5431565,
            37.5744967
          ],
          [
            -77.5431601,
            37.5744928
          ]
        ]
      },
      "id": "way/1376188911"
    },
    {
      "type": "Feature",
      "properties": {
        "@id": "way/1376188912",
        "highway": "footway",
        "name": "Westhampton Green Pathway",
        "surface": "paved"
      },
      "geometry": {
        "type": "LineString",
        "coordinates": [
          [
            -77.5426143,
            37.5751436
          ],
          [
            -77.5428218,
            37.5748949
          ],
          [
            -77.5428466,
            37.5749073
          ],
          [
            -77.5428968,
            37.5748984
          ],
          [
            -77.5429264,
            37.5748633
          ],
          [
            -77.5429148,
            37.5748224
          ],
          [
            -77.5428968,
            37.5748102
          ],
          [
            -77.5429694,
            37.5747204
          ],
          [
            -77.543065,
            37.5746047
          ],
          [
            -77.5431565,
            37.5744967
          ]
        ]
      },
      "id": "way/1376188912"
    },
    {
      "type": "Feature",
      "properties": {
        "@id": "way/1376188913",
        "highway": "footway",
        "name": "Westhampton Green Pathway",
        "surface": "paved"
      },
      "geometry": {
        "type": "LineString",
        "coordinates": [
          [
            -77.5428218,
            37.5748949
          ],
          [
            -77.5428016,
            37.574885
          ],
          [
            -77.5427911,
            37.5748403
          ],
          [
            -77.5428198,
            37.5748082
          ],
          [
            -77.5428659,
            37.5747994
          ],
          [
            -77.5428837,
            37.5748033
          ],
          [
            -77.5428968,
            37.5748102
          ]
        ]
      },
      "id": "way/1376188913"
    },
    {
      "type": "Feature",
      "properties": {
        "@id": "way/1376188914",
        "highway": "footway",
        "name": "Westhampton Green Pathway",
        "surface": "paved"
      },
      "geometry": {
        "type": "LineString",
        "coordinates": [
          [
            -77.542229,
            37.5747404
          ],
          [
            -77.5422697,
            37.5747083
          ],
          [
            -77.5423345,
            37.5746357
          ],
          [
            -77.5424239,
            37.574527
          ],
          [
            -77.5425964,
            37.5743207
          ],
          [
            -77.54265,
            37.5742564
          ],
          [
            -77.5426578,
            37.5742454
          ]
        ]
      },
      "id": "way/1376188914"
    },
    {
      "type": "Feature",
      "properties": {
        "@id": "way/1376188915",
        "access": "yes",
        "handrail": "yes",
        "highway": "steps",
        "surface": "paved"
      },
      "geometry": {
        "type": "LineString",
        "coordinates": [
          [
            -77.5419343,
            37.5739635
          ],
          [
            -77.5419465,
            37.5740128
          ],
          [
            -77.5419703,
            37.5740591
          ]
        ]
      },
      "id": "way/1376188915"
    },
    {
      "type": "Feature",
      "properties": {
        "@id": "way/1376188916",
        "highway": "footway",
        "surface": "paved"
      },
      "geometry": {
        "type": "LineString",
        "coordinates": [
          [
            -77.5400402,
            37.5748201
          ],
          [
            -77.5401516,
            37.5748442
          ],
          [
            -77.5402116,
            37.5748631
          ],
          [
            -77.5402755,
            37.5748943
          ],
          [
            -77.5403174,
            37.5749209
          ],
          [
            -77.5403499,
            37.5749416
          ]
        ]
      },
      "id": "way/1376188916"
    },
    {
      "type": "Feature",
      "properties": {
        "@id": "way/1376188917",
        "highway": "footway",
        "surface": "paved"
      },
      "geometry": {
        "type": "LineString",
        "coordinates": [
          [
            -77.5380694,
            37.5746148
          ],
          [
            -77.5381261,
            37.5746664
          ],
          [
            -77.5381997,
            37.5747147
          ],
          [
            -77.5382277,
            37.5747422
          ],
          [
            -77.5382556,
            37.5747823
          ],
          [
            -77.5383118,
            37.5748483
          ],
          [
            -77.5383636,
            37.5748813
          ],
          [
            -77.5384494,
            37.5749196
          ],
          [
            -77.5385111,
            37.574927
          ],
          [
            -77.538554,
            37.5749143
          ],
          [
            -77.5385822,
            37.5748919
          ],
          [
            -77.5386211,
            37.57486
          ],
          [
            -77.5386275,
            37.5748541
          ],
          [
            -77.5386842,
            37.5748022
          ],
          [
            -77.5386888,
            37.574799
          ],
          [
            -77.5386972,
            37.5747931
          ]
        ]
      },
      "id": "way/1376188917"
    },
    {
      "type": "Feature",
      "properties": {
        "@id": "way/1376188918",
        "highway": "footway",
        "surface": "paved"
      },
      "geometry": {
        "type": "LineString",
        "coordinates": [
          [
            -77.5388094,
            37.5747823
          ],
          [
            -77.5388857,
            37.5747781
          ],
          [
            -77.5389079,
            37.5747781
          ],
          [
            -77.5389359,
            37.5747929
          ],
          [
            -77.5389709,
            37.5747929
          ],
          [
            -77.5390106,
            37.5747901
          ],
          [
            -77.5390429,
            37.5747895
          ],
          [
            -77.5391203,
            37.5747818
          ],
          [
            -77.5391821,
            37.5747768
          ]
        ]
      },
      "id": "way/1376188918"
    },
    {
      "type": "Feature",
      "properties": {
        "@id": "way/1376188919",
        "highway": "footway",
        "surface": "paved"
      },
      "geometry": {
        "type": "LineString",
        "coordinates": [
          [
            -77.5381997,
            37.5747147
          ],
          [
            -77.5382383,
            37.574715
          ],
          [
            -77.5382909,
            37.5747177
          ],
          [
            -77.5383191,
            37.5747202
          ],
          [
            -77.5383795,
            37.5747287
          ],
          [
            -77.5384023,
            37.5747391
          ]
        ]
      },
      "id": "way/1376188919"
    },
    {
      "type": "Feature",
      "properties": {
        "@id": "way/1376189165",
        "highway": "footway",
        "surface": "brick"
      },
      "geometry": {
        "type": "LineString",
        "coordinates": [
          [
            -77.5431565,
            37.5744967
          ],
          [
            -77.5431654,
            37.5745202
          ],
          [
            -77.5431837,
            37.5752282
          ],
          [
            -77.5431889,
            37.575496
          ]
        ]
      },
      "id": "way/1376189165"
    },
    {
      "type": "Feature",
      "properties": {
        "@id": "way/1376189166",
        "highway": "footway",
        "surface": "brick"
      },
      "geometry": {
        "type": "LineString",
        "coordinates": [
          [
            -77.5428912,
            37.5753357
          ],
          [
            -77.5429126,
            37.5753472
          ],
          [
            -77.5431889,
            37.575496
          ],
          [
            -77.5433919,
            37.5756053
          ]
        ]
      },
      "id": "way/1376189166"
    },
    {
      "type": "Feature",
      "properties": {
        "@id": "way/1376189167",
        "highway": "footway",
        "surface": "brick"
      },
      "geometry": {
        "type": "LineString",
        "coordinates": [
          [
            -77.5426014,
            37.5755903
          ],
          [
            -77.5428556,
            37.5757274
          ]
        ]
      },
      "id": "way/1376189167"
    },
    {
      "type": "Feature",
      "properties": {
        "@id": "way/1376189168",
        "highway": "footway",
        "surface": "brick"
      },
      "geometry": {
        "type": "LineString",
        "coordinates": [
          [
            -77.5428556,
            37.5757274
          ],
          [
            -77.5428839,
            37.5758601
          ]
        ]
      },
      "id": "way/1376189168"
    },
    {
      "type": "Feature",
      "properties": {
        "@id": "way/1376189169",
        "highway": "footway",
        "surface": "brick"
      },
      "geometry": {
        "type": "LineString",
        "coordinates": [
          [
            -77.5430652,
            37.5756336
          ],
          [
            -77.5430182,
            37.5756894
          ],
          [
            -77.5430061,
            37.5757042
          ],
          [
            -77.5428839,
            37.5758601
          ]
        ]
      },
      "id": "way/1376189169"
    },
    {
      "type": "Feature",
      "properties": {
        "@id": "way/1376189170",
        "highway": "footway",
        "surface": "brick"
      },
      "geometry": {
        "type": "LineString",
        "coordinates": [
          [
            -77.5428556,
            37.5757274
          ],
          [
            -77.5430061,
            37.5757042
          ]
        ]
      },
      "id": "way/1376189170"
    },
    {
      "type": "Feature",
      "properties": {
        "@id": "way/1376189171",
        "highway": "footway",
        "surface": "brick"
      },
      "geometry": {
        "type": "LineString",
        "coordinates": [
          [
            -77.5428556,
            37.5757274
          ],
          [
            -77.5429264,
            37.5756441
          ],
          [
            -77.5430182,
            37.5756894
          ],
          [
            -77.5431751,
            37.5757754
          ]
        ]
      },
      "id": "way/1376189171"
    },
    {
      "type": "Feature",
      "properties": {
        "@id": "way/1376189172",
        "highway": "footway",
        "surface": "brick"
      },
      "geometry": {
        "type": "LineString",
        "coordinates": [
          [
            -77.5428556,
            37.5757274
          ],
          [
            -77.5427905,
            37.5758089
          ],
          [
            -77.5428839,
            37.5758601
          ],
          [
            -77.5430348,
            37.5759412
          ],
          [
            -77.5431751,
            37.5757754
          ]
        ]
      },
      "id": "way/1376189172"
    },
    {
      "type": "Feature",
      "properties": {
        "@id": "way/1376189173",
        "highway": "footway",
        "surface": "brick"
      },
      "geometry": {
        "type": "LineString",
        "coordinates": [
          [
            -77.5432795,
            37.575773
          ],
          [
            -77.543219,
            37.5757421
          ],
          [
            -77.543195,
            37.5757715
          ],
          [
            -77.5431751,
            37.5757754
          ]
        ]
      },
      "id": "way/1376189173"
    },
    {
      "type": "Feature",
      "properties": {
        "@id": "way/1376189174",
        "footway": "sidewalk",
        "highway": "footway",
        "surface": "paved"
      },
      "geometry": {
        "type": "LineString",
        "coordinates": [
          [
            -77.5421181,
            37.5748207
          ],
          [
            -77.5421468,
            37.5748413
          ],
          [
            -77.5421992,
            37.5748761
          ],
          [
            -77.5422584,
            37.5749173
          ],
          [
            -77.5422803,
            37.5749368
          ],
          [
            -77.5422969,
            37.5749521
          ],
          [
            -77.5423446,
            37.5749995
          ],
          [
            -77.5424012,
            37.575061
          ],
          [
            -77.5424543,
            37.5751338
          ],
          [
            -77.5424801,
            37.5751744
          ],
          [
            -77.5425062,
            37.5752226
          ],
          [
            -77.5425333,
            37.5752893
          ],
          [
            -77.5425428,
            37.5753292
          ],
          [
            -77.5425485,
            37.5753723
          ],
          [
            -77.5425518,
            37.5754103
          ],
          [
            -77.5425509,
            37.5754409
          ],
          [
            -77.5425496,
            37.5754727
          ],
          [
            -77.5425599,
            37.5754726
          ]
        ]
      },
      "id": "way/1376189174"
    },
    {
      "type": "Feature",
      "properties": {
        "@id": "way/1376189175",
        "highway": "footway",
        "surface": "paved"
      },
      "geometry": {
        "type": "LineString",
        "coordinates": [
          [
            -77.5432393,
            37.5760991
          ],
          [
            -77.5432348,
            37.5760923
          ],
          [
            -77.5432183,
            37.5760759
          ],
          [
            -77.5432005,
            37.5760654
          ],
          [
            -77.5431555,
            37.5760403
          ],
          [
            -77.5431064,
            37.5760153
          ],
          [
            -77.5430131,
            37.5759651
          ]
        ]
      },
      "id": "way/1376189175"
    },
    {
      "type": "Feature",
      "properties": {
        "@id": "way/1376189176",
        "footway": "sidewalk",
        "highway": "footway",
        "surface": "paved"
      },
      "geometry": {
        "type": "LineString",
        "coordinates": [
          [
            -77.5423744,
            37.5758418
          ],
          [
            -77.5423601,
            37.5758629
          ],
          [
            -77.5423466,
            37.5758897
          ],
          [
            -77.5423355,
            37.5759198
          ],
          [
            -77.542332,
            37.5759441
          ],
          [
            -77.5423322,
            37.5759711
          ],
          [
            -77.542337,
            37.5759972
          ],
          [
            -77.5423562,
            37.5760365
          ],
          [
            -77.5423809,
            37.5760643
          ],
          [
            -77.5424132,
            37.5760921
          ],
          [
            -77.5424537,
            37.5761173
          ],
          [
            -77.5424972,
            37.5761355
          ],
          [
            -77.5425421,
            37.5761495
          ],
          [
            -77.5425901,
            37.5761592
          ],
          [
            -77.5426346,
            37.576165
          ],
          [
            -77.5426845,
            37.5761688
          ],
          [
            -77.5427417,
            37.5761681
          ],
          [
            -77.5428544,
            37.5761642
          ],
          [
            -77.5429208,
            37.5761596
          ],
          [
            -77.5429932,
            37.5761499
          ],
          [
            -77.5430648,
            37.5761403
          ],
          [
            -77.5431581,
            37.5761169
          ],
          [
            -77.5432348,
            37.5760923
          ],
          [
            -77.5432477,
            37.5760881
          ],
          [
            -77.543303,
            37.5760654
          ],
          [
            -77.5433875,
            37.576028
          ],
          [
            -77.5435406,
            37.5759385
          ],
          [
            -77.5436003,
            37.5759061
          ],
          [
            -77.5436333,
            37.5758829
          ],
          [
            -77.5436636,
            37.5758566
          ],
          [
            -77.5436818,
            37.5758348
          ],
          [
            -77.5437082,
            37.5757897
          ]
        ]
      },
      "id": "way/1376189176"
    },
    {
      "type": "Feature",
      "properties": {
        "@id": "way/1376189177",
        "highway": "footway",
        "surface": "paved"
      },
      "geometry": {
        "type": "LineString",
        "coordinates": [
          [
            -77.5434323,
            37.5758752
          ],
          [
            -77.5434805,
            37.5759015
          ],
          [
            -77.5435226,
            37.5759247
          ],
          [
            -77.5435406,
            37.5759385
          ]
        ]
      },
      "id": "way/1376189177"
    },
    {
      "type": "Feature",
      "properties": {
        "@id": "way/1376189178",
        "highway": "footway",
        "surface": "paved"
      },
      "geometry": {
        "type": "LineString",
        "coordinates": [
          [
            -77.5435312,
            37.5758426
          ],
          [
            -77.5434805,
            37.5759015
          ]
        ]
      },
      "id": "way/1376189178"
    },
    {
      "type": "Feature",
      "properties": {
        "@id": "way/1376189180",
        "crossing": "uncontrolled",
        "crossing:markings": "yes",
        "footway": "crossing",
        "highway": "footway"
      },
      "geometry": {
        "type": "LineString",
        "coordinates": [
          [
            -77.5426014,
            37.5755903
          ],
          [
            -77.542584,
            37.5755409
          ],
          [
            -77.5425599,
            37.5754726
          ]
        ]
      },
      "id": "way/1376189180"
    },
    {
      "type": "Feature",
      "properties": {
        "@id": "way/1376189181",
        "crossing": "uncontrolled",
        "crossing:markings": "yes",
        "footway": "crossing",
        "highway": "footway"
      },
      "geometry": {
        "type": "LineString",
        "coordinates": [
          [
            -77.5424068,
            37.576098
          ],
          [
            -77.5423808,
            37.5761208
          ],
          [
            -77.5423577,
            37.5761455
          ]
        ]
      },
      "id": "way/1376189181"
    },
    {
      "type": "Feature",
      "properties": {
        "@id": "way/1376189182",
        "crossing": "uncontrolled",
        "crossing:markings": "yes",
        "footway": "crossing",
        "highway": "footway",
        "surface": "asphalt"
      },
      "geometry": {
        "type": "LineString",
        "coordinates": [
          [
            -77.5427424,
            37.5762327
          ],
          [
            -77.5427413,
            37.5762043
          ],
          [
            -77.5427417,
            37.5761762
          ]
        ]
      },
      "id": "way/1376189182"
    },
    {
      "type": "Feature",
      "properties": {
        "@id": "way/1376189549",
        "highway": "footway"
      },
      "geometry": {
        "type": "LineString",
        "coordinates": [
          [
            -77.5422628,
            37.5758192
          ],
          [
            -77.5422066,
            37.575846
          ]
        ]
      },
      "id": "way/1376189549"
    },
    {
      "type": "Feature",
      "properties": {
        "@id": "way/1376189551",
        "highway": "footway"
      },
      "geometry": {
        "type": "LineString",
        "coordinates": [
          [
            -77.5438352,
            37.5761205
          ],
          [
            -77.5437542,
            37.576177
          ],
          [
            -77.5437234,
            37.5762407
          ],
          [
            -77.5436899,
            37.5762737
          ],
          [
            -77.543545,
            37.5762946
          ],
          [
            -77.5434002,
            37.5763013
          ],
          [
            -77.5432851,
            37.5762937
          ],
          [
            -77.5432736,
            37.576294
          ],
          [
            -77.5432734,
            37.5762874
          ]
        ]
      },
      "id": "way/1376189551"
    },
    {
      "type": "Feature",
      "properties": {
        "@id": "way/1376189552",
        "highway": "steps"
      },
      "geometry": {
        "type": "LineString",
        "coordinates": [
          [
            -77.5419512,
            37.5763467
          ],
          [
            -77.5417874,
            37.5765201
          ],
          [
            -77.5416465,
            37.5766692
          ],
          [
            -77.5414619,
            37.5769371
          ]
        ]
      },
      "id": "way/1376189552"
    },
    {
      "type": "Feature",
      "properties": {
        "@id": "way/1376189570",
        "highway": "footway",
        "name": "Phi Gamma Delta Fraternity Foot Path"
      },
      "geometry": {
        "type": "LineString",
        "coordinates": [
          [
            -77.5401441,
            37.5819987
          ],
          [
            -77.5402059,
            37.5820683
          ],
          [
            -77.5402091,
            37.5821446
          ],
          [
            -77.5402466,
            37.5821724
          ],
          [
            -77.540281,
            37.5822256
          ]
        ]
      },
      "id": "way/1376189570"
    },
    {
      "type": "Feature",
      "properties": {
        "@id": "way/1376189572",
        "highway": "footway",
        "name": "Law Dorm Footpath"
      },
      "geometry": {
        "type": "LineString",
        "coordinates": [
          [
            -77.5388433,
            37.5823869
          ],
          [
            -77.5388507,
            37.5823986
          ],
          [
            -77.5388541,
            37.5824134
          ],
          [
            -77.5388512,
            37.5824416
          ],
          [
            -77.5388394,
            37.5824805
          ],
          [
            -77.538832,
            37.5825083
          ],
          [
            -77.5388201,
            37.5825529
          ]
        ]
      },
      "id": "way/1376189572"
    },
    {
      "type": "Feature",
      "properties": {
        "@id": "way/1376189573",
        "highway": "footway",
        "name": "The Cave Footpath",
        "surface": "concrete"
      },
      "geometry": {
        "type": "LineString",
        "coordinates": [
          [
            -77.5391346,
            37.5823863
          ],
          [
            -77.5390877,
            37.5824078
          ],
          [
            -77.5390292,
            37.5824476
          ],
          [
            -77.5389897,
            37.5824685
          ],
          [
            -77.5389538,
            37.582478
          ],
          [
            -77.5389287,
            37.5824827
          ],
          [
            -77.5389175,
            37.5824836
          ],
          [
            -77.538832,
            37.5825083
          ]
        ]
      },
      "id": "way/1376189573"
    },
    {
      "type": "Feature",
      "properties": {
        "@id": "way/1376189574",
        "bridge": "yes",
        "highway": "footway",
        "layer": "1",
        "name": "Connecting Lodge Footpath"
      },
      "geometry": {
        "type": "LineString",
        "coordinates": [
          [
            -77.5402022,
            37.5819178
          ],
          [
            -77.5402599,
            37.5818965
          ],
          [
            -77.5404106,
            37.5818613
          ],
          [
            -77.5405098,
            37.5818507
          ],
          [
            -77.540645,
            37.5818536
          ]
        ]
      },
      "id": "way/1376189574"
    },
    {
      "type": "Feature",
      "properties": {
        "@id": "way/1376189575",
        "highway": "footway",
        "name": "Sigma Phi Epsilon Footpath",
        "surface": "concrete"
      },
      "geometry": {
        "type": "LineString",
        "coordinates": [
          [
            -77.5396679,
            37.5822364
          ],
          [
            -77.5397409,
            37.582298
          ]
        ]
      },
      "id": "way/1376189575"
    },
    {
      "type": "Feature",
      "properties": {
        "@id": "way/1376189762",
        "highway": "footway",
        "surface": "concrete:slabs"
      },
      "geometry": {
        "type": "LineString",
        "coordinates": [
          [
            -77.5412472,
            37.5716034
          ],
          [
            -77.541275,
            37.5715623
          ],
          [
            -77.5413121,
            37.571528
          ],
          [
            -77.5413669,
            37.5714906
          ],
          [
            -77.5414162,
            37.5714564
          ],
          [
            -77.5414393,
            37.5714088
          ],
          [
            -77.5414727,
            37.571359
          ]
        ]
      },
      "id": "way/1376189762"
    },
    {
      "type": "Feature",
      "properties": {
        "@id": "way/1376189763",
        "highway": "footway",
        "surface": "paved"
      },
      "geometry": {
        "type": "LineString",
        "coordinates": [
          [
            -77.5417299,
            37.5717656
          ],
          [
            -77.5416575,
            37.571703
          ],
          [
            -77.541614,
            37.5716686
          ],
          [
            -77.5415599,
            37.5716395
          ],
          [
            -77.5414531,
            37.5715934
          ],
          [
            -77.5413904,
            37.5715646
          ],
          [
            -77.5413121,
            37.571528
          ]
        ]
      },
      "id": "way/1376189763"
    },
    {
      "type": "Feature",
      "properties": {
        "@id": "way/1376189764",
        "crossing": "uncontrolled",
        "crossing:markings": "ladder",
        "footway": "crossing",
        "highway": "footway"
      },
      "geometry": {
        "type": "LineString",
        "coordinates": [
          [
            -77.5408626,
            37.5720726
          ],
          [
            -77.5408567,
            37.5720891
          ],
          [
            -77.5408312,
            37.5721603
          ],
          [
            -77.5408196,
            37.5721927
          ]
        ]
      },
      "id": "way/1376189764"
    },
    {
      "type": "Feature",
      "properties": {
        "@id": "way/1376189992",
        "highway": "footway"
      },
      "geometry": {
        "type": "LineString",
        "coordinates": [
          [
            -77.5375667,
            37.5774261
          ],
          [
            -77.5375192,
            37.5773811
          ],
          [
            -77.5374826,
            37.5773484
          ],
          [
            -77.5374474,
            37.5773108
          ],
          [
            -77.5374304,
            37.5772858
          ],
          [
            -77.5374166,
            37.5772571
          ],
          [
            -77.5374027,
            37.5772234
          ],
          [
            -77.5373933,
            37.5771877
          ],
          [
            -77.5373881,
            37.5771463
          ],
          [
            -77.5373862,
            37.5770559
          ]
        ]
      },
      "id": "way/1376189992"
    },
    {
      "type": "Feature",
      "properties": {
        "@id": "way/1376189993",
        "highway": "footway"
      },
      "geometry": {
        "type": "LineString",
        "coordinates": [
          [
            -77.5372201,
            37.5768972
          ],
          [
            -77.5369974,
            37.5768561
          ],
          [
            -77.5369825,
            37.5768579
          ]
        ]
      },
      "id": "way/1376189993"
    },
    {
      "type": "Feature",
      "properties": {
        "@id": "way/1376189994",
        "highway": "footway"
      },
      "geometry": {
        "type": "LineString",
        "coordinates": [
          [
            -77.5377079,
            37.577116
          ],
          [
            -77.5380601,
            37.5773475
          ],
          [
            -77.5380892,
            37.577424
          ],
          [
            -77.5381565,
            37.5774699
          ],
          [
            -77.5382537,
            37.5775361
          ]
        ]
      },
      "id": "way/1376189994"
    },
    {
      "type": "Feature",
      "properties": {
        "@id": "way/1376189995",
        "highway": "footway"
      },
      "geometry": {
        "type": "LineString",
        "coordinates": [
          [
            -77.5379501,
            37.5781309
          ],
          [
            -77.53791,
            37.578103
          ],
          [
            -77.5377667,
            37.5779989
          ]
        ]
      },
      "id": "way/1376189995"
    },
    {
      "type": "Feature",
      "properties": {
        "@id": "way/1376189996",
        "highway": "footway"
      },
      "geometry": {
        "type": "LineString",
        "coordinates": [
          [
            -77.5394262,
            37.5773289
          ],
          [
            -77.5392493,
            37.5771568
          ],
          [
            -77.539151,
            37.5770897
          ]
        ]
      },
      "id": "way/1376189996"
    },
    {
      "type": "Feature",
      "properties": {
        "@id": "way/1376189997",
        "highway": "footway"
      },
      "geometry": {
        "type": "LineString",
        "coordinates": [
          [
            -77.5392493,
            37.5771568
          ],
          [
            -77.5393307,
            37.5770324
          ]
        ]
      },
      "id": "way/1376189997"
    },
    {
      "type": "Feature",
      "properties": {
        "@id": "way/1376189998",
        "highway": "footway"
      },
      "geometry": {
        "type": "LineString",
        "coordinates": [
          [
            -77.5378122,
            37.5766767
          ],
          [
            -77.5379075,
            37.5766305
          ],
          [
            -77.5379226,
            37.5766205
          ],
          [
            -77.5379354,
            37.5766121
          ],
          [
            -77.5379527,
            37.576611
          ],
          [
            -77.5379698,
            37.5766137
          ],
          [
            -77.5379909,
            37.5766229
          ],
          [
            -77.5380185,
            37.5766412
          ],
          [
            -77.5380514,
            37.5766597
          ],
          [
            -77.5380817,
            37.5766712
          ],
          [
            -77.5381119,
            37.5766796
          ],
          [
            -77.5381449,
            37.5766817
          ],
          [
            -77.5381815,
            37.5766849
          ],
          [
            -77.5382123,
            37.5766947
          ],
          [
            -77.5382472,
            37.5767119
          ],
          [
            -77.5382846,
            37.5767384
          ],
          [
            -77.538659,
            37.5770039
          ]
        ]
      },
      "id": "way/1376189998"
    },
    {
      "type": "Feature",
      "properties": {
        "@id": "way/1376189999",
        "crossing": "uncontrolled",
        "crossing:markings": "yes",
        "footway": "crossing",
        "highway": "footway"
      },
      "geometry": {
        "type": "LineString",
        "coordinates": [
          [
            -77.5392092,
            37.5776299
          ],
          [
            -77.5391795,
            37.5776077
          ],
          [
            -77.5391499,
            37.5775855
          ]
        ]
      },
      "id": "way/1376189999"
    },
    {
      "type": "Feature",
      "properties": {
        "@id": "way/1376190000",
        "highway": "service",
        "surface": "asphalt"
      },
      "geometry": {
        "type": "LineString",
        "coordinates": [
          [
            -77.5364671,
            37.5765075
          ],
          [
            -77.5366181,
            37.5763843
          ]
        ]
      },
      "id": "way/1376190000"
    },
    {
      "type": "Feature",
      "properties": {
        "@id": "way/1376190001",
        "highway": "footway"
      },
      "geometry": {
        "type": "LineString",
        "coordinates": [
          [
            -77.538078,
            37.5776529
          ],
          [
            -77.5380578,
            37.5776403
          ],
          [
            -77.5380239,
            37.5776739
          ]
        ]
      },
      "id": "way/1376190001"
    },
    {
      "type": "Feature",
      "properties": {
        "@id": "way/1376190013",
        "highway": "footway"
      },
      "geometry": {
        "type": "LineString",
        "coordinates": [
          [
            -77.5379401,
            37.578244
          ],
          [
            -77.537854,
            37.578259
          ],
          [
            -77.5377444,
            37.5782835
          ],
          [
            -77.5377102,
            37.5782912
          ],
          [
            -77.5377076,
            37.578501
          ]
        ]
      },
      "id": "way/1376190013"
    },
    {
      "type": "Feature",
      "properties": {
        "@id": "way/1376190014",
        "highway": "footway"
      },
      "geometry": {
        "type": "LineString",
        "coordinates": [
          [
            -77.5376237,
            37.5776525
          ],
          [
            -77.537763,
            37.5775273
          ]
        ]
      },
      "id": "way/1376190014"
    },
    {
      "type": "Feature",
      "properties": {
        "@id": "way/1376190015",
        "highway": "footway"
      },
      "geometry": {
        "type": "LineString",
        "coordinates": [
          [
            -77.5371104,
            37.5774176
          ],
          [
            -77.5370452,
            37.5773708
          ],
          [
            -77.536994,
            37.5773358
          ]
        ]
      },
      "id": "way/1376190015"
    },
    {
      "type": "Feature",
      "properties": {
        "@id": "way/1376190016",
        "highway": "footway"
      },
      "geometry": {
        "type": "LineString",
        "coordinates": [
          [
            -77.5388126,
            37.5767742
          ],
          [
            -77.5388287,
            37.5768327
          ],
          [
            -77.5388824,
            37.576889
          ],
          [
            -77.5389534,
            37.5769358
          ],
          [
            -77.5390299,
            37.5769942
          ]
        ]
      },
      "id": "way/1376190016"
    },
    {
      "type": "Feature",
      "properties": {
        "@id": "way/1376190017",
        "highway": "footway"
      },
      "geometry": {
        "type": "LineString",
        "coordinates": [
          [
            -77.536803,
            37.5776918
          ],
          [
            -77.5367351,
            37.577644
          ],
          [
            -77.5365903,
            37.5775299
          ],
          [
            -77.5365855,
            37.5775261
          ]
        ]
      },
      "id": "way/1376190017"
    },
    {
      "type": "Feature",
      "properties": {
        "@id": "way/1376190018",
        "highway": "footway"
      },
      "geometry": {
        "type": "LineString",
        "coordinates": [
          [
            -77.5384328,
            37.5779651
          ],
          [
            -77.5384064,
            37.5779459
          ],
          [
            -77.5383006,
            37.5778689
          ],
          [
            -77.5382761,
            37.5778443
          ]
        ]
      },
      "id": "way/1376190018"
    },
    {
      "type": "Feature",
      "properties": {
        "@id": "way/1376190019",
        "highway": "footway"
      },
      "geometry": {
        "type": "LineString",
        "coordinates": [
          [
            -77.5379434,
            37.5767868
          ],
          [
            -77.5379115,
            37.5768137
          ],
          [
            -77.5378781,
            37.57683
          ],
          [
            -77.5377969,
            37.5768471
          ],
          [
            -77.5377483,
            37.5769077
          ],
          [
            -77.5377342,
            37.5768451
          ],
          [
            -77.5377969,
            37.5768471
          ]
        ]
      },
      "id": "way/1376190019"
    },
    {
      "type": "Feature",
      "properties": {
        "@id": "way/1376190020",
        "highway": "footway"
      },
      "geometry": {
        "type": "LineString",
        "coordinates": [
          [
            -77.5372624,
            37.5772361
          ],
          [
            -77.5372225,
            37.5772071
          ]
        ]
      },
      "id": "way/1376190020"
    },
    {
      "type": "Feature",
      "properties": {
        "@id": "way/1376190021",
        "highway": "footway"
      },
      "geometry": {
        "type": "LineString",
        "coordinates": [
          [
            -77.5378214,
            37.5778592
          ],
          [
            -77.5377375,
            37.5778051
          ]
        ]
      },
      "id": "way/1376190021"
    },
    {
      "type": "Feature",
      "properties": {
        "@id": "way/1376190022",
        "highway": "footway"
      },
      "geometry": {
        "type": "LineString",
        "coordinates": [
          [
            -77.5380354,
            37.577828
          ],
          [
            -77.5379364,
            37.57776
          ],
          [
            -77.5379384,
            37.5777367
          ],
          [
            -77.5379665,
            37.5777159
          ],
          [
            -77.5380023,
            37.5777125
          ],
          [
            -77.5380673,
            37.5777562
          ],
          [
            -77.5380992,
            37.5777281
          ],
          [
            -77.5380239,
            37.5776739
          ],
          [
            -77.5379448,
            37.5776204
          ]
        ]
      },
      "id": "way/1376190022"
    },
    {
      "type": "Feature",
      "properties": {
        "@id": "way/1376190276",
        "footway": "sidewalk",
        "highway": "footway",
        "surface": "asphalt"
      },
      "geometry": {
        "type": "LineString",
        "coordinates": [
          [
            -77.5370995,
            37.5745222
          ],
          [
            -77.537065,
            37.5745677
          ],
          [
            -77.5370492,
            37.5745937
          ],
          [
            -77.537028,
            37.5746399
          ],
          [
            -77.5370095,
            37.5746967
          ],
          [
            -77.5370032,
            37.5747373
          ],
          [
            -77.5369997,
            37.57477
          ],
          [
            -77.5370022,
            37.5748205
          ],
          [
            -77.5370132,
            37.5748758
          ],
          [
            -77.5370345,
            37.5749436
          ],
          [
            -77.5370705,
            37.5750508
          ],
          [
            -77.5370886,
            37.5751196
          ],
          [
            -77.5370929,
            37.5751863
          ],
          [
            -77.5370892,
            37.5752245
          ],
          [
            -77.5370867,
            37.5752552
          ],
          [
            -77.5370912,
            37.5752707
          ],
          [
            -77.5371027,
            37.5752879
          ]
        ]
      },
      "id": "way/1376190276"
    },
    {
      "type": "Feature",
      "properties": {
        "@id": "way/1376190277",
        "footway": "sidewalk",
        "highway": "footway",
        "surface": "asphalt"
      },
      "geometry": {
        "type": "LineString",
        "coordinates": [
          [
            -77.5372364,
            37.5744108
          ],
          [
            -77.5372671,
            37.5743937
          ],
          [
            -77.537298,
            37.574379
          ],
          [
            -77.5373539,
            37.5743592
          ],
          [
            -77.5374074,
            37.5743441
          ],
          [
            -77.5374849,
            37.5743272
          ]
        ]
      },
      "id": "way/1376190277"
    },
    {
      "type": "Feature",
      "properties": {
        "@id": "way/1376190278",
        "footway": "sidewalk",
        "highway": "footway"
      },
      "geometry": {
        "type": "LineString",
        "coordinates": [
          [
            -77.5376598,
            37.5742974
          ],
          [
            -77.5376762,
            37.5742947
          ],
          [
            -77.5376885,
            37.5742928
          ],
          [
            -77.5376598,
            37.5742974
          ]
        ]
      },
      "id": "way/1376190278"
    },
    {
      "type": "Feature",
      "properties": {
        "@id": "way/1376190279",
        "bridge": "yes",
        "footway": "sidewalk",
        "highway": "footway",
        "layer": "1"
      },
      "geometry": {
        "type": "LineString",
        "coordinates": [
          [
            -77.5374849,
            37.5743272
          ],
          [
            -77.5376598,
            37.5742974
          ]
        ]
      },
      "id": "way/1376190279"
    },
    {
      "type": "Feature",
      "properties": {
        "@id": "way/1376190280",
        "crossing": "unmarked",
        "crossing:markings": "no",
        "footway": "crossing",
        "highway": "footway"
      },
      "geometry": {
        "type": "LineString",
        "coordinates": [
          [
            -77.5376885,
            37.5742928
          ],
          [
            -77.5377369,
            37.5742861
          ],
          [
            -77.5377778,
            37.5742804
          ]
        ]
      },
      "id": "way/1376190280"
    },
    {
      "type": "Feature",
      "properties": {
        "@id": "way/1376190281",
        "crossing": "unmarked",
        "crossing:markings": "no",
        "footway": "crossing",
        "highway": "footway",
        "surface": "asphalt"
      },
      "geometry": {
        "type": "LineString",
        "coordinates": [
          [
            -77.5372027,
            37.5744241
          ],
          [
            -77.5371604,
            37.5744604
          ],
          [
            -77.5371192,
            37.5744986
          ]
        ]
      },
      "id": "way/1376190281"
    },
    {
      "type": "Feature",
      "properties": {
        "@id": "way/1376190282",
        "footway": "sidewalk",
        "highway": "footway"
      },
      "geometry": {
        "type": "LineString",
        "coordinates": [
          [
            -77.537835,
            37.5742775
          ],
          [
            -77.5379835,
            37.5742738
          ],
          [
            -77.5382981,
            37.5742428
          ],
          [
            -77.5385278,
            37.5741952
          ],
          [
            -77.5387854,
            37.5741207
          ],
          [
            -77.5389851,
            37.5740402
          ],
          [
            -77.5391569,
            37.5739604
          ],
          [
            -77.5392006,
            37.5739395
          ]
        ]
      },
      "id": "way/1376190282"
    },
    {
      "type": "Feature",
      "properties": {
        "@id": "way/1376190288",
        "highway": "footway"
      },
      "geometry": {
        "type": "LineString",
        "coordinates": [
          [
            -77.5383963,
            37.5713051
          ],
          [
            -77.5383713,
            37.5713032
          ],
          [
            -77.538382,
            37.5712581
          ],
          [
            -77.5383757,
            37.5712284
          ]
        ]
      },
      "id": "way/1376190288"
    },
    {
      "type": "Feature",
      "properties": {
        "@id": "way/1376190289",
        "footway": "sidewalk",
        "highway": "footway"
      },
      "geometry": {
        "type": "LineString",
        "coordinates": [
          [
            -77.5380359,
            37.5712241
          ],
          [
            -77.5380784,
            37.57123
          ],
          [
            -77.5381415,
            37.571235
          ],
          [
            -77.5382121,
            37.5712373
          ],
          [
            -77.5382782,
            37.5712373
          ],
          [
            -77.5383333,
            37.5712327
          ],
          [
            -77.5383757,
            37.5712284
          ],
          [
            -77.5383865,
            37.5712261
          ],
          [
            -77.5384383,
            37.5712153
          ],
          [
            -77.5384891,
            37.5712098
          ],
          [
            -77.5385646,
            37.5712098
          ],
          [
            -77.5386285,
            37.5712159
          ],
          [
            -77.5387072,
            37.5712235
          ]
        ]
      },
      "id": "way/1376190289"
    },
    {
      "type": "Feature",
      "properties": {
        "@id": "way/1376190290",
        "highway": "footway"
      },
      "geometry": {
        "type": "LineString",
        "coordinates": [
          [
            -77.5383713,
            37.5713032
          ],
          [
            -77.5383243,
            37.5713057
          ],
          [
            -77.5382172,
            37.5713124
          ],
          [
            -77.5381263,
            37.5713405
          ],
          [
            -77.5380779,
            37.5713546
          ],
          [
            -77.538,
            37.5713704
          ],
          [
            -77.5379521,
            37.5713678
          ],
          [
            -77.537913,
            37.5713619
          ],
          [
            -77.5378541,
            37.5713556
          ],
          [
            -77.5378022,
            37.5713559
          ],
          [
            -77.5377474,
            37.5713619
          ],
          [
            -77.5376957,
            37.5713686
          ],
          [
            -77.5376612,
            37.5713618
          ]
        ]
      },
      "id": "way/1376190290"
    },
    {
      "type": "Feature",
      "properties": {
        "@id": "way/1376190291",
        "highway": "footway"
      },
      "geometry": {
        "type": "LineString",
        "coordinates": [
          [
            -77.5380779,
            37.5713546
          ],
          [
            -77.5380662,
            37.5713225
          ],
          [
            -77.5380549,
            37.5712968
          ],
          [
            -77.5380383,
            37.5712742
          ],
          [
            -77.5380233,
            37.5712526
          ],
          [
            -77.5380359,
            37.5712241
          ]
        ]
      },
      "id": "way/1376190291"
    },
    {
      "type": "Feature",
      "properties": {
        "@id": "way/1376190406",
        "highway": "footway",
        "surface": "brick"
      },
      "geometry": {
        "type": "LineString",
        "coordinates": [
          [
            -77.5400702,
            37.5740255
          ],
          [
            -77.5400591,
            37.5739538
          ],
          [
            -77.5400627,
            37.5738973
          ],
          [
            -77.5400613,
            37.5738232
          ],
          [
            -77.5400583,
            37.5738019
          ],
          [
            -77.5400532,
            37.5737891
          ],
          [
            -77.5400432,
            37.5737782
          ],
          [
            -77.5400129,
            37.5737568
          ],
          [
            -77.5399991,
            37.5737471
          ],
          [
            -77.539965,
            37.5737257
          ],
          [
            -77.5399435,
            37.5737099
          ],
          [
            -77.5399384,
            37.5737019
          ],
          [
            -77.5399378,
            37.5736911
          ],
          [
            -77.5399415,
            37.5736789
          ]
        ]
      },
      "id": "way/1376190406"
    },
    {
      "type": "Feature",
      "properties": {
        "@id": "way/1376190407",
        "highway": "footway"
      },
      "geometry": {
        "type": "LineString",
        "coordinates": [
          [
            -77.53954,
            37.5722483
          ],
          [
            -77.5395375,
            37.572212
          ],
          [
            -77.5395187,
            37.5721864
          ]
        ]
      },
      "id": "way/1376190407"
    },
    {
      "type": "Feature",
      "properties": {
        "@id": "way/1376190408",
        "highway": "footway"
      },
      "geometry": {
        "type": "LineString",
        "coordinates": [
          [
            -77.5399051,
            37.5723516
          ],
          [
            -77.5398734,
            37.5723556
          ],
          [
            -77.5397813,
            37.5722961
          ],
          [
            -77.5397599,
            37.5722823
          ],
          [
            -77.5396101,
            37.5722249
          ],
          [
            -77.5395911,
            37.5722158
          ],
          [
            -77.5395187,
            37.5721864
          ]
        ]
      },
      "id": "way/1376190408"
    },
    {
      "type": "Feature",
      "properties": {
        "@id": "way/1376190409",
        "highway": "footway"
      },
      "geometry": {
        "type": "LineString",
        "coordinates": [
          [
            -77.5398223,
            37.572033
          ],
          [
            -77.5398019,
            37.5720387
          ],
          [
            -77.5397532,
            37.5720555
          ],
          [
            -77.5397146,
            37.5720645
          ],
          [
            -77.5396479,
            37.5720924
          ],
          [
            -77.5395757,
            37.5721428
          ],
          [
            -77.5395187,
            37.5721864
          ],
          [
            -77.5394626,
            37.5721991
          ],
          [
            -77.539387,
            37.5722182
          ],
          [
            -77.5392673,
            37.572228
          ],
          [
            -77.539248,
            37.5722278
          ],
          [
            -77.539142,
            37.5722266
          ]
        ]
      },
      "id": "way/1376190409"
    },
    {
      "type": "Feature",
      "properties": {
        "@id": "way/1376190411",
        "highway": "footway"
      },
      "geometry": {
        "type": "LineString",
        "coordinates": [
          [
            -77.5394626,
            37.5721991
          ],
          [
            -77.5394953,
            37.5721647
          ],
          [
            -77.5395104,
            37.572146
          ],
          [
            -77.5395252,
            37.5721223
          ],
          [
            -77.5395315,
            37.5720899
          ],
          [
            -77.5395317,
            37.5720659
          ],
          [
            -77.5394316,
            37.5719959
          ],
          [
            -77.5393856,
            37.5719624
          ],
          [
            -77.5393706,
            37.5719221
          ],
          [
            -77.5393556,
            37.5718751
          ],
          [
            -77.5393486,
            37.5718247
          ],
          [
            -77.5393434,
            37.5717309
          ],
          [
            -77.5393335,
            37.5716979
          ],
          [
            -77.5392885,
            37.5716395
          ],
          [
            -77.5392247,
            37.5715907
          ],
          [
            -77.5391355,
            37.5715477
          ],
          [
            -77.5390628,
            37.5715376
          ]
        ]
      },
      "id": "way/1376190411"
    },
    {
      "type": "Feature",
      "properties": {
        "@id": "way/1376190412",
        "highway": "footway"
      },
      "geometry": {
        "type": "LineString",
        "coordinates": [
          [
            -77.5390749,
            37.5716965
          ],
          [
            -77.5391614,
            37.5716356
          ],
          [
            -77.5392247,
            37.5715907
          ],
          [
            -77.5392779,
            37.5715438
          ]
        ]
      },
      "id": "way/1376190412"
    },
    {
      "type": "Feature",
      "properties": {
        "@id": "way/1376190414",
        "highway": "footway"
      },
      "geometry": {
        "type": "LineString",
        "coordinates": [
          [
            -77.5396479,
            37.5720924
          ],
          [
            -77.5396014,
            37.5720952
          ],
          [
            -77.5395843,
            37.5720929
          ],
          [
            -77.5395602,
            37.572085
          ],
          [
            -77.5395317,
            37.5720659
          ],
          [
            -77.5395319,
            37.5720045
          ],
          [
            -77.539532,
            37.5719735
          ]
        ]
      },
      "id": "way/1376190414"
    },
    {
      "type": "Feature",
      "properties": {
        "@id": "way/1376190415",
        "highway": "footway"
      },
      "geometry": {
        "type": "LineString",
        "coordinates": [
          [
            -77.539532,
            37.5719735
          ],
          [
            -77.539467,
            37.57197
          ],
          [
            -77.5394472,
            37.571969
          ],
          [
            -77.5393856,
            37.5719624
          ]
        ]
      },
      "id": "way/1376190415"
    },
    {
      "type": "Feature",
      "properties": {
        "@id": "way/1376190416",
        "highway": "footway"
      },
      "geometry": {
        "type": "LineString",
        "coordinates": [
          [
            -77.5393613,
            37.5719631
          ],
          [
            -77.5393474,
            37.5719813
          ],
          [
            -77.5393316,
            37.5720305
          ],
          [
            -77.5393268,
            37.5720454
          ]
        ]
      },
      "id": "way/1376190416"
    },
    {
      "type": "Feature",
      "properties": {
        "@id": "way/1376190417",
        "highway": "footway",
        "layer": "-1"
      },
      "geometry": {
        "type": "LineString",
        "coordinates": [
          [
            -77.5393856,
            37.5719624
          ],
          [
            -77.5393613,
            37.5719631
          ],
          [
            -77.539322,
            37.5719604
          ],
          [
            -77.5392162,
            37.5719626
          ],
          [
            -77.5390887,
            37.5719665
          ]
        ]
      },
      "id": "way/1376190417"
    },
    {
      "type": "Feature",
      "properties": {
        "@id": "way/1376190418",
        "highway": "footway"
      },
      "geometry": {
        "type": "LineString",
        "coordinates": [
          [
            -77.5391223,
            37.5724435
          ],
          [
            -77.5393059,
            37.5724481
          ],
          [
            -77.5393065,
            37.5724669
          ],
          [
            -77.5391248,
            37.5724864
          ],
          [
            -77.5389624,
            37.5725024
          ],
          [
            -77.5389623,
            37.5725228
          ],
          [
            -77.5391273,
            37.5725278
          ]
        ]
      },
      "id": "way/1376190418"
    },
    {
      "type": "Feature",
      "properties": {
        "@id": "way/1376190419",
        "highway": "footway"
      },
      "geometry": {
        "type": "LineString",
        "coordinates": [
          [
            -77.5400079,
            37.5726985
          ],
          [
            -77.5400163,
            37.5727024
          ],
          [
            -77.5400337,
            37.5727106
          ],
          [
            -77.5400466,
            37.5727271
          ],
          [
            -77.5400669,
            37.5727704
          ],
          [
            -77.540076,
            37.5727999
          ],
          [
            -77.540081,
            37.5728237
          ],
          [
            -77.5400834,
            37.572852
          ],
          [
            -77.5400828,
            37.5728807
          ],
          [
            -77.5400878,
            37.572898
          ],
          [
            -77.5400964,
            37.5729163
          ],
          [
            -77.5401089,
            37.5729319
          ],
          [
            -77.5401221,
            37.5729436
          ],
          [
            -77.5401398,
            37.5729538
          ],
          [
            -77.5401772,
            37.5729685
          ],
          [
            -77.5400766,
            37.5731741
          ],
          [
            -77.5400252,
            37.5732889
          ],
          [
            -77.5399127,
            37.5732535
          ],
          [
            -77.5399038,
            37.5732507
          ]
        ]
      },
      "id": "way/1376190419"
    },
    {
      "type": "Feature",
      "properties": {
        "@id": "way/1376190420",
        "highway": "footway"
      },
      "geometry": {
        "type": "LineString",
        "coordinates": [
          [
            -77.5390519,
            37.571368
          ],
          [
            -77.5391403,
            37.5713651
          ],
          [
            -77.5392821,
            37.5713586
          ],
          [
            -77.5392958,
            37.5713579
          ],
          [
            -77.5393292,
            37.5713561
          ],
          [
            -77.5393314,
            37.5714498
          ]
        ]
      },
      "id": "way/1376190420"
    },
    {
      "type": "Feature",
      "properties": {
        "@id": "way/1376190422",
        "highway": "steps"
      },
      "geometry": {
        "type": "LineString",
        "coordinates": [
          [
            -77.5400337,
            37.5727106
          ],
          [
            -77.5401393,
            37.5727428
          ],
          [
            -77.5402078,
            37.5727638
          ]
        ]
      },
      "id": "way/1376190422"
    },
    {
      "type": "Feature",
      "properties": {
        "@id": "way/1376190437",
        "highway": "footway",
        "incline": "up",
        "surface": "paved"
      },
      "geometry": {
        "type": "LineString",
        "coordinates": [
          [
            -77.5394743,
            37.5773678
          ],
          [
            -77.5395639,
            37.5774896
          ],
          [
            -77.5396328,
            37.5775852
          ],
          [
            -77.5396764,
            37.5776504
          ],
          [
            -77.5397103,
            37.5777121
          ],
          [
            -77.5397305,
            37.5777373
          ],
          [
            -77.5397574,
            37.5777652
          ],
          [
            -77.5397986,
            37.5777978
          ],
          [
            -77.539845,
            37.5778378
          ],
          [
            -77.5398621,
            37.5778622
          ],
          [
            -77.5398743,
            37.5778898
          ],
          [
            -77.5398772,
            37.5778962
          ],
          [
            -77.5398887,
            37.577923
          ],
          [
            -77.5398891,
            37.5779377
          ],
          [
            -77.5398835,
            37.5779503
          ],
          [
            -77.5398732,
            37.5779633
          ],
          [
            -77.5398582,
            37.5779783
          ],
          [
            -77.5398422,
            37.577994
          ],
          [
            -77.5398306,
            37.578012
          ],
          [
            -77.5398194,
            37.578039
          ],
          [
            -77.5398074,
            37.5780678
          ]
        ]
      },
      "id": "way/1376190437"
    },
    {
      "type": "Feature",
      "properties": {
        "@id": "way/1376190445",
        "highway": "footway",
        "surface": "paved"
      },
      "geometry": {
        "type": "LineString",
        "coordinates": [
          [
            -77.5388009,
            37.5782306
          ],
          [
            -77.5387719,
            37.5782386
          ],
          [
            -77.5385583,
            37.578262
          ]
        ]
      },
      "id": "way/1376190445"
    },
    {
      "type": "Feature",
      "properties": {
        "@id": "way/1376190446",
        "highway": "footway",
        "surface": "paved"
      },
      "geometry": {
        "type": "LineString",
        "coordinates": [
          [
            -77.539308,
            37.5782269
          ],
          [
            -77.5393684,
            37.5782517
          ],
          [
            -77.5395277,
            37.5783379
          ],
          [
            -77.5396479,
            37.5783889
          ],
          [
            -77.5397479,
            37.5784246
          ]
        ]
      },
      "id": "way/1376190446"
    },
    {
      "type": "Feature",
      "properties": {
        "@id": "way/1376190450",
        "footway": "sidewalk",
        "highway": "footway",
        "surface": "asphalt"
      },
      "geometry": {
        "type": "LineString",
        "coordinates": [
          [
            -77.5394142,
            37.5770206
          ],
          [
            -77.5394844,
            37.5772725
          ],
          [
            -77.5394872,
            37.5773075
          ],
          [
            -77.5394825,
            37.5773392
          ],
          [
            -77.5394743,
            37.5773678
          ],
          [
            -77.5394465,
            37.5774224
          ],
          [
            -77.5394069,
            37.5774687
          ],
          [
            -77.5393687,
            37.5775037
          ],
          [
            -77.5392182,
            37.5776371
          ],
          [
            -77.5391776,
            37.5776672
          ],
          [
            -77.5390091,
            37.5778246
          ],
          [
            -77.5388423,
            37.5779727
          ],
          [
            -77.538735,
            37.5780765
          ],
          [
            -77.5386757,
            37.5781355
          ],
          [
            -77.5385583,
            37.578262
          ],
          [
            -77.5385104,
            37.5783078
          ]
        ]
      },
      "id": "way/1376190450"
    },
    {
      "type": "Feature",
      "properties": {
        "@id": "way/1376190451",
        "highway": "footway",
        "surface": "paved"
      },
      "geometry": {
        "type": "LineString",
        "coordinates": [
          [
            -77.5389642,
            37.5790941
          ],
          [
            -77.5389365,
            37.5790478
          ],
          [
            -77.5389263,
            37.5790414
          ],
          [
            -77.538879,
            37.5789311
          ],
          [
            -77.5388374,
            37.5787734
          ],
          [
            -77.5388307,
            37.5787394
          ],
          [
            -77.5388348,
            37.5786776
          ]
        ]
      },
      "id": "way/1376190451"
    },
    {
      "type": "Feature",
      "properties": {
        "@id": "way/1376190452",
        "highway": "footway",
        "surface": "paved"
      },
      "geometry": {
        "type": "LineString",
        "coordinates": [
          [
            -77.5390197,
            37.5788812
          ],
          [
            -77.5389584,
            37.5787763
          ],
          [
            -77.5389499,
            37.5787536
          ],
          [
            -77.538949,
            37.5787223
          ],
          [
            -77.5389739,
            37.5785441
          ]
        ]
      },
      "id": "way/1376190452"
    },
    {
      "type": "Feature",
      "properties": {
        "@id": "way/1376190453",
        "highway": "footway",
        "surface": "paved"
      },
      "geometry": {
        "type": "LineString",
        "coordinates": [
          [
            -77.5389263,
            37.5790414
          ],
          [
            -77.5389002,
            37.5790372
          ],
          [
            -77.5387064,
            37.5789907
          ],
          [
            -77.5386782,
            37.5789749
          ],
          [
            -77.5385681,
            37.5789323
          ],
          [
            -77.5385375,
            37.57892
          ]
        ]
      },
      "id": "way/1376190453"
    },
    {
      "type": "Feature",
      "properties": {
        "@id": "way/1376190454",
        "highway": "footway"
      },
      "geometry": {
        "type": "LineString",
        "coordinates": [
          [
            -77.5386782,
            37.5789749
          ],
          [
            -77.5385909,
            37.5790124
          ],
          [
            -77.5385101,
            37.5790466
          ],
          [
            -77.5384963,
            37.5790524
          ],
          [
            -77.538489,
            37.5790555
          ],
          [
            -77.5384211,
            37.579084
          ],
          [
            -77.5382551,
            37.5791515
          ],
          [
            -77.5382011,
            37.5791612
          ]
        ]
      },
      "id": "way/1376190454"
    },
    {
      "type": "Feature",
      "properties": {
        "@id": "way/1376190455",
        "highway": "footway",
        "surface": "paved"
      },
      "geometry": {
        "type": "LineString",
        "coordinates": [
          [
            -77.5385225,
            37.5789091
          ],
          [
            -77.5385375,
            37.57892
          ],
          [
            -77.5385485,
            37.5789452
          ],
          [
            -77.5385909,
            37.5790124
          ],
          [
            -77.5386108,
            37.5790407
          ]
        ]
      },
      "id": "way/1376190455"
    },
    {
      "type": "Feature",
      "properties": {
        "@id": "way/1376190456",
        "highway": "footway"
      },
      "geometry": {
        "type": "LineString",
        "coordinates": [
          [
            -77.5382791,
            37.5793619
          ],
          [
            -77.5383599,
            37.579197
          ]
        ]
      },
      "id": "way/1376190456"
    },
    {
      "type": "Feature",
      "properties": {
        "@id": "way/1376190457",
        "highway": "footway"
      },
      "geometry": {
        "type": "LineString",
        "coordinates": [
          [
            -77.5383599,
            37.579197
          ],
          [
            -77.5384094,
            37.579099
          ],
          [
            -77.5384211,
            37.579084
          ]
        ]
      },
      "id": "way/1376190457"
    },
    {
      "type": "Feature",
      "properties": {
        "@id": "way/1376190458",
        "crossing": "unmarked",
        "crossing:markings": "no",
        "footway": "crossing",
        "highway": "footway"
      },
      "geometry": {
        "type": "LineString",
        "coordinates": [
          [
            -77.5385104,
            37.5783078
          ],
          [
            -77.538493,
            37.57834
          ],
          [
            -77.5384793,
            37.5783653
          ]
        ]
      },
      "id": "way/1376190458"
    },
    {
      "type": "Feature",
      "properties": {
        "@id": "way/1376190459",
        "highway": "service",
        "service": "driveway"
      },
      "geometry": {
        "type": "LineString",
        "coordinates": [
          [
            -77.5384545,
            37.5782954
          ],
          [
            -77.538493,
            37.57834
          ],
          [
            -77.538645,
            37.5785229
          ]
        ]
      },
      "id": "way/1376190459"
    },
    {
      "type": "Feature",
      "properties": {
        "@id": "way/1376190460",
        "highway": "footway"
      },
      "geometry": {
        "type": "LineString",
        "coordinates": [
          [
            -77.5384793,
            37.5783653
          ],
          [
            -77.5384754,
            37.578376
          ],
          [
            -77.5384731,
            37.5783822
          ],
          [
            -77.538428,
            37.5785672
          ],
          [
            -77.5383903,
            37.5787191
          ],
          [
            -77.5380587,
            37.578792
          ]
        ]
      },
      "id": "way/1376190460"
    },
    {
      "type": "Feature",
      "properties": {
        "@id": "way/1376190461",
        "highway": "footway"
      },
      "geometry": {
        "type": "LineString",
        "coordinates": [
          [
            -77.5383903,
            37.5787191
          ],
          [
            -77.5382572,
            37.5785798
          ],
          [
            -77.5382496,
            37.5785711
          ],
          [
            -77.538243,
            37.5785635
          ]
        ]
      },
      "id": "way/1376190461"
    },
    {
      "type": "Feature",
      "properties": {
        "@id": "way/1376190462",
        "footway": "sidewalk",
        "highway": "footway"
      },
      "geometry": {
        "type": "LineString",
        "coordinates": [
          [
            -77.5384754,
            37.578376
          ],
          [
            -77.5384594,
            37.5783732
          ],
          [
            -77.5384513,
            37.5783742
          ],
          [
            -77.5384414,
            37.5783787
          ],
          [
            -77.5384345,
            37.5783843
          ],
          [
            -77.5382496,
            37.5785711
          ],
          [
            -77.5380587,
            37.578792
          ]
        ]
      },
      "id": "way/1376190462"
    },
    {
      "type": "Feature",
      "properties": {
        "@id": "way/1376190463",
        "highway": "footway",
        "layer": "-1"
      },
      "geometry": {
        "type": "LineString",
        "coordinates": [
          [
            -77.5383903,
            37.5787191
          ],
          [
            -77.538447,
            37.5787857
          ]
        ]
      },
      "id": "way/1376190463"
    },
    {
      "type": "Feature",
      "properties": {
        "@id": "way/1376190464",
        "footway": "sidewalk",
        "highway": "footway"
      },
      "geometry": {
        "type": "LineString",
        "coordinates": [
          [
            -77.5380587,
            37.578792
          ],
          [
            -77.5379292,
            37.5789501
          ],
          [
            -77.5379045,
            37.5789841
          ],
          [
            -77.5377816,
            37.5791529
          ],
          [
            -77.5376877,
            37.5792854
          ],
          [
            -77.5376417,
            37.5793422
          ],
          [
            -77.5375892,
            37.579399
          ],
          [
            -77.537548,
            37.5794368
          ],
          [
            -77.537511,
            37.579469
          ],
          [
            -77.53748,
            37.5794973
          ],
          [
            -77.5374776,
            37.5795134
          ],
          [
            -77.5374772,
            37.5795504
          ],
          [
            -77.5374714,
            37.5795656
          ]
        ]
      },
      "id": "way/1376190464"
    },
    {
      "type": "Feature",
      "properties": {
        "@id": "way/1376190465",
        "highway": "footway"
      },
      "geometry": {
        "type": "LineString",
        "coordinates": [
          [
            -77.5378754,
            37.5792037
          ],
          [
            -77.5379032,
            37.5792178
          ],
          [
            -77.537986,
            37.5792521
          ]
        ]
      },
      "id": "way/1376190465"
    },
    {
      "type": "Feature",
      "properties": {
        "@id": "way/1376190466",
        "highway": "footway"
      },
      "geometry": {
        "type": "LineString",
        "coordinates": [
          [
            -77.5378748,
            37.5793216
          ],
          [
            -77.5378781,
            37.5792934
          ],
          [
            -77.5378837,
            37.5792704
          ],
          [
            -77.5378929,
            37.5792437
          ],
          [
            -77.5379032,
            37.5792178
          ]
        ]
      },
      "id": "way/1376190466"
    },
    {
      "type": "Feature",
      "properties": {
        "@id": "way/1376190467",
        "highway": "footway",
        "surface": "concrete"
      },
      "geometry": {
        "type": "LineString",
        "coordinates": [
          [
            -77.5385254,
            37.5793734
          ],
          [
            -77.5385362,
            37.5794144
          ],
          [
            -77.5385149,
            37.5794585
          ],
          [
            -77.5384874,
            37.5795114
          ],
          [
            -77.538455,
            37.5795544
          ],
          [
            -77.5384012,
            37.579606
          ],
          [
            -77.5383657,
            37.579635
          ],
          [
            -77.5383284,
            37.5796587
          ],
          [
            -77.5382816,
            37.5796825
          ],
          [
            -77.5381912,
            37.5797192
          ],
          [
            -77.5381577,
            37.5797317
          ]
        ]
      },
      "id": "way/1376190467"
    },
    {
      "type": "Feature",
      "properties": {
        "@id": "way/1376190468",
        "highway": "footway",
        "surface": "asphalt"
      },
      "geometry": {
        "type": "LineString",
        "coordinates": [
          [
            -77.5385362,
            37.5794144
          ],
          [
            -77.5385953,
            37.5794003
          ],
          [
            -77.5388566,
            37.5792986
          ],
          [
            -77.5389108,
            37.5792772
          ],
          [
            -77.5390297,
            37.5792265
          ],
          [
            -77.539105,
            37.5791927
          ],
          [
            -77.5391648,
            37.5791689
          ],
          [
            -77.539194,
            37.5791692
          ],
          [
            -77.5392708,
            37.5791726
          ],
          [
            -77.5393306,
            37.5791719
          ],
          [
            -77.539398,
            37.579165
          ],
          [
            -77.5395199,
            37.5791495
          ],
          [
            -77.539556,
            37.5791407
          ],
          [
            -77.5395927,
            37.5791318
          ],
          [
            -77.5396921,
            37.579086
          ],
          [
            -77.5397093,
            37.5790784
          ],
          [
            -77.5397887,
            37.5790433
          ],
          [
            -77.5398525,
            37.5790117
          ]
        ]
      },
      "id": "way/1376190468"
    },
    {
      "type": "Feature",
      "properties": {
        "@id": "way/1376190469",
        "highway": "footway"
      },
      "geometry": {
        "type": "LineString",
        "coordinates": [
          [
            -77.5393922,
            37.578659
          ],
          [
            -77.5393898,
            37.5786803
          ],
          [
            -77.5393702,
            37.5788515
          ],
          [
            -77.5392769,
            37.5788923
          ],
          [
            -77.5390867,
            37.5789778
          ],
          [
            -77.5390197,
            37.5788812
          ]
        ]
      },
      "id": "way/1376190469"
    },
    {
      "type": "Feature",
      "properties": {
        "@id": "way/1376190470",
        "highway": "footway"
      },
      "geometry": {
        "type": "LineString",
        "coordinates": [
          [
            -77.5393922,
            37.578659
          ],
          [
            -77.5393567,
            37.5786896
          ],
          [
            -77.5393095,
            37.5787338
          ],
          [
            -77.5392691,
            37.5787656
          ],
          [
            -77.5392073,
            37.5787961
          ],
          [
            -77.5392,
            37.5787997
          ]
        ]
      },
      "id": "way/1376190470"
    },
    {
      "type": "Feature",
      "properties": {
        "@id": "way/1376190471",
        "highway": "footway"
      },
      "geometry": {
        "type": "LineString",
        "coordinates": [
          [
            -77.5393898,
            37.5786803
          ],
          [
            -77.53942,
            37.5787169
          ],
          [
            -77.5394779,
            37.5788034
          ]
        ]
      },
      "id": "way/1376190471"
    },
    {
      "type": "Feature",
      "properties": {
        "@id": "way/1376190472",
        "highway": "footway"
      },
      "geometry": {
        "type": "LineString",
        "coordinates": [
          [
            -77.53942,
            37.5787169
          ],
          [
            -77.5394569,
            37.5786918
          ]
        ]
      },
      "id": "way/1376190472"
    },
    {
      "type": "Feature",
      "properties": {
        "@id": "way/1376190473",
        "highway": "footway"
      },
      "geometry": {
        "type": "LineString",
        "coordinates": [
          [
            -77.5393702,
            37.5788515
          ],
          [
            -77.5394779,
            37.5788034
          ]
        ]
      },
      "id": "way/1376190473"
    },
    {
      "type": "Feature",
      "properties": {
        "@id": "way/1376190476",
        "highway": "footway",
        "layer": "-1",
        "surface": "paved"
      },
      "geometry": {
        "type": "LineString",
        "coordinates": [
          [
            -77.5389239,
            37.5783688
          ],
          [
            -77.538972,
            37.5784298
          ]
        ]
      },
      "id": "way/1376190476"
    },
    {
      "type": "Feature",
      "properties": {
        "@id": "way/1376190478",
        "highway": "footway"
      },
      "geometry": {
        "type": "LineString",
        "coordinates": [
          [
            -77.5390866,
            37.5785604
          ],
          [
            -77.5389899,
            37.5785177
          ]
        ]
      },
      "id": "way/1376190478"
    },
    {
      "type": "Feature",
      "properties": {
        "@id": "way/1376190479",
        "highway": "footway"
      },
      "geometry": {
        "type": "LineString",
        "coordinates": [
          [
            -77.5383904,
            37.5790113
          ],
          [
            -77.5383458,
            37.5789423
          ],
          [
            -77.5381573,
            37.5790257
          ],
          [
            -77.5381431,
            37.5790416
          ],
          [
            -77.5381358,
            37.5790617
          ],
          [
            -77.5381407,
            37.5790898
          ],
          [
            -77.5381523,
            37.5791125
          ],
          [
            -77.5381862,
            37.5791672
          ]
        ]
      },
      "id": "way/1376190479"
    },
    {
      "type": "Feature",
      "properties": {
        "@id": "way/1376190480",
        "highway": "steps"
      },
      "geometry": {
        "type": "LineString",
        "coordinates": [
          [
            -77.5383888,
            37.5789252
          ],
          [
            -77.5384924,
            37.578884
          ]
        ]
      },
      "id": "way/1376190480"
    },
    {
      "type": "Feature",
      "properties": {
        "@id": "way/1376190481",
        "highway": "footway",
        "surface": "paved"
      },
      "geometry": {
        "type": "LineString",
        "coordinates": [
          [
            -77.538972,
            37.5784298
          ],
          [
            -77.5390478,
            37.5784288
          ]
        ]
      },
      "id": "way/1376190481"
    },
    {
      "type": "Feature",
      "properties": {
        "@id": "way/1376190482",
        "highway": "footway",
        "surface": "paved"
      },
      "geometry": {
        "type": "LineString",
        "coordinates": [
          [
            -77.538972,
            37.5784298
          ],
          [
            -77.5389823,
            37.5784692
          ],
          [
            -77.5389969,
            37.5785049
          ]
        ]
      },
      "id": "way/1376190482"
    },
    {
      "type": "Feature",
      "properties": {
        "@id": "way/1376190483",
        "highway": "footway",
        "layer": "-1",
        "surface": "paved"
      },
      "geometry": {
        "type": "LineString",
        "coordinates": [
          [
            -77.5395812,
            37.5789237
          ],
          [
            -77.5396185,
            37.5789765
          ],
          [
            -77.5396921,
            37.579086
          ]
        ]
      },
      "id": "way/1376190483"
    },
    {
      "type": "Feature",
      "properties": {
        "@id": "way/1376190484",
        "highway": "footway",
        "surface": "paved"
      },
      "geometry": {
        "type": "LineString",
        "coordinates": [
          [
            -77.5389365,
            37.5790478
          ],
          [
            -77.5391091,
            37.5790193
          ]
        ]
      },
      "id": "way/1376190484"
    },
    {
      "type": "Feature",
      "properties": {
        "@id": "way/1376190488",
        "highway": "footway",
        "surface": "paved"
      },
      "geometry": {
        "type": "LineString",
        "coordinates": [
          [
            -77.5396479,
            37.5783889
          ],
          [
            -77.5396604,
            37.5784276
          ],
          [
            -77.5397465,
            37.5786115
          ]
        ]
      },
      "id": "way/1376190488"
    },
    {
      "type": "Feature",
      "properties": {
        "@id": "way/1376190489",
        "highway": "footway",
        "surface": "paved"
      },
      "geometry": {
        "type": "LineString",
        "coordinates": [
          [
            -77.5397479,
            37.5784246
          ],
          [
            -77.5399062,
            37.5784876
          ]
        ]
      },
      "id": "way/1376190489"
    },
    {
      "type": "Feature",
      "properties": {
        "@id": "way/1376190490",
        "highway": "footway",
        "tunnel": "building_passage"
      },
      "geometry": {
        "type": "LineString",
        "coordinates": [
          [
            -77.5404518,
            37.5787434
          ],
          [
            -77.5403612,
            37.5786143
          ]
        ]
      },
      "id": "way/1376190490"
    },
    {
      "type": "Feature",
      "properties": {
        "@id": "way/1376190492",
        "access": "yes",
        "highway": "steps",
        "surface": "concrete"
      },
      "geometry": {
        "type": "LineString",
        "coordinates": [
          [
            -77.5390195,
            37.5778339
          ],
          [
            -77.5390648,
            37.5778685
          ]
        ]
      },
      "id": "way/1376190492"
    },
    {
      "type": "Feature",
      "properties": {
        "@id": "way/1376190494",
        "highway": "footway",
        "surface": "paved"
      },
      "geometry": {
        "type": "LineString",
        "coordinates": [
          [
            -77.5388813,
            37.5780942
          ],
          [
            -77.538735,
            37.5780765
          ]
        ]
      },
      "id": "way/1376190494"
    },
    {
      "type": "Feature",
      "properties": {
        "@id": "way/1376190495",
        "highway": "footway"
      },
      "geometry": {
        "type": "LineString",
        "coordinates": [
          [
            -77.5388218,
            37.5786864
          ],
          [
            -77.5387033,
            37.5785322
          ]
        ]
      },
      "id": "way/1376190495"
    },
    {
      "type": "Feature",
      "properties": {
        "@id": "way/1376190496",
        "highway": "footway",
        "surface": "paved"
      },
      "geometry": {
        "type": "LineString",
        "coordinates": [
          [
            -77.5387064,
            37.5789907
          ],
          [
            -77.538879,
            37.5789311
          ]
        ]
      },
      "id": "way/1376190496"
    },
    {
      "type": "Feature",
      "properties": {
        "@id": "way/1376190497",
        "highway": "footway"
      },
      "geometry": {
        "type": "LineString",
        "coordinates": [
          [
            -77.5385125,
            37.5792042
          ],
          [
            -77.5385116,
            37.5790745
          ],
          [
            -77.5384963,
            37.5790524
          ]
        ]
      },
      "id": "way/1376190497"
    },
    {
      "type": "Feature",
      "properties": {
        "@id": "way/1376190498",
        "highway": "footway"
      },
      "geometry": {
        "type": "LineString",
        "coordinates": [
          [
            -77.5385116,
            37.5790745
          ],
          [
            -77.5386047,
            37.5792085
          ],
          [
            -77.5385125,
            37.5792042
          ],
          [
            -77.5385051,
            37.5792038
          ],
          [
            -77.5383599,
            37.579197
          ],
          [
            -77.5381517,
            37.5791811
          ],
          [
            -77.5382791,
            37.5793619
          ],
          [
            -77.5382928,
            37.579383
          ]
        ]
      },
      "id": "way/1376190498"
    },
    {
      "type": "Feature",
      "properties": {
        "@id": "way/1376190499",
        "highway": "footway"
      },
      "geometry": {
        "type": "LineString",
        "coordinates": [
          [
            -77.5385254,
            37.5793734
          ],
          [
            -77.5385187,
            37.5793499
          ],
          [
            -77.5385171,
            37.5793362
          ],
          [
            -77.5385125,
            37.5792042
          ]
        ]
      },
      "id": "way/1376190499"
    },
    {
      "type": "Feature",
      "properties": {
        "@id": "way/1376190500",
        "highway": "footway"
      },
      "geometry": {
        "type": "LineString",
        "coordinates": [
          [
            -77.5381912,
            37.5797192
          ],
          [
            -77.5381462,
            37.5796555
          ],
          [
            -77.5380675,
            37.5795442
          ],
          [
            -77.537899,
            37.5793038
          ]
        ]
      },
      "id": "way/1376190500"
    },
    {
      "type": "Feature",
      "properties": {
        "@id": "way/1376190503",
        "highway": "footway",
        "surface": "paved"
      },
      "geometry": {
        "type": "LineString",
        "coordinates": [
          [
            -77.5390968,
            37.5791341
          ],
          [
            -77.539105,
            37.5791927
          ]
        ]
      },
      "id": "way/1376190503"
    },
    {
      "type": "Feature",
      "properties": {
        "@id": "way/1376190504",
        "highway": "footway",
        "surface": "paved"
      },
      "geometry": {
        "type": "LineString",
        "coordinates": [
          [
            -77.5396185,
            37.5789765
          ],
          [
            -77.5395927,
            37.5791318
          ]
        ]
      },
      "id": "way/1376190504"
    },
    {
      "type": "Feature",
      "properties": {
        "@id": "way/1376190506",
        "highway": "footway",
        "surface": "paved"
      },
      "geometry": {
        "type": "LineString",
        "coordinates": [
          [
            -77.5401789,
            37.5789043
          ],
          [
            -77.5399974,
            37.5788071
          ],
          [
            -77.5398674,
            37.5787988
          ]
        ]
      },
      "id": "way/1376190506"
    },
    {
      "type": "Feature",
      "properties": {
        "@id": "way/1376190507",
        "highway": "footway",
        "surface": "paved"
      },
      "geometry": {
        "type": "LineString",
        "coordinates": [
          [
            -77.5392325,
            37.5782241
          ],
          [
            -77.5392846,
            37.5782131
          ],
          [
            -77.5393343,
            37.5781608
          ],
          [
            -77.539357,
            37.5780902
          ]
        ]
      },
      "id": "way/1376190507"
    },
    {
      "type": "Feature",
      "properties": {
        "@id": "way/1376190508",
        "highway": "footway",
        "surface": "paved"
      },
      "geometry": {
        "type": "LineString",
        "coordinates": [
          [
            -77.539308,
            37.5782269
          ],
          [
            -77.5392846,
            37.5782131
          ]
        ]
      },
      "id": "way/1376190508"
    },
    {
      "type": "Feature",
      "properties": {
        "@id": "way/1376190650",
        "highway": "footway"
      },
      "geometry": {
        "type": "LineString",
        "coordinates": [
          [
            -77.540632,
            37.5782292
          ],
          [
            -77.540613,
            37.5782531
          ],
          [
            -77.5405953,
            37.5782707
          ],
          [
            -77.5405804,
            37.5782779
          ],
          [
            -77.5405629,
            37.5782816
          ],
          [
            -77.5405398,
            37.5782821
          ],
          [
            -77.5405136,
            37.5782795
          ],
          [
            -77.5404915,
            37.578276
          ],
          [
            -77.5404347,
            37.5782548
          ],
          [
            -77.5403176,
            37.5782023
          ],
          [
            -77.5402606,
            37.5781766
          ],
          [
            -77.5402281,
            37.5782223
          ]
        ]
      },
      "id": "way/1376190650"
    },
    {
      "type": "Feature",
      "properties": {
        "@id": "way/1376190651",
        "highway": "footway"
      },
      "geometry": {
        "type": "LineString",
        "coordinates": [
          [
            -77.5409565,
            37.5783352
          ],
          [
            -77.5409136,
            37.5783551
          ],
          [
            -77.5408468,
            37.5783732
          ],
          [
            -77.5408036,
            37.5783865
          ],
          [
            -77.540739,
            37.5784163
          ],
          [
            -77.5405889,
            37.5784838
          ],
          [
            -77.5405179,
            37.5785161
          ],
          [
            -77.5403482,
            37.578595
          ],
          [
            -77.5401776,
            37.5785136
          ],
          [
            -77.5400265,
            37.5784391
          ],
          [
            -77.5399924,
            37.5784009
          ],
          [
            -77.5399615,
            37.5783419
          ],
          [
            -77.5399451,
            37.5783243
          ],
          [
            -77.5399082,
            37.5783168
          ],
          [
            -77.5398308,
            37.5782829
          ],
          [
            -77.5397171,
            37.5782308
          ],
          [
            -77.5396049,
            37.578193
          ],
          [
            -77.5395304,
            37.5781583
          ],
          [
            -77.5393915,
            37.5780933
          ]
        ]
      },
      "id": "way/1376190651"
    },
    {
      "type": "Feature",
      "properties": {
        "@id": "way/1376190653",
        "highway": "footway"
      },
      "geometry": {
        "type": "LineString",
        "coordinates": [
          [
            -77.5397516,
            37.578011
          ],
          [
            -77.5397399,
            37.5779972
          ],
          [
            -77.5397308,
            37.5779821
          ]
        ]
      },
      "id": "way/1376190653"
    },
    {
      "type": "Feature",
      "properties": {
        "@id": "way/1376190654",
        "highway": "footway"
      },
      "geometry": {
        "type": "LineString",
        "coordinates": [
          [
            -77.5399528,
            37.5782599
          ],
          [
            -77.5399021,
            37.5781956
          ],
          [
            -77.5398557,
            37.5781504
          ],
          [
            -77.5398329,
            37.578121
          ],
          [
            -77.5398074,
            37.5780678
          ]
        ]
      },
      "id": "way/1376190654"
    },
    {
      "type": "Feature",
      "properties": {
        "@id": "way/1376190657",
        "highway": "footway"
      },
      "geometry": {
        "type": "LineString",
        "coordinates": [
          [
            -77.5394842,
            37.5786302
          ],
          [
            -77.539435,
            37.5785978
          ],
          [
            -77.5394275,
            37.5784894
          ],
          [
            -77.5394025,
            37.5784106
          ],
          [
            -77.5393948,
            37.5783928
          ],
          [
            -77.5393702,
            37.5783644
          ],
          [
            -77.5393262,
            37.578323
          ],
          [
            -77.5392879,
            37.5782924
          ],
          [
            -77.5392492,
            37.5782497
          ],
          [
            -77.5392325,
            37.5782241
          ],
          [
            -77.5391917,
            37.5782143
          ]
        ]
      },
      "id": "way/1376190657"
    },
    {
      "type": "Feature",
      "properties": {
        "@id": "way/1376190664",
        "highway": "footway",
        "surface": "asphalt"
      },
      "geometry": {
        "type": "LineString",
        "coordinates": [
          [
            -77.5398771,
            37.5790703
          ],
          [
            -77.5398525,
            37.5790117
          ],
          [
            -77.5398428,
            37.5789785
          ],
          [
            -77.5398481,
            37.5789271
          ],
          [
            -77.5398674,
            37.5787988
          ],
          [
            -77.5397976,
            37.578684
          ],
          [
            -77.539794,
            37.578641
          ],
          [
            -77.5397465,
            37.5786115
          ],
          [
            -77.5396552,
            37.5785943
          ],
          [
            -77.5395801,
            37.5785811
          ],
          [
            -77.539539,
            37.5785882
          ],
          [
            -77.539435,
            37.5785978
          ]
        ]
      },
      "id": "way/1376190664"
    },
    {
      "type": "Feature",
      "properties": {
        "@id": "way/1376190666",
        "highway": "footway"
      },
      "geometry": {
        "type": "LineString",
        "coordinates": [
          [
            -77.5391798,
            37.5783882
          ],
          [
            -77.5392041,
            37.5783534
          ],
          [
            -77.5392222,
            37.5783347
          ],
          [
            -77.5392606,
            37.5783093
          ]
        ]
      },
      "id": "way/1376190666"
    },
    {
      "type": "Feature",
      "properties": {
        "@id": "way/1376190667",
        "highway": "footway"
      },
      "geometry": {
        "type": "LineString",
        "coordinates": [
          [
            -77.5391798,
            37.5783882
          ],
          [
            -77.5390979,
            37.5783578
          ]
        ]
      },
      "id": "way/1376190667"
    },
    {
      "type": "Feature",
      "properties": {
        "@id": "way/1376190668",
        "highway": "footway"
      },
      "geometry": {
        "type": "LineString",
        "coordinates": [
          [
            -77.5386683,
            37.5781301
          ],
          [
            -77.5386757,
            37.5781355
          ],
          [
            -77.5388009,
            37.5782306
          ],
          [
            -77.538824,
            37.5782338
          ],
          [
            -77.5388485,
            37.5782641
          ]
        ]
      },
      "id": "way/1376190668"
    },
    {
      "type": "Feature",
      "properties": {
        "@id": "way/1376190669",
        "highway": "footway"
      },
      "geometry": {
        "type": "LineString",
        "coordinates": [
          [
            -77.538824,
            37.5782338
          ],
          [
            -77.5388813,
            37.5780942
          ],
          [
            -77.5389117,
            37.5779998
          ],
          [
            -77.5388637,
            37.5779852
          ],
          [
            -77.5388423,
            37.5779727
          ]
        ]
      },
      "id": "way/1376190669"
    },
    {
      "type": "Feature",
      "properties": {
        "@id": "way/1376190670",
        "highway": "footway"
      },
      "geometry": {
        "type": "LineString",
        "coordinates": [
          [
            -77.5388813,
            37.5780942
          ],
          [
            -77.539005,
            37.5781115
          ],
          [
            -77.5391465,
            37.5781376
          ],
          [
            -77.5391521,
            37.5781616
          ],
          [
            -77.539168,
            37.5781842
          ],
          [
            -77.5391917,
            37.5782143
          ]
        ]
      },
      "id": "way/1376190670"
    },
    {
      "type": "Feature",
      "properties": {
        "@id": "way/1376190671",
        "highway": "footway"
      },
      "geometry": {
        "type": "LineString",
        "coordinates": [
          [
            -77.5393374,
            37.5780632
          ],
          [
            -77.5392277,
            37.5780557
          ],
          [
            -77.5391826,
            37.5780746
          ],
          [
            -77.5391511,
            37.5780944
          ],
          [
            -77.5391465,
            37.5781376
          ]
        ]
      },
      "id": "way/1376190671"
    },
    {
      "type": "Feature",
      "properties": {
        "@id": "way/1376190672",
        "highway": "footway"
      },
      "geometry": {
        "type": "LineString",
        "coordinates": [
          [
            -77.5391511,
            37.5780944
          ],
          [
            -77.5390912,
            37.5780734
          ],
          [
            -77.5390399,
            37.5780361
          ],
          [
            -77.5390783,
            37.5778829
          ],
          [
            -77.539076,
            37.5778751
          ],
          [
            -77.5390648,
            37.5778685
          ]
        ]
      },
      "id": "way/1376190672"
    },
    {
      "type": "Feature",
      "properties": {
        "@id": "way/1376190673",
        "highway": "footway"
      },
      "geometry": {
        "type": "LineString",
        "coordinates": [
          [
            -77.5390399,
            37.5780361
          ],
          [
            -77.5389117,
            37.5779998
          ]
        ]
      },
      "id": "way/1376190673"
    },
    {
      "type": "Feature",
      "properties": {
        "@id": "way/1376190676",
        "highway": "footway"
      },
      "geometry": {
        "type": "LineString",
        "coordinates": [
          [
            -77.5399451,
            37.5783243
          ],
          [
            -77.5399514,
            37.5783103
          ],
          [
            -77.5399638,
            37.5782936
          ],
          [
            -77.5399621,
            37.5782807
          ],
          [
            -77.5399528,
            37.5782599
          ]
        ]
      },
      "id": "way/1376190676"
    },
    {
      "type": "Feature",
      "properties": {
        "@id": "way/1376190677",
        "highway": "footway"
      },
      "geometry": {
        "type": "LineString",
        "coordinates": [
          [
            -77.5399924,
            37.5784009
          ],
          [
            -77.5400476,
            37.578365
          ],
          [
            -77.5400678,
            37.578336
          ],
          [
            -77.540079,
            37.5783199
          ]
        ]
      },
      "id": "way/1376190677"
    },
    {
      "type": "Feature",
      "properties": {
        "@id": "way/1376190678",
        "highway": "footway"
      },
      "geometry": {
        "type": "LineString",
        "coordinates": [
          [
            -77.5405889,
            37.5784838
          ],
          [
            -77.5405798,
            37.5784722
          ],
          [
            -77.5405669,
            37.5784646
          ],
          [
            -77.5405517,
            37.5784579
          ],
          [
            -77.5405328,
            37.5784543
          ],
          [
            -77.5405095,
            37.5784507
          ],
          [
            -77.5404568,
            37.5784275
          ]
        ]
      },
      "id": "way/1376190678"
    },
    {
      "type": "Feature",
      "properties": {
        "@id": "way/1376190939",
        "highway": "footway",
        "surface": "asphalt"
      },
      "geometry": {
        "type": "LineString",
        "coordinates": [
          [
            -77.5377063,
            37.5795289
          ],
          [
            -77.5376773,
            37.5795385
          ],
          [
            -77.537618,
            37.5795684
          ],
          [
            -77.5375841,
            37.5795794
          ],
          [
            -77.5375581,
            37.5795821
          ],
          [
            -77.5375246,
            37.579581
          ],
          [
            -77.5374959,
            37.5795735
          ],
          [
            -77.5374714,
            37.5795656
          ]
        ]
      },
      "id": "way/1376190939"
    },
    {
      "type": "Feature",
      "properties": {
        "@id": "way/1376190941",
        "footway": "sidewalk",
        "highway": "footway",
        "surface": "paving_stones"
      },
      "geometry": {
        "type": "LineString",
        "coordinates": [
          [
            -77.5372206,
            37.5796767
          ],
          [
            -77.5372012,
            37.5796897
          ],
          [
            -77.5370838,
            37.5797605
          ],
          [
            -77.5370492,
            37.579781
          ],
          [
            -77.5369259,
            37.5798439
          ],
          [
            -77.5368929,
            37.5798608
          ],
          [
            -77.5368368,
            37.5798888
          ],
          [
            -77.536771,
            37.5799139
          ],
          [
            -77.5367225,
            37.579929
          ],
          [
            -77.5366823,
            37.5799394
          ],
          [
            -77.5366304,
            37.5799493
          ],
          [
            -77.5366183,
            37.5799563
          ],
          [
            -77.5366099,
            37.5799641
          ],
          [
            -77.5366027,
            37.5799772
          ],
          [
            -77.5365911,
            37.5799781
          ]
        ]
      },
      "id": "way/1376190941"
    },
    {
      "type": "Feature",
      "properties": {
        "@id": "way/1376190943",
        "footway": "sidewalk",
        "highway": "footway",
        "surface": "paved"
      },
      "geometry": {
        "type": "LineString",
        "coordinates": [
          [
            -77.5388741,
            37.5814498
          ],
          [
            -77.5388446,
            37.581446
          ],
          [
            -77.5388315,
            37.5814328
          ],
          [
            -77.538614,
            37.5813964
          ],
          [
            -77.5384105,
            37.5813634
          ],
          [
            -77.5383817,
            37.5813588
          ],
          [
            -77.5382737,
            37.5813415
          ],
          [
            -77.5381971,
            37.5813311
          ],
          [
            -77.5381229,
            37.5813233
          ],
          [
            -77.5380645,
            37.5813198
          ],
          [
            -77.5379944,
            37.5813181
          ],
          [
            -77.5379487,
            37.5813217
          ],
          [
            -77.537912,
            37.5813282
          ]
        ]
      },
      "id": "way/1376190943"
    },
    {
      "type": "Feature",
      "properties": {
        "@id": "way/1376190944",
        "footway": "sidewalk",
        "highway": "footway",
        "surface": "paved"
      },
      "geometry": {
        "type": "LineString",
        "coordinates": [
          [
            -77.5372944,
            37.5815583
          ],
          [
            -77.5371193,
            37.5816403
          ],
          [
            -77.5370372,
            37.5816774
          ],
          [
            -77.5369045,
            37.5817369
          ],
          [
            -77.5366399,
            37.5818644
          ],
          [
            -77.5365304,
            37.5819152
          ],
          [
            -77.5365138,
            37.5819263
          ]
        ]
      },
      "id": "way/1376190944"
    },
    {
      "type": "Feature",
      "properties": {
        "@id": "way/1376190950",
        "footway": "sidewalk",
        "highway": "footway",
        "surface": "paved"
      },
      "geometry": {
        "type": "LineString",
        "coordinates": [
          [
            -77.5389259,
            37.5811861
          ],
          [
            -77.538763,
            37.5812515
          ],
          [
            -77.5387089,
            37.5812671
          ],
          [
            -77.5386556,
            37.5812757
          ],
          [
            -77.5385907,
            37.581278
          ],
          [
            -77.5385312,
            37.5812744
          ],
          [
            -77.5384683,
            37.5812702
          ],
          [
            -77.5384344,
            37.5812657
          ],
          [
            -77.5383342,
            37.5812427
          ],
          [
            -77.5383069,
            37.58124
          ],
          [
            -77.5382851,
            37.5812411
          ],
          [
            -77.5382615,
            37.5812451
          ]
        ]
      },
      "id": "way/1376190950"
    },
    {
      "type": "Feature",
      "properties": {
        "@id": "way/1376190951",
        "footway": "sidewalk",
        "highway": "footway",
        "surface": "paved"
      },
      "geometry": {
        "type": "LineString",
        "coordinates": [
          [
            -77.5381067,
            37.5812239
          ],
          [
            -77.5379953,
            37.5812168
          ],
          [
            -77.5378415,
            37.5812319
          ],
          [
            -77.5377248,
            37.5812595
          ],
          [
            -77.5375867,
            37.5813148
          ],
          [
            -77.5374633,
            37.5813679
          ],
          [
            -77.5373681,
            37.5814136
          ],
          [
            -77.5372364,
            37.5814748
          ],
          [
            -77.5370207,
            37.5815756
          ],
          [
            -77.536961,
            37.5815926
          ],
          [
            -77.5368221,
            37.5816591
          ],
          [
            -77.5364168,
            37.5818499
          ],
          [
            -77.5363601,
            37.5818921
          ],
          [
            -77.5362945,
            37.5819204
          ],
          [
            -77.5363009,
            37.5819289
          ]
        ]
      },
      "id": "way/1376190951"
    },
    {
      "type": "Feature",
      "properties": {
        "@id": "way/1376190952",
        "footway": "sidewalk",
        "highway": "footway",
        "surface": "paved"
      },
      "geometry": {
        "type": "LineString",
        "coordinates": [
          [
            -77.536758,
            37.5799815
          ],
          [
            -77.5367225,
            37.579929
          ]
        ]
      },
      "id": "way/1376190952"
    },
    {
      "type": "Feature",
      "properties": {
        "@id": "way/1376552593",
        "highway": "footway"
      },
      "geometry": {
        "type": "LineString",
        "coordinates": [
          [
            -77.5393203,
            37.5767757
          ],
          [
            -77.5393426,
            37.5767794
          ],
          [
            -77.5393697,
            37.5767889
          ],
          [
            -77.5394498,
            37.5768463
          ],
          [
            -77.5395314,
            37.5768988
          ],
          [
            -77.5396069,
            37.576944
          ],
          [
            -77.5396747,
            37.5769879
          ],
          [
            -77.5397548,
            37.5770416
          ],
          [
            -77.5398241,
            37.5770856
          ],
          [
            -77.5399042,
            37.5771466
          ],
          [
            -77.5400013,
            37.5772175
          ],
          [
            -77.5400983,
            37.5772968
          ],
          [
            -77.5401738,
            37.5773774
          ],
          [
            -77.540217,
            37.5774262
          ],
          [
            -77.5402863,
            37.5775544
          ],
          [
            -77.5403294,
            37.5776423
          ],
          [
            -77.5403679,
            37.5777351
          ],
          [
            -77.5403957,
            37.5777998
          ],
          [
            -77.5404434,
            37.5778792
          ],
          [
            -77.5405097,
            37.5779512
          ],
          [
            -77.5405659,
            37.5779896
          ],
          [
            -77.5406714,
            37.5780391
          ],
          [
            -77.540819,
            37.5781029
          ],
          [
            -77.5408974,
            37.5781323
          ],
          [
            -77.5409721,
            37.5781658
          ],
          [
            -77.5411377,
            37.5782293
          ],
          [
            -77.5412456,
            37.5782594
          ],
          [
            -77.5413032,
            37.5782761
          ],
          [
            -77.541363,
            37.5783007
          ],
          [
            -77.5415048,
            37.5783871
          ],
          [
            -77.5415927,
            37.5784481
          ],
          [
            -77.5416365,
            37.5784799
          ],
          [
            -77.5416815,
            37.5785147
          ],
          [
            -77.5417508,
            37.5785681
          ]
        ]
      },
      "id": "way/1376552593"
    },
    {
      "type": "Feature",
      "properties": {
        "@id": "way/1376552594",
        "highway": "footway"
      },
      "geometry": {
        "type": "LineString",
        "coordinates": [
          [
            -77.5405659,
            37.5779896
          ],
          [
            -77.5405834,
            37.5780185
          ],
          [
            -77.5406721,
            37.5780828
          ],
          [
            -77.540685,
            37.5780949
          ],
          [
            -77.5406861,
            37.5781084
          ]
        ]
      },
      "id": "way/1376552594"
    },
    {
      "type": "Feature",
      "properties": {
        "@id": "way/1376552595",
        "crossing": "uncontrolled",
        "crossing:markings": "yes",
        "footway": "crossing",
        "highway": "footway",
        "surface": "asphalt"
      },
      "geometry": {
        "type": "LineString",
        "coordinates": [
          [
            -77.5406861,
            37.5781084
          ],
          [
            -77.5406694,
            37.5781445
          ],
          [
            -77.5406341,
            37.5782221
          ]
        ]
      },
      "id": "way/1376552595"
    },
    {
      "type": "Feature",
      "properties": {
        "@id": "way/1376552597",
        "highway": "steps"
      },
      "geometry": {
        "type": "LineString",
        "coordinates": [
          [
            -77.542945,
            37.576988
          ],
          [
            -77.5428747,
            37.5771167
          ],
          [
            -77.5428534,
            37.5771499
          ],
          [
            -77.5427979,
            37.5772098
          ],
          [
            -77.542786,
            37.5772226
          ],
          [
            -77.5427036,
            37.5772859
          ],
          [
            -77.542656,
            37.5773169
          ],
          [
            -77.5424988,
            37.5773951
          ],
          [
            -77.5424307,
            37.5774256
          ],
          [
            -77.5424033,
            37.5774488
          ],
          [
            -77.542398,
            37.5774729
          ]
        ]
      },
      "id": "way/1376552597"
    },
    {
      "type": "Feature",
      "properties": {
        "@id": "way/1376552598",
        "highway": "steps"
      },
      "geometry": {
        "type": "LineString",
        "coordinates": [
          [
            -77.542398,
            37.5774729
          ],
          [
            -77.5423791,
            37.5775886
          ],
          [
            -77.5423393,
            37.5776845
          ],
          [
            -77.5423237,
            37.5777491
          ]
        ]
      },
      "id": "way/1376552598"
    },
    {
      "type": "Feature",
      "properties": {
        "@id": "way/1377064528",
        "crossing": "uncontrolled",
        "crossing:markings": "yes",
        "footway": "crossing",
        "highway": "footway"
      },
      "geometry": {
        "type": "LineString",
        "coordinates": [
          [
            -77.5432393,
            37.5760991
          ],
          [
            -77.5432389,
            37.5761298
          ],
          [
            -77.5432384,
            37.5761622
          ]
        ]
      },
      "id": "way/1377064528"
    },
    {
      "type": "Feature",
      "properties": {
        "@id": "way/1377064529",
        "crossing": "uncontrolled",
        "crossing:markings": "yes",
        "footway": "crossing",
        "highway": "footway"
      },
      "geometry": {
        "type": "LineString",
        "coordinates": [
          [
            -77.5440213,
            37.5752146
          ],
          [
            -77.5440543,
            37.5752319
          ],
          [
            -77.544087,
            37.5752489
          ]
        ]
      },
      "id": "way/1377064529"
    },
    {
      "type": "Feature",
      "properties": {
        "@id": "way/1377475246",
        "highway": "service"
      },
      "geometry": {
        "type": "LineString",
        "coordinates": [
          [
            -77.5375134,
            37.5793938
          ],
          [
            -77.5374756,
            37.5793649
          ],
          [
            -77.5374435,
            37.5793293
          ],
          [
            -77.5374255,
            37.5792756
          ],
          [
            -77.5374821,
            37.5790041
          ],
          [
            -77.5374968,
            37.5789162
          ],
          [
            -77.5374768,
            37.5788712
          ],
          [
            -77.5374607,
            37.5788563
          ]
        ]
      },
      "id": "way/1377475246"
    },
    {
      "type": "Feature",
      "properties": {
        "@id": "way/1377864516",
        "description": "Footpath to Pacific House",
        "highway": "footway"
      },
      "geometry": {
        "type": "LineString",
        "coordinates": [
          [
            -77.5385602,
            37.5815095
          ],
          [
            -77.5383932,
            37.5815777
          ],
          [
            -77.5382772,
            37.5816135
          ]
        ]
      },
      "id": "way/1377864516"
    },
    {
      "type": "Feature",
      "properties": {
        "@id": "way/1377864517",
        "highway": "footway"
      },
      "geometry": {
        "type": "LineString",
        "coordinates": [
          [
            -77.5395747,
            37.5822804
          ],
          [
            -77.5395936,
            37.5823033
          ],
          [
            -77.5396042,
            37.5823253
          ],
          [
            -77.539608,
            37.5823393
          ],
          [
            -77.5396054,
            37.5823506
          ],
          [
            -77.5395989,
            37.5823598
          ],
          [
            -77.5395787,
            37.5823769
          ],
          [
            -77.5395495,
            37.5824019
          ],
          [
            -77.5395307,
            37.5824263
          ],
          [
            -77.5395204,
            37.5824492
          ],
          [
            -77.5395199,
            37.5824662
          ]
        ]
      },
      "id": "way/1377864517"
    },
    {
      "type": "Feature",
      "properties": {
        "@id": "way/1377864518",
        "highway": "footway",
        "surface": "concrete"
      },
      "geometry": {
        "type": "LineString",
        "coordinates": [
          [
            -77.5399347,
            37.5821032
          ],
          [
            -77.5399471,
            37.5821165
          ],
          [
            -77.5399628,
            37.582128
          ],
          [
            -77.5400866,
            37.582187
          ],
          [
            -77.5401254,
            37.5822089
          ],
          [
            -77.540155,
            37.5822226
          ]
        ]
      },
      "id": "way/1377864518"
    },
    {
      "type": "Feature",
      "properties": {
        "@id": "way/1377864519",
        "description": "Footpath to Atlantic House",
        "highway": "footway"
      },
      "geometry": {
        "type": "LineString",
        "coordinates": [
          [
            -77.5386777,
            37.5817816
          ],
          [
            -77.5386241,
            37.5818206
          ],
          [
            -77.5386107,
            37.5818394
          ],
          [
            -77.5385913,
            37.5818809
          ],
          [
            -77.5385792,
            37.5819116
          ],
          [
            -77.5385598,
            37.5819363
          ],
          [
            -77.5385191,
            37.5819665
          ]
        ]
      },
      "id": "way/1377864519"
    },
    {
      "type": "Feature",
      "properties": {
        "@id": "way/1377875762",
        "crossing": "uncontrolled",
        "footway": "crossing",
        "highway": "footway"
      },
      "geometry": {
        "type": "LineString",
        "coordinates": [
          [
            -77.5372887,
            37.58155
          ],
          [
            -77.537268,
            37.5815203
          ],
          [
            -77.5372468,
            37.5814898
          ]
        ]
      },
      "id": "way/1377875762"
    },
    {
      "type": "Feature",
      "properties": {
        "@id": "way/1377875763",
        "crossing": "uncontrolled",
        "footway": "crossing",
        "highway": "footway"
      },
      "geometry": {
        "type": "LineString",
        "coordinates": [
          [
            -77.5384127,
            37.5813546
          ],
          [
            -77.538421,
            37.5813207
          ],
          [
            -77.5384291,
            37.5812874
          ]
        ]
      },
      "id": "way/1377875763"
    },
    {
      "type": "Feature",
      "properties": {
        "@id": "way/1377875764",
        "crossing": "uncontrolled",
        "footway": "crossing",
        "highway": "footway"
      },
      "geometry": {
        "type": "LineString",
        "coordinates": [
          [
            -77.5379945,
            37.5813099
          ],
          [
            -77.5379948,
            37.5812769
          ],
          [
            -77.5379954,
            37.5812403
          ]
        ]
      },
      "id": "way/1377875764"
    },
    {
      "type": "Feature",
      "properties": {
        "@id": "way/1377875765",
        "crossing": "uncontrolled",
        "footway": "crossing",
        "highway": "footway",
        "surface": "asphalt"
      },
      "geometry": {
        "type": "LineString",
        "coordinates": [
          [
            -77.5363009,
            37.5819289
          ],
          [
            -77.536323,
            37.5819584
          ],
          [
            -77.5363455,
            37.5819885
          ]
        ]
      },
      "id": "way/1377875765"
    },
    {
      "type": "Feature",
      "properties": {
        "@id": "way/1377925889",
        "highway": "footway"
      },
      "geometry": {
        "type": "LineString",
        "coordinates": [
          [
            -77.5393884,
            37.5749401
          ],
          [
            -77.5391376,
            37.5749634
          ],
          [
            -77.5391275,
            37.5749642
          ]
        ]
      },
      "id": "way/1377925889"
    },
    {
      "type": "Feature",
      "properties": {
        "@id": "way/1377925891",
        "highway": "footway"
      },
      "geometry": {
        "type": "LineString",
        "coordinates": [
          [
            -77.5390634,
            37.5749208
          ],
          [
            -77.5390627,
            37.574914
          ],
          [
            -77.5390547,
            37.574864
          ],
          [
            -77.5390429,
            37.5747895
          ]
        ]
      },
      "id": "way/1377925891"
    },
    {
      "type": "Feature",
      "properties": {
        "@id": "way/1377925894",
        "highway": "footway"
      },
      "geometry": {
        "type": "LineString",
        "coordinates": [
          [
            -77.5400716,
            37.5748058
          ],
          [
            -77.5400178,
            37.5747577
          ],
          [
            -77.5399767,
            37.5747148
          ],
          [
            -77.5399251,
            37.5746456
          ],
          [
            -77.5398914,
            37.5746127
          ]
        ]
      },
      "id": "way/1377925894"
    },
    {
      "type": "Feature",
      "properties": {
        "@id": "way/1377925900",
        "highway": "footway"
      },
      "geometry": {
        "type": "LineString",
        "coordinates": [
          [
            -77.5399361,
            37.5746083
          ],
          [
            -77.5399308,
            37.5745856
          ],
          [
            -77.5399259,
            37.5745702
          ],
          [
            -77.5399153,
            37.574549
          ],
          [
            -77.5399005,
            37.5745321
          ],
          [
            -77.5398893,
            37.5745182
          ],
          [
            -77.5398684,
            37.5745028
          ],
          [
            -77.5398412,
            37.5744886
          ],
          [
            -77.5398022,
            37.5744682
          ],
          [
            -77.5397711,
            37.5744676
          ],
          [
            -77.5397358,
            37.5744668
          ],
          [
            -77.5396964,
            37.5744766
          ],
          [
            -77.5396409,
            37.5745015
          ],
          [
            -77.5395937,
            37.5745347
          ]
        ]
      },
      "id": "way/1377925900"
    },
    {
      "type": "Feature",
      "properties": {
        "@id": "way/1377925901",
        "highway": "footway"
      },
      "geometry": {
        "type": "LineString",
        "coordinates": [
          [
            -77.5399153,
            37.574549
          ],
          [
            -77.5399385,
            37.5745445
          ],
          [
            -77.5399547,
            37.5745448
          ]
        ]
      },
      "id": "way/1377925901"
    },
    {
      "type": "Feature",
      "properties": {
        "@id": "way/1377925902",
        "highway": "footway"
      },
      "geometry": {
        "type": "LineString",
        "coordinates": [
          [
            -77.5402203,
            37.5752111
          ],
          [
            -77.540121,
            37.57522
          ],
          [
            -77.5400422,
            37.575247
          ],
          [
            -77.5400192,
            37.5752568
          ]
        ]
      },
      "id": "way/1377925902"
    },
    {
      "type": "Feature",
      "properties": {
        "@id": "way/1378116193",
        "crossing": "uncontrolled",
        "crossing:markings": "yes",
        "footway": "crossing",
        "highway": "footway",
        "surface": "asphalt"
      },
      "geometry": {
        "type": "LineString",
        "coordinates": [
          [
            -77.5405927,
            37.58105
          ],
          [
            -77.5405611,
            37.5810289
          ],
          [
            -77.5405293,
            37.5810077
          ]
        ]
      },
      "id": "way/1378116193"
    },
    {
      "type": "Feature",
      "properties": {
        "@id": "way/1378116194",
        "highway": "footway"
      },
      "geometry": {
        "type": "LineString",
        "coordinates": [
          [
            -77.5408019,
            37.5812783
          ],
          [
            -77.5407444,
            37.5812092
          ],
          [
            -77.5407043,
            37.5811617
          ],
          [
            -77.5406506,
            37.5810821
          ],
          [
            -77.5405927,
            37.58105
          ]
        ]
      },
      "id": "way/1378116194"
    },
    {
      "type": "Feature",
      "properties": {
        "@id": "way/1378116195",
        "highway": "footway"
      },
      "geometry": {
        "type": "LineString",
        "coordinates": [
          [
            -77.5404368,
            37.580955
          ],
          [
            -77.5405293,
            37.5810077
          ]
        ]
      },
      "id": "way/1378116195"
    },
    {
      "type": "Feature",
      "properties": {
        "@id": "way/1378116196",
        "highway": "footway"
      },
      "geometry": {
        "type": "LineString",
        "coordinates": [
          [
            -77.5409093,
            37.5815121
          ],
          [
            -77.540998,
            37.5815274
          ],
          [
            -77.5410306,
            37.581533
          ],
          [
            -77.5411099,
            37.5815461
          ]
        ]
      },
      "id": "way/1378116196"
    },
    {
      "type": "Feature",
      "properties": {
        "@id": "way/1378116197",
        "highway": "footway"
      },
      "geometry": {
        "type": "LineString",
        "coordinates": [
          [
            -77.5412453,
            37.5812091
          ],
          [
            -77.5412253,
            37.5811834
          ],
          [
            -77.5412103,
            37.5811662
          ],
          [
            -77.5411821,
            37.5811467
          ]
        ]
      },
      "id": "way/1378116197"
    },
    {
      "type": "Feature",
      "properties": {
        "@id": "way/1378116198",
        "highway": "footway"
      },
      "geometry": {
        "type": "LineString",
        "coordinates": [
          [
            -77.5412754,
            37.5821017
          ],
          [
            -77.5412502,
            37.5821067
          ],
          [
            -77.5412238,
            37.5820608
          ],
          [
            -77.5411893,
            37.5820496
          ],
          [
            -77.5411033,
            37.5820753
          ]
        ]
      },
      "id": "way/1378116198"
    },
    {
      "type": "Feature",
      "properties": {
        "@id": "way/1378129709",
        "highway": "footway",
        "surface": "paved"
      },
      "geometry": {
        "type": "LineString",
        "coordinates": [
          [
            -77.5447517,
            37.5758758
          ],
          [
            -77.5448173,
            37.5758693
          ],
          [
            -77.5448508,
            37.5758563
          ],
          [
            -77.544872,
            37.5758416
          ],
          [
            -77.5448898,
            37.5758288
          ],
          [
            -77.5449036,
            37.5758132
          ],
          [
            -77.5449166,
            37.5758001
          ],
          [
            -77.5449334,
            37.575796
          ],
          [
            -77.5449556,
            37.5757944
          ]
        ]
      },
      "id": "way/1378129709"
    },
    {
      "type": "Feature",
      "properties": {
        "@id": "way/1378129710",
        "highway": "footway"
      },
      "geometry": {
        "type": "LineString",
        "coordinates": [
          [
            -77.5447044,
            37.575424
          ],
          [
            -77.5447071,
            37.5754834
          ],
          [
            -77.5447129,
            37.575549
          ],
          [
            -77.5447148,
            37.5755778
          ],
          [
            -77.5447247,
            37.5756418
          ],
          [
            -77.544729,
            37.5757069
          ],
          [
            -77.544744,
            37.5757566
          ],
          [
            -77.5447697,
            37.5758141
          ],
          [
            -77.5448023,
            37.5758589
          ],
          [
            -77.5448173,
            37.5758693
          ],
          [
            -77.5448348,
            37.575879
          ],
          [
            -77.5448681,
            37.5758963
          ],
          [
            -77.5449141,
            37.5759091
          ],
          [
            -77.5449481,
            37.5759138
          ]
        ]
      },
      "id": "way/1378129710"
    },
    {
      "type": "Feature",
      "properties": {
        "@id": "way/1378129711",
        "highway": "footway"
      },
      "geometry": {
        "type": "LineString",
        "coordinates": [
          [
            -77.5444883,
            37.5751268
          ],
          [
            -77.5443296,
            37.5750454
          ],
          [
            -77.5442179,
            37.5749882
          ],
          [
            -77.5442494,
            37.5749488
          ],
          [
            -77.5442845,
            37.5749049
          ]
        ]
      },
      "id": "way/1378129711"
    },
    {
      "type": "Feature",
      "properties": {
        "@id": "way/1378129712",
        "highway": "footway"
      },
      "geometry": {
        "type": "LineString",
        "coordinates": [
          [
            -77.5441671,
            37.5751365
          ],
          [
            -77.5441936,
            37.5751252
          ],
          [
            -77.5442707,
            37.5750918
          ],
          [
            -77.5443034,
            37.5750707
          ],
          [
            -77.5443296,
            37.5750454
          ],
          [
            -77.5443761,
            37.5749879
          ]
        ]
      },
      "id": "way/1378129712"
    },
    {
      "type": "Feature",
      "properties": {
        "@id": "way/1378129713",
        "highway": "footway"
      },
      "geometry": {
        "type": "LineString",
        "coordinates": [
          [
            -77.5441543,
            37.5751536
          ],
          [
            -77.5441671,
            37.5751365
          ],
          [
            -77.5441667,
            37.5751182
          ],
          [
            -77.5441675,
            37.5750894
          ],
          [
            -77.54417,
            37.5750676
          ],
          [
            -77.5441752,
            37.5750468
          ],
          [
            -77.5441888,
            37.5750214
          ],
          [
            -77.5442179,
            37.5749882
          ]
        ]
      },
      "id": "way/1378129713"
    },
    {
      "type": "Feature",
      "properties": {
        "@id": "way/1378129714",
        "crossing:markings": "ladder",
        "highway": "footway"
      },
      "geometry": {
        "type": "LineString",
        "coordinates": [
          [
            -77.5451772,
            37.5741077
          ],
          [
            -77.5451073,
            37.5741246
          ],
          [
            -77.5450724,
            37.5741407
          ],
          [
            -77.545051,
            37.5741577
          ],
          [
            -77.5449964,
            37.5742334
          ],
          [
            -77.5449697,
            37.5742591
          ],
          [
            -77.5449277,
            37.5742643
          ],
          [
            -77.5448144,
            37.5742486
          ],
          [
            -77.5447795,
            37.5742508
          ],
          [
            -77.5447186,
            37.5742663
          ],
          [
            -77.5443229,
            37.5744041
          ],
          [
            -77.5440335,
            37.5745101
          ],
          [
            -77.5439274,
            37.5745693
          ],
          [
            -77.54391,
            37.5745867
          ]
        ]
      },
      "id": "way/1378129714"
    },
    {
      "type": "Feature",
      "properties": {
        "@id": "way/1378129715",
        "highway": "footway"
      },
      "geometry": {
        "type": "LineString",
        "coordinates": [
          [
            -77.544211,
            37.5733118
          ],
          [
            -77.5439887,
            37.5733146
          ],
          [
            -77.5439451,
            37.5733174
          ],
          [
            -77.5438509,
            37.5733446
          ],
          [
            -77.5437983,
            37.5733673
          ],
          [
            -77.5437391,
            37.5733797
          ],
          [
            -77.5436418,
            37.5733867
          ],
          [
            -77.5435684,
            37.5733761
          ],
          [
            -77.5435417,
            37.5733664
          ]
        ]
      },
      "id": "way/1378129715"
    },
    {
      "type": "Feature",
      "properties": {
        "@id": "way/1378129716",
        "footway": "sidewalk",
        "highway": "footway"
      },
      "geometry": {
        "type": "LineString",
        "coordinates": [
          [
            -77.5455323,
            37.573719
          ],
          [
            -77.5455956,
            37.5738189
          ],
          [
            -77.5456493,
            37.573908
          ],
          [
            -77.5457096,
            37.5740429
          ],
          [
            -77.5457342,
            37.5741407
          ],
          [
            -77.5457878,
            37.5742085
          ],
          [
            -77.5458083,
            37.5742477
          ],
          [
            -77.5458073,
            37.5743017
          ],
          [
            -77.5458061,
            37.5743617
          ],
          [
            -77.5457512,
            37.5744557
          ],
          [
            -77.5457419,
            37.574506
          ],
          [
            -77.545728,
            37.5745726
          ],
          [
            -77.5457084,
            37.5746316
          ],
          [
            -77.5456666,
            37.5747372
          ],
          [
            -77.545638,
            37.5747963
          ],
          [
            -77.5456026,
            37.574858
          ],
          [
            -77.5455795,
            37.5748898
          ],
          [
            -77.5455814,
            37.5749137
          ],
          [
            -77.545568,
            37.5749224
          ]
        ]
      },
      "id": "way/1378129716"
    },
    {
      "type": "Feature",
      "properties": {
        "@id": "way/1378129717",
        "highway": "footway"
      },
      "geometry": {
        "type": "LineString",
        "coordinates": [
          [
            -77.544799,
            37.5735679
          ],
          [
            -77.544752,
            37.5736077
          ],
          [
            -77.5446936,
            37.573629
          ],
          [
            -77.5446469,
            37.573629
          ],
          [
            -77.544585,
            37.573629
          ],
          [
            -77.5445325,
            37.5736253
          ],
          [
            -77.5444846,
            37.5736355
          ]
        ]
      },
      "id": "way/1378129717"
    },
    {
      "type": "Feature",
      "properties": {
        "@id": "way/1378129718",
        "highway": "footway"
      },
      "geometry": {
        "type": "LineString",
        "coordinates": [
          [
            -77.5452452,
            37.5733579
          ],
          [
            -77.5453541,
            37.5732785
          ],
          [
            -77.5454048,
            37.5732338
          ]
        ]
      },
      "id": "way/1378129718"
    },
    {
      "type": "Feature",
      "properties": {
        "@id": "way/1378129719",
        "highway": "footway"
      },
      "geometry": {
        "type": "LineString",
        "coordinates": [
          [
            -77.5463407,
            37.5729354
          ],
          [
            -77.5462525,
            37.5729677
          ],
          [
            -77.5462012,
            37.572998
          ],
          [
            -77.5461385,
            37.5730843
          ],
          [
            -77.5460438,
            37.5731815
          ],
          [
            -77.5459543,
            37.5732353
          ],
          [
            -77.5458916,
            37.5732457
          ],
          [
            -77.5458157,
            37.5732366
          ],
          [
            -77.5457673,
            37.573219
          ],
          [
            -77.5456588,
            37.5732136
          ],
          [
            -77.5455205,
            37.5732133
          ],
          [
            -77.5454048,
            37.5732338
          ],
          [
            -77.5452512,
            37.5732544
          ],
          [
            -77.5451899,
            37.5732532
          ]
        ]
      },
      "id": "way/1378129719"
    },
    {
      "type": "Feature",
      "properties": {
        "@id": "way/1378458701",
        "highway": "service",
        "service": "parking_aisle",
        "surface": "asphalt"
      },
      "geometry": {
        "type": "LineString",
        "coordinates": [
          [
            -77.537913,
            37.5755025
          ],
          [
            -77.5378802,
            37.5754711
          ],
          [
            -77.5378545,
            37.5754559
          ],
          [
            -77.537814,
            37.5754548
          ],
          [
            -77.5376815,
            37.5754834
          ],
          [
            -77.5376094,
            37.5755043
          ],
          [
            -77.5375507,
            37.5755279
          ]
        ]
      },
      "id": "way/1378458701"
    },
    {
      "type": "Feature",
      "properties": {
        "@id": "way/1378458704",
        "highway": "footway"
      },
      "geometry": {
        "type": "LineString",
        "coordinates": [
          [
            -77.538081,
            37.576452
          ],
          [
            -77.5379761,
            37.5763704
          ],
          [
            -77.5379299,
            37.5763346
          ],
          [
            -77.5379084,
            37.5763178
          ]
        ]
      },
      "id": "way/1378458704"
    },
    {
      "type": "Feature",
      "properties": {
        "@id": "way/1378458705",
        "highway": "footway"
      },
      "geometry": {
        "type": "LineString",
        "coordinates": [
          [
            -77.5379842,
            37.5765091
          ],
          [
            -77.537973,
            37.5764878
          ],
          [
            -77.5379682,
            37.5764738
          ],
          [
            -77.5379666,
            37.5764529
          ],
          [
            -77.5379677,
            37.5764184
          ],
          [
            -77.5379761,
            37.5763704
          ],
          [
            -77.5379823,
            37.5763413
          ],
          [
            -77.5379879,
            37.5763082
          ],
          [
            -77.5379864,
            37.5762694
          ],
          [
            -77.5379781,
            37.5762382
          ],
          [
            -77.537975,
            37.5762093
          ],
          [
            -77.5379807,
            37.5761439
          ],
          [
            -77.5379807,
            37.5761213
          ]
        ]
      },
      "id": "way/1378458705"
    },
    {
      "type": "Feature",
      "properties": {
        "@id": "way/1378458706",
        "highway": "steps"
      },
      "geometry": {
        "type": "LineString",
        "coordinates": [
          [
            -77.5378798,
            37.5760526
          ],
          [
            -77.5379003,
            37.5760355
          ]
        ]
      },
      "id": "way/1378458706"
    },
    {
      "type": "Feature",
      "properties": {
        "@id": "way/1378458707",
        "highway": "footway",
        "surface": "asphalt"
      },
      "geometry": {
        "type": "LineString",
        "coordinates": [
          [
            -77.5381627,
            37.5761457
          ],
          [
            -77.5380996,
            37.5761393
          ],
          [
            -77.5380186,
            37.5761298
          ],
          [
            -77.5379807,
            37.5761213
          ],
          [
            -77.5379399,
            37.576103
          ],
          [
            -77.5378973,
            37.5760799
          ],
          [
            -77.5378703,
            37.5760612
          ],
          [
            -77.5377971,
            37.5760149
          ],
          [
            -77.5377109,
            37.5759697
          ],
          [
            -77.5376876,
            37.5759522
          ],
          [
            -77.537674,
            37.5759374
          ],
          [
            -77.5376598,
            37.5759167
          ],
          [
            -77.5376437,
            37.5758961
          ],
          [
            -77.5376264,
            37.5758829
          ],
          [
            -77.5376052,
            37.5758718
          ],
          [
            -77.5375856,
            37.5758674
          ],
          [
            -77.5375745,
            37.5758687
          ],
          [
            -77.5375673,
            37.5758695
          ],
          [
            -77.5375551,
            37.575876
          ],
          [
            -77.5375482,
            37.5758859
          ],
          [
            -77.5375462,
            37.5758964
          ],
          [
            -77.5375522,
            37.575908
          ],
          [
            -77.5375608,
            37.5759172
          ],
          [
            -77.5375784,
            37.5759314
          ],
          [
            -77.5376051,
            37.5759499
          ],
          [
            -77.5378106,
            37.5761087
          ],
          [
            -77.5379781,
            37.5762382
          ]
        ]
      },
      "id": "way/1378458707"
    },
    {
      "type": "Feature",
      "properties": {
        "@id": "way/1378458712",
        "crossing": "uncontrolled",
        "crossing:markings": "yes",
        "footway": "crossing",
        "highway": "footway"
      },
      "geometry": {
        "type": "LineString",
        "coordinates": [
          [
            -77.5371223,
            37.5760149
          ],
          [
            -77.5370618,
            37.5759891
          ],
          [
            -77.5370048,
            37.5759647
          ]
        ]
      },
      "id": "way/1378458712"
    },
    {
      "type": "Feature",
      "properties": {
        "@id": "way/1378458713",
        "highway": "footway"
      },
      "geometry": {
        "type": "LineString",
        "coordinates": [
          [
            -77.5377763,
            37.5764226
          ],
          [
            -77.5378088,
            37.5764138
          ],
          [
            -77.5378352,
            37.5764139
          ],
          [
            -77.5379299,
            37.5763346
          ]
        ]
      },
      "id": "way/1378458713"
    },
    {
      "type": "Feature",
      "properties": {
        "@id": "way/1382598384",
        "highway": "path"
      },
      "geometry": {
        "type": "LineString",
        "coordinates": [
          [
            -77.5451489,
            37.5732758
          ],
          [
            -77.5451899,
            37.5732532
          ],
          [
            -77.5452013,
            37.5732275
          ],
          [
            -77.5452037,
            37.5731942
          ],
          [
            -77.5452001,
            37.5731717
          ],
          [
            -77.5451885,
            37.5731565
          ],
          [
            -77.5451691,
            37.5731416
          ],
          [
            -77.5450425,
            37.573059
          ],
          [
            -77.5449452,
            37.5730019
          ],
          [
            -77.5449492,
            37.5729605
          ],
          [
            -77.5449576,
            37.5729469
          ]
        ]
      },
      "id": "way/1382598384"
    },
    {
      "type": "Feature",
      "properties": {
        "@id": "way/1382598385",
        "highway": "footway"
      },
      "geometry": {
        "type": "LineString",
        "coordinates": [
          [
            -77.5418253,
            37.5718572
          ],
          [
            -77.5419137,
            37.5718584
          ],
          [
            -77.5420032,
            37.5718501
          ]
        ]
      },
      "id": "way/1382598385"
    },
    {
      "type": "Feature",
      "properties": {
        "@id": "way/1382598386",
        "highway": "footway"
      },
      "geometry": {
        "type": "LineString",
        "coordinates": [
          [
            -77.5426868,
            37.5714075
          ],
          [
            -77.5428684,
            37.571377
          ]
        ]
      },
      "id": "way/1382598386"
    },
    {
      "type": "Feature",
      "properties": {
        "@id": "way/1382598397",
        "highway": "service",
        "service": "alley"
      },
      "geometry": {
        "type": "LineString",
        "coordinates": [
          [
            -77.54151,
            37.5732401
          ],
          [
            -77.5414489,
            37.5732608
          ],
          [
            -77.5413015,
            37.5733276
          ]
        ]
      },
      "id": "way/1382598397"
    },
    {
      "type": "Feature",
      "properties": {
        "@id": "way/1382598402",
        "footway": "sidewalk",
        "highway": "footway"
      },
      "geometry": {
        "type": "LineString",
        "coordinates": [
          [
            -77.5437368,
            37.5728697
          ],
          [
            -77.5437756,
            37.5728351
          ],
          [
            -77.5438363,
            37.5728169
          ],
          [
            -77.54392,
            37.5728318
          ],
          [
            -77.5440309,
            37.5728627
          ],
          [
            -77.5441334,
            37.5728898
          ],
          [
            -77.5442112,
            37.5729153
          ],
          [
            -77.5443476,
            37.5729611
          ],
          [
            -77.5444634,
            37.5730037
          ],
          [
            -77.5446523,
            37.5730772
          ],
          [
            -77.5448929,
            37.5731983
          ],
          [
            -77.5450557,
            37.5733179
          ],
          [
            -77.5450778,
            37.5733246
          ]
        ]
      },
      "id": "way/1382598402"
    },
    {
      "type": "Feature",
      "properties": {
        "@id": "way/1382598403",
        "highway": "service",
        "service": "driveway"
      },
      "geometry": {
        "type": "LineString",
        "coordinates": [
          [
            -77.5414489,
            37.5732608
          ],
          [
            -77.5413353,
            37.5731434
          ],
          [
            -77.541303,
            37.5731109
          ],
          [
            -77.5412475,
            37.5730803
          ],
          [
            -77.5411701,
            37.5731002
          ],
          [
            -77.5410665,
            37.5731458
          ],
          [
            -77.5409556,
            37.5731897
          ],
          [
            -77.5409023,
            37.5732104
          ]
        ]
      },
      "id": "way/1382598403"
    },
    {
      "type": "Feature",
      "properties": {
        "@id": "way/1382598404",
        "foot": "yes",
        "highway": "footway",
        "incline": "up,_stairs"
      },
      "geometry": {
        "type": "LineString",
        "coordinates": [
          [
            -77.5415928,
            37.5734484
          ],
          [
            -77.5415946,
            37.5734924
          ],
          [
            -77.5415389,
            37.573516
          ],
          [
            -77.5415237,
            37.5735308
          ],
          [
            -77.5415174,
            37.5735587
          ],
          [
            -77.5415059,
            37.5736043
          ],
          [
            -77.5414838,
            37.5736865
          ],
          [
            -77.5414694,
            37.5737329
          ]
        ]
      },
      "id": "way/1382598404"
    },
    {
      "type": "Feature",
      "properties": {
        "@id": "way/1382606357",
        "highway": "footway"
      },
      "geometry": {
        "type": "LineString",
        "coordinates": [
          [
            -77.5430475,
            37.5735841
          ],
          [
            -77.5429822,
            37.5736581
          ]
        ]
      },
      "id": "way/1382606357"
    },
    {
      "type": "Feature",
      "properties": {
        "@id": "way/1382606358",
        "highway": "service"
      },
      "geometry": {
        "type": "LineString",
        "coordinates": [
          [
            -77.5426057,
            37.5732011
          ],
          [
            -77.542526,
            37.5732115
          ],
          [
            -77.5424887,
            37.5732397
          ],
          [
            -77.542436,
            37.5732971
          ]
        ]
      },
      "id": "way/1382606358"
    },
    {
      "type": "Feature",
      "properties": {
        "@id": "way/1382824845",
        "footway": "sidewalk",
        "highway": "footway"
      },
      "geometry": {
        "type": "LineString",
        "coordinates": [
          [
            -77.5466974,
            37.5750808
          ],
          [
            -77.5462362,
            37.5751155
          ],
          [
            -77.5459981,
            37.5751334
          ],
          [
            -77.5459149,
            37.5751316
          ],
          [
            -77.5458497,
            37.5751277
          ],
          [
            -77.5458002,
            37.5751213
          ],
          [
            -77.5457395,
            37.5751112
          ],
          [
            -77.545681,
            37.5750974
          ],
          [
            -77.5456258,
            37.5750802
          ]
        ]
      },
      "id": "way/1382824845"
    },
    {
      "type": "Feature",
      "properties": {
        "@id": "way/1382824846",
        "footway": "sidewalk",
        "highway": "footway"
      },
      "geometry": {
        "type": "LineString",
        "coordinates": [
          [
            -77.5454779,
            37.575027
          ],
          [
            -77.5453497,
            37.575109
          ],
          [
            -77.5452559,
            37.5751531
          ],
          [
            -77.54521,
            37.5751728
          ],
          [
            -77.5450905,
            37.575203
          ],
          [
            -77.5449707,
            37.5752213
          ]
        ]
      },
      "id": "way/1382824846"
    },
    {
      "type": "Feature",
      "properties": {
        "@id": "way/1382824847",
        "highway": "footway"
      },
      "geometry": {
        "type": "LineString",
        "coordinates": [
          [
            -77.5452559,
            37.5751531
          ],
          [
            -77.545236,
            37.5752299
          ],
          [
            -77.5452251,
            37.5752941
          ]
        ]
      },
      "id": "way/1382824847"
    },
    {
      "type": "Feature",
      "properties": {
        "@id": "way/1382824848",
        "highway": "footway"
      },
      "geometry": {
        "type": "LineString",
        "coordinates": [
          [
            -77.545236,
            37.5752299
          ],
          [
            -77.5453138,
            37.5752668
          ],
          [
            -77.5453604,
            37.5752864
          ]
        ]
      },
      "id": "way/1382824848"
    },
    {
      "type": "Feature",
      "properties": {
        "@id": "way/1382824854",
        "highway": "footway"
      },
      "geometry": {
        "type": "LineString",
        "coordinates": [
          [
            -77.5431565,
            37.5744967
          ],
          [
            -77.5433338,
            37.5745918
          ],
          [
            -77.5433945,
            37.5746194
          ],
          [
            -77.5435064,
            37.5746508
          ],
          [
            -77.5436109,
            37.5746626
          ],
          [
            -77.5437495,
            37.5746718
          ],
          [
            -77.5438302,
            37.5746718
          ],
          [
            -77.5438529,
            37.5746707
          ],
          [
            -77.5439424,
            37.5746578
          ],
          [
            -77.5440217,
            37.5746365
          ],
          [
            -77.5440811,
            37.5746202
          ],
          [
            -77.5441202,
            37.5746114
          ],
          [
            -77.5441688,
            37.5746046
          ],
          [
            -77.5442088,
            37.5745995
          ],
          [
            -77.5442425,
            37.5746
          ],
          [
            -77.5442721,
            37.5746031
          ],
          [
            -77.5443139,
            37.5746138
          ],
          [
            -77.544384,
            37.5746396
          ],
          [
            -77.5444023,
            37.5746481
          ],
          [
            -77.5444423,
            37.5746776
          ],
          [
            -77.544489,
            37.5747266
          ],
          [
            -77.5445101,
            37.5747729
          ],
          [
            -77.5445099,
            37.5748112
          ],
          [
            -77.544539,
            37.5748429
          ],
          [
            -77.5445572,
            37.5748582
          ],
          [
            -77.5445868,
            37.5748775
          ],
          [
            -77.5446038,
            37.5748812
          ],
          [
            -77.5446241,
            37.574883
          ]
        ]
      },
      "id": "way/1382824854"
    },
    {
      "type": "Feature",
      "properties": {
        "@id": "way/1382824855",
        "highway": "footway",
        "layer": "-1"
      },
      "geometry": {
        "type": "LineString",
        "coordinates": [
          [
            -77.5443243,
            37.5747319
          ],
          [
            -77.5443152,
            37.5747526
          ],
          [
            -77.5443138,
            37.5747688
          ],
          [
            -77.5443167,
            37.5747889
          ],
          [
            -77.5443261,
            37.5748121
          ],
          [
            -77.5443384,
            37.5748414
          ],
          [
            -77.5442845,
            37.5749049
          ]
        ]
      },
      "id": "way/1382824855"
    },
    {
      "type": "Feature",
      "properties": {
        "@id": "way/1382824856",
        "highway": "footway"
      },
      "geometry": {
        "type": "LineString",
        "coordinates": [
          [
            -77.5445099,
            37.5748112
          ],
          [
            -77.5444658,
            37.5748077
          ],
          [
            -77.5444275,
            37.5748057
          ],
          [
            -77.544392,
            37.5748103
          ],
          [
            -77.5443622,
            37.5748219
          ],
          [
            -77.5443384,
            37.5748414
          ]
        ]
      },
      "id": "way/1382824856"
    },
    {
      "type": "Feature",
      "properties": {
        "@id": "way/1382824857",
        "highway": "footway"
      },
      "geometry": {
        "type": "LineString",
        "coordinates": [
          [
            -77.545901,
            37.5737268
          ],
          [
            -77.5458886,
            37.5737588
          ],
          [
            -77.5458839,
            37.5738157
          ]
        ]
      },
      "id": "way/1382824857"
    },
    {
      "type": "Feature",
      "properties": {
        "@id": "way/1382824861",
        "footway": "sidewalk",
        "highway": "footway"
      },
      "geometry": {
        "type": "LineString",
        "coordinates": [
          [
            -77.545154,
            37.5733928
          ],
          [
            -77.5451623,
            37.573412
          ],
          [
            -77.5452867,
            37.5735467
          ],
          [
            -77.5453619,
            37.5736589
          ],
          [
            -77.5454877,
            37.5738582
          ]
        ]
      },
      "id": "way/1382824861"
    },
    {
      "type": "Feature",
      "properties": {
        "@id": "way/1382824862",
        "highway": "footway"
      },
      "geometry": {
        "type": "LineString",
        "coordinates": [
          [
            -77.5455774,
            37.5740131
          ],
          [
            -77.5456106,
            37.5741311
          ],
          [
            -77.5456208,
            37.5741924
          ],
          [
            -77.545625,
            37.5742928
          ]
        ]
      },
      "id": "way/1382824862"
    },
    {
      "type": "Feature",
      "properties": {
        "@id": "way/1414018767",
        "highway": "footway",
        "surface": "paving_stones"
      },
      "geometry": {
        "type": "LineString",
        "coordinates": [
          [
            -77.5420024,
            37.5747486
          ],
          [
            -77.5419506,
            37.5747528
          ],
          [
            -77.5418682,
            37.5747577
          ],
          [
            -77.541834,
            37.574758
          ],
          [
            -77.5418011,
            37.5747563
          ],
          [
            -77.5417017,
            37.5747478
          ],
          [
            -77.5416171,
            37.5747361
          ],
          [
            -77.5415444,
            37.5747214
          ],
          [
            -77.5414823,
            37.5747045
          ],
          [
            -77.5414048,
            37.5746821
          ]
        ]
      },
      "id": "way/1414018767"
    },
    {
      "type": "Feature",
      "properties": {
        "@id": "way/1414018768",
        "crossing": "uncontrolled",
        "crossing:markings": "yes",
        "footway": "crossing",
        "highway": "footway",
        "surface": "paving_stones"
      },
      "geometry": {
        "type": "LineString",
        "coordinates": [
          [
            -77.5414048,
            37.5746821
          ],
          [
            -77.5413544,
            37.5746794
          ],
          [
            -77.5413068,
            37.5746821
          ]
        ]
      },
      "id": "way/1414018768"
    },
    {
      "type": "Feature",
      "properties": {
        "@id": "way/1414018769",
        "highway": "footway",
        "surface": "paving_stones"
      },
      "geometry": {
        "type": "LineString",
        "coordinates": [
          [
            -77.5408515,
            37.5748962
          ],
          [
            -77.5408738,
            37.5748735
          ],
          [
            -77.5410242,
            37.5747208
          ]
        ]
      },
      "id": "way/1414018769"
    },
    {
      "type": "Feature",
      "properties": {
        "@id": "way/1414018770",
        "highway": "footway",
        "surface": "paving_stones"
      },
      "geometry": {
        "type": "LineString",
        "coordinates": [
          [
            -77.5408738,
            37.5748735
          ],
          [
            -77.5408724,
            37.5748445
          ],
          [
            -77.5408641,
            37.5748204
          ],
          [
            -77.5408365,
            37.5747919
          ],
          [
            -77.5408074,
            37.5747696
          ]
        ]
      },
      "id": "way/1414018770"
    },
    {
      "type": "Feature",
      "properties": {
        "@id": "way/1414018771",
        "highway": "steps"
      },
      "geometry": {
        "type": "LineString",
        "coordinates": [
          [
            -77.5399385,
            37.5750585
          ],
          [
            -77.5399181,
            37.5750795
          ]
        ]
      },
      "id": "way/1414018771"
    },
    {
      "type": "Feature",
      "properties": {
        "@id": "way/1414018772",
        "highway": "steps"
      },
      "geometry": {
        "type": "LineString",
        "coordinates": [
          [
            -77.5399662,
            37.5750152
          ],
          [
            -77.5399739,
            37.5749893
          ]
        ]
      },
      "id": "way/1414018772"
    },
    {
      "type": "Feature",
      "properties": {
        "@id": "way/1414018773",
        "highway": "steps"
      },
      "geometry": {
        "type": "LineString",
        "coordinates": [
          [
            -77.5399811,
            37.5749416
          ],
          [
            -77.5399778,
            37.5749141
          ]
        ]
      },
      "id": "way/1414018773"
    },
    {
      "type": "Feature",
      "properties": {
        "@id": "way/1414018774",
        "highway": "pedestrian",
        "surface": "paving_stones"
      },
      "geometry": {
        "type": "LineString",
        "coordinates": [
          [
            -77.5399778,
            37.5749141
          ],
          [
            -77.5399728,
            37.574883
          ],
          [
            -77.5399624,
            37.5748593
          ],
          [
            -77.5399507,
            37.5748379
          ],
          [
            -77.5399181,
            37.5747928
          ],
          [
            -77.5398855,
            37.5747657
          ],
          [
            -77.5398414,
            37.5747416
          ],
          [
            -77.5397972,
            37.5747245
          ],
          [
            -77.5397684,
            37.5747175
          ],
          [
            -77.5397094,
            37.5747118
          ],
          [
            -77.5396597,
            37.574714
          ],
          [
            -77.5396083,
            37.5747223
          ],
          [
            -77.5395757,
            37.5747337
          ],
          [
            -77.5395343,
            37.5747534
          ],
          [
            -77.5394989,
            37.5747766
          ],
          [
            -77.5394733,
            37.5747991
          ],
          [
            -77.5394465,
            37.5748331
          ],
          [
            -77.5394216,
            37.5748812
          ],
          [
            -77.5394122,
            37.5749119
          ],
          [
            -77.5394145,
            37.574953
          ],
          [
            -77.5394247,
            37.5749954
          ],
          [
            -77.5394365,
            37.5750244
          ],
          [
            -77.5394526,
            37.5750458
          ],
          [
            -77.5394729,
            37.5750632
          ]
        ]
      },
      "id": "way/1414018774"
    },
    {
      "type": "Feature",
      "properties": {
        "@id": "way/1414018775",
        "highway": "footway"
      },
      "geometry": {
        "type": "LineString",
        "coordinates": [
          [
            -77.5393454,
            37.5746577
          ],
          [
            -77.5391661,
            37.5746729
          ]
        ]
      },
      "id": "way/1414018775"
    },
    {
      "type": "Feature",
      "properties": {
        "@id": "way/1414018776",
        "highway": "footway"
      },
      "geometry": {
        "type": "LineString",
        "coordinates": [
          [
            -77.5393431,
            37.5745109
          ],
          [
            -77.5392449,
            37.5745149
          ],
          [
            -77.5391676,
            37.5745214
          ]
        ]
      },
      "id": "way/1414018776"
    },
    {
      "type": "Feature",
      "properties": {
        "@id": "way/1414018777",
        "highway": "footway"
      },
      "geometry": {
        "type": "LineString",
        "coordinates": [
          [
            -77.5392312,
            37.5740922
          ],
          [
            -77.539024,
            37.5742045
          ],
          [
            -77.5390118,
            37.5742268
          ],
          [
            -77.5389907,
            37.5742651
          ]
        ]
      },
      "id": "way/1414018777"
    },
    {
      "type": "Feature",
      "properties": {
        "@id": "way/1414018778",
        "highway": "footway"
      },
      "geometry": {
        "type": "LineString",
        "coordinates": [
          [
            -77.5392104,
            37.5738443
          ],
          [
            -77.5392098,
            37.5738303
          ],
          [
            -77.5391995,
            37.5736626
          ]
        ]
      },
      "id": "way/1414018778"
    },
    {
      "type": "Feature",
      "properties": {
        "@id": "way/1414018779",
        "crossing": "uncontrolled",
        "crossing:markings": "lines",
        "footway": "crossing",
        "highway": "footway",
        "surface": "paving_stones"
      },
      "geometry": {
        "type": "LineString",
        "coordinates": [
          [
            -77.5392164,
            37.573917
          ],
          [
            -77.5392133,
            37.5738789
          ],
          [
            -77.5392104,
            37.5738443
          ]
        ]
      },
      "id": "way/1414018779"
    },
    {
      "type": "Feature",
      "properties": {
        "@id": "way/1414018780",
        "highway": "footway"
      },
      "geometry": {
        "type": "LineString",
        "coordinates": [
          [
            -77.5387905,
            37.5736978
          ],
          [
            -77.5387712,
            37.5736896
          ],
          [
            -77.5387601,
            37.5736874
          ],
          [
            -77.5387428,
            37.5736877
          ],
          [
            -77.5385383,
            37.5737138
          ]
        ]
      },
      "id": "way/1414018780"
    },
    {
      "type": "Feature",
      "properties": {
        "@id": "way/1414018781",
        "footway": "access_aisle",
        "highway": "footway"
      },
      "geometry": {
        "type": "LineString",
        "coordinates": [
          [
            -77.5388442,
            37.5736286
          ],
          [
            -77.5388138,
            37.5736678
          ],
          [
            -77.5387905,
            37.5736978
          ]
        ]
      },
      "id": "way/1414018781"
    },
    {
      "type": "Feature",
      "properties": {
        "@id": "way/1414018782",
        "footway": "access_aisle",
        "highway": "footway"
      },
      "geometry": {
        "type": "LineString",
        "coordinates": [
          [
            -77.5388793,
            37.5735874
          ],
          [
            -77.5388442,
            37.5736286
          ]
        ]
      },
      "id": "way/1414018782"
    },
    {
      "type": "Feature",
      "properties": {
        "@id": "way/1414018783",
        "crossing": "uncontrolled",
        "crossing:island": "yes",
        "crossing:markings": "surface",
        "footway": "crossing",
        "highway": "footway",
        "surface": "paving_stones"
      },
      "geometry": {
        "type": "LineString",
        "coordinates": [
          [
            -77.5391347,
            37.5726471
          ],
          [
            -77.5391329,
            37.5726187
          ],
          [
            -77.5391306,
            37.5725837
          ]
        ]
      },
      "id": "way/1414018783"
    },
    {
      "type": "Feature",
      "properties": {
        "@id": "way/1414018784",
        "crossing": "uncontrolled",
        "crossing:island": "yes",
        "crossing:markings": "surface",
        "footway": "crossing",
        "highway": "footway",
        "surface": "paving_stones"
      },
      "geometry": {
        "type": "LineString",
        "coordinates": [
          [
            -77.5391569,
            37.5729769
          ],
          [
            -77.5391546,
            37.5729458
          ],
          [
            -77.5391522,
            37.5729124
          ]
        ]
      },
      "id": "way/1414018784"
    },
    {
      "type": "Feature",
      "properties": {
        "@id": "way/1414018785",
        "footway": "traffic_island",
        "highway": "footway"
      },
      "geometry": {
        "type": "LineString",
        "coordinates": [
          [
            -77.5391522,
            37.5729124
          ],
          [
            -77.539145,
            37.5728114
          ]
        ]
      },
      "id": "way/1414018785"
    },
    {
      "type": "Feature",
      "properties": {
        "@id": "way/1414018786",
        "crossing": "uncontrolled",
        "crossing:island": "yes",
        "crossing:markings": "surface",
        "footway": "crossing",
        "highway": "footway",
        "surface": "paving_stones"
      },
      "geometry": {
        "type": "LineString",
        "coordinates": [
          [
            -77.539145,
            37.5728114
          ],
          [
            -77.5391429,
            37.572781
          ],
          [
            -77.5391407,
            37.5727494
          ]
        ]
      },
      "id": "way/1414018786"
    },
    {
      "type": "Feature",
      "properties": {
        "@id": "way/1414018787",
        "footway": "traffic_island",
        "highway": "footway"
      },
      "geometry": {
        "type": "LineString",
        "coordinates": [
          [
            -77.5391407,
            37.5727494
          ],
          [
            -77.5391347,
            37.5726471
          ]
        ]
      },
      "id": "way/1414018787"
    },
    {
      "type": "Feature",
      "properties": {
        "@id": "way/1414018788",
        "highway": "footway"
      },
      "geometry": {
        "type": "LineString",
        "coordinates": [
          [
            -77.5391306,
            37.5725837
          ],
          [
            -77.5391273,
            37.5725278
          ],
          [
            -77.5391267,
            37.5725178
          ]
        ]
      },
      "id": "way/1414018788"
    },
    {
      "type": "Feature",
      "properties": {
        "@id": "way/1414018789",
        "highway": "steps"
      },
      "geometry": {
        "type": "LineString",
        "coordinates": [
          [
            -77.5391267,
            37.5725178
          ],
          [
            -77.5391253,
            37.5724952
          ]
        ]
      },
      "id": "way/1414018789"
    },
    {
      "type": "Feature",
      "properties": {
        "@id": "way/1414018790",
        "highway": "footway"
      },
      "geometry": {
        "type": "LineString",
        "coordinates": [
          [
            -77.5391253,
            37.5724952
          ],
          [
            -77.5391248,
            37.5724864
          ],
          [
            -77.5391243,
            37.5724768
          ]
        ]
      },
      "id": "way/1414018790"
    },
    {
      "type": "Feature",
      "properties": {
        "@id": "way/1414018791",
        "highway": "footway"
      },
      "geometry": {
        "type": "LineString",
        "coordinates": [
          [
            -77.5391228,
            37.5724525
          ],
          [
            -77.5391223,
            37.5724435
          ]
        ]
      },
      "id": "way/1414018791"
    },
    {
      "type": "Feature",
      "properties": {
        "@id": "way/1414018792",
        "highway": "footway"
      },
      "geometry": {
        "type": "LineString",
        "coordinates": [
          [
            -77.5391056,
            37.5722261
          ],
          [
            -77.539142,
            37.5722266
          ]
        ]
      },
      "id": "way/1414018792"
    },
    {
      "type": "Feature",
      "properties": {
        "@id": "way/1414018797",
        "highway": "footway",
        "surface": "concrete"
      },
      "geometry": {
        "type": "LineString",
        "coordinates": [
          [
            -77.5386562,
            37.5710867
          ],
          [
            -77.5385453,
            37.5710806
          ],
          [
            -77.5384882,
            37.5710829
          ],
          [
            -77.5384688,
            37.5710837
          ],
          [
            -77.5383916,
            37.5710959
          ],
          [
            -77.5383588,
            37.5711011
          ]
        ]
      },
      "id": "way/1414018797"
    },
    {
      "type": "Feature",
      "properties": {
        "@id": "way/1414018798",
        "footway": "access_aisle",
        "highway": "footway",
        "surface": "asphalt"
      },
      "geometry": {
        "type": "LineString",
        "coordinates": [
          [
            -77.5384923,
            37.5711381
          ],
          [
            -77.538489,
            37.5710926
          ]
        ]
      },
      "id": "way/1414018798"
    },
    {
      "type": "Feature",
      "properties": {
        "@id": "way/1414018799",
        "footway": "access_aisle",
        "highway": "footway",
        "surface": "asphalt"
      },
      "geometry": {
        "type": "LineString",
        "coordinates": [
          [
            -77.538405,
            37.5711514
          ],
          [
            -77.5383937,
            37.5711045
          ]
        ]
      },
      "id": "way/1414018799"
    },
    {
      "type": "Feature",
      "properties": {
        "@id": "way/1414018800",
        "footway": "link",
        "highway": "footway",
        "surface": "asphalt"
      },
      "geometry": {
        "type": "LineString",
        "coordinates": [
          [
            -77.5384121,
            37.5711805
          ],
          [
            -77.538405,
            37.5711514
          ]
        ]
      },
      "id": "way/1414018800"
    },
    {
      "type": "Feature",
      "properties": {
        "@id": "way/1414018801",
        "footway": "link",
        "highway": "footway",
        "surface": "asphalt"
      },
      "geometry": {
        "type": "LineString",
        "coordinates": [
          [
            -77.538496,
            37.5711683
          ],
          [
            -77.5384923,
            37.5711381
          ]
        ]
      },
      "id": "way/1414018801"
    },
    {
      "type": "Feature",
      "properties": {
        "@id": "way/1414018802",
        "highway": "footway",
        "surface": "concrete"
      },
      "geometry": {
        "type": "LineString",
        "coordinates": [
          [
            -77.538489,
            37.5710926
          ],
          [
            -77.5384882,
            37.5710829
          ]
        ]
      },
      "id": "way/1414018802"
    },
    {
      "type": "Feature",
      "properties": {
        "@id": "way/1414018803",
        "highway": "footway",
        "surface": "concrete"
      },
      "geometry": {
        "type": "LineString",
        "coordinates": [
          [
            -77.5383937,
            37.5711045
          ],
          [
            -77.5383916,
            37.5710959
          ]
        ]
      },
      "id": "way/1414018803"
    },
    {
      "type": "Feature",
      "properties": {
        "@id": "way/1414018804",
        "crossing": "uncontrolled",
        "crossing:markings": "yes",
        "footway": "crossing",
        "highway": "footway"
      },
      "geometry": {
        "type": "LineString",
        "coordinates": [
          [
            -77.5386562,
            37.5710867
          ],
          [
            -77.5386975,
            37.5710899
          ],
          [
            -77.5387429,
            37.5710933
          ]
        ]
      },
      "id": "way/1414018804"
    },
    {
      "type": "Feature",
      "properties": {
        "@id": "way/1414018805",
        "highway": "footway",
        "surface": "asphalt"
      },
      "geometry": {
        "type": "LineString",
        "coordinates": [
          [
            -77.5387429,
            37.5710933
          ],
          [
            -77.538806,
            37.5710999
          ],
          [
            -77.5388325,
            37.5711051
          ],
          [
            -77.5388567,
            37.5711116
          ],
          [
            -77.5388808,
            37.5711226
          ],
          [
            -77.5389063,
            37.5711365
          ],
          [
            -77.5389349,
            37.5711485
          ],
          [
            -77.5389689,
            37.5711583
          ],
          [
            -77.5390031,
            37.5711639
          ],
          [
            -77.5390378,
            37.5711634
          ]
        ]
      },
      "id": "way/1414018805"
    },
    {
      "type": "Feature",
      "properties": {
        "@id": "way/1414018806",
        "crossing": "uncontrolled",
        "crossing:island": "no",
        "crossing:markings": "surface",
        "footway": "crossing",
        "highway": "footway",
        "surface": "paving_stones",
        "traffic_calming": "table"
      },
      "geometry": {
        "type": "LineString",
        "coordinates": [
          [
            -77.5390341,
            37.5710788
          ],
          [
            -77.5390334,
            37.5710432
          ],
          [
            -77.5390328,
            37.5710106
          ]
        ]
      },
      "id": "way/1414018806"
    },
    {
      "type": "Feature",
      "properties": {
        "@id": "way/1414018807",
        "footway": "sidewalk",
        "highway": "footway",
        "surface": "asphalt"
      },
      "geometry": {
        "type": "LineString",
        "coordinates": [
          [
            -77.5389817,
            37.5709877
          ],
          [
            -77.5388583,
            37.5709645
          ],
          [
            -77.5387296,
            37.5709513
          ],
          [
            -77.5385524,
            37.5709355
          ],
          [
            -77.5384744,
            37.5709229
          ],
          [
            -77.5384722,
            37.5709333
          ]
        ]
      },
      "id": "way/1414018807"
    },
    {
      "type": "Feature",
      "properties": {
        "@id": "way/1414018808",
        "crossing": "uncontrolled",
        "crossing:markings": "yes",
        "footway": "crossing",
        "highway": "footway"
      },
      "geometry": {
        "type": "LineString",
        "coordinates": [
          [
            -77.5384568,
            37.5710009
          ],
          [
            -77.5384646,
            37.5709668
          ],
          [
            -77.5384722,
            37.5709333
          ]
        ]
      },
      "id": "way/1414018808"
    },
    {
      "type": "Feature",
      "properties": {
        "@id": "way/1414018809",
        "footway": "sidewalk",
        "highway": "footway",
        "surface": "asphalt"
      },
      "geometry": {
        "type": "LineString",
        "coordinates": [
          [
            -77.539492,
            37.5712143
          ],
          [
            -77.539486,
            37.5712092
          ],
          [
            -77.5394653,
            37.5712014
          ],
          [
            -77.5394443,
            37.5711902
          ],
          [
            -77.5393687,
            37.5711445
          ],
          [
            -77.5392908,
            37.5710973
          ],
          [
            -77.539188,
            37.5710516
          ],
          [
            -77.539115,
            37.5710254
          ]
        ]
      },
      "id": "way/1414018809"
    },
    {
      "type": "Feature",
      "properties": {
        "@id": "way/1414018810",
        "footway": "sidewalk",
        "highway": "footway",
        "surface": "paving_stones"
      },
      "geometry": {
        "type": "LineString",
        "coordinates": [
          [
            -77.539115,
            37.5710254
          ],
          [
            -77.5390326,
            37.5709999
          ],
          [
            -77.5389817,
            37.5709877
          ]
        ]
      },
      "id": "way/1414018810"
    },
    {
      "type": "Feature",
      "properties": {
        "@id": "way/1414018811",
        "crossing": "uncontrolled",
        "crossing:markings": "yes",
        "footway": "crossing",
        "highway": "footway"
      },
      "geometry": {
        "type": "LineString",
        "coordinates": [
          [
            -77.5395868,
            37.5712867
          ],
          [
            -77.5395366,
            37.5712484
          ],
          [
            -77.539492,
            37.5712143
          ]
        ]
      },
      "id": "way/1414018811"
    },
    {
      "type": "Feature",
      "properties": {
        "@id": "way/1414018812",
        "footway": "link",
        "highway": "footway",
        "surface": "asphalt"
      },
      "geometry": {
        "type": "LineString",
        "coordinates": [
          [
            -77.540436,
            37.5711261
          ],
          [
            -77.5403996,
            37.5710902
          ]
        ]
      },
      "id": "way/1414018812"
    },
    {
      "type": "Feature",
      "properties": {
        "@id": "way/1414018813",
        "footway": "link",
        "highway": "footway",
        "surface": "asphalt"
      },
      "geometry": {
        "type": "LineString",
        "coordinates": [
          [
            -77.540436,
            37.5711261
          ],
          [
            -77.5404911,
            37.5710893
          ]
        ]
      },
      "id": "way/1414018813"
    },
    {
      "type": "Feature",
      "properties": {
        "@id": "way/1414018814",
        "footway": "sidewalk",
        "highway": "footway"
      },
      "geometry": {
        "type": "LineString",
        "coordinates": [
          [
            -77.540436,
            37.5711261
          ],
          [
            -77.5404347,
            37.5711389
          ],
          [
            -77.5403967,
            37.5711567
          ],
          [
            -77.5403568,
            37.5711796
          ],
          [
            -77.5403206,
            37.5711938
          ],
          [
            -77.5402788,
            37.5712075
          ],
          [
            -77.5402433,
            37.5712184
          ]
        ]
      },
      "id": "way/1414018814"
    },
    {
      "type": "Feature",
      "properties": {
        "@id": "way/1414018815",
        "crossing": "uncontrolled",
        "crossing:markings": "zebra",
        "footway": "crossing",
        "highway": "footway",
        "surface": "asphalt"
      },
      "geometry": {
        "type": "LineString",
        "coordinates": [
          [
            -77.5402433,
            37.5712184
          ],
          [
            -77.5401843,
            37.5712223
          ],
          [
            -77.540121,
            37.5712264
          ]
        ]
      },
      "id": "way/1414018815"
    },
    {
      "type": "Feature",
      "properties": {
        "@id": "way/1414018816",
        "footway": "sidewalk",
        "highway": "footway",
        "surface": "concrete"
      },
      "geometry": {
        "type": "LineString",
        "coordinates": [
          [
            -77.540121,
            37.5712264
          ],
          [
            -77.5400751,
            37.5712307
          ]
        ]
      },
      "id": "way/1414018816"
    },
    {
      "type": "Feature",
      "properties": {
        "@id": "way/1414018817",
        "footway": "sidewalk",
        "highway": "footway",
        "surface": "asphalt"
      },
      "geometry": {
        "type": "LineString",
        "coordinates": [
          [
            -77.5400751,
            37.5712307
          ],
          [
            -77.53999,
            37.5712315
          ],
          [
            -77.5399179,
            37.5712296
          ],
          [
            -77.5398559,
            37.5712231
          ],
          [
            -77.5398083,
            37.5712176
          ],
          [
            -77.5397608,
            37.5712162
          ],
          [
            -77.5397142,
            37.5712214
          ],
          [
            -77.5396794,
            37.5712296
          ],
          [
            -77.539646,
            37.5712419
          ],
          [
            -77.5396153,
            37.5712578
          ],
          [
            -77.5396077,
            37.5712671
          ],
          [
            -77.5396129,
            37.5712791
          ],
          [
            -77.5396143,
            37.5712912
          ],
          [
            -77.5396091,
            37.571302
          ],
          [
            -77.5395967,
            37.5713132
          ],
          [
            -77.539606,
            37.5713324
          ],
          [
            -77.5397004,
            37.5714572
          ],
          [
            -77.5397263,
            37.5714643
          ],
          [
            -77.5397317,
            37.5714743
          ],
          [
            -77.5397353,
            37.571481
          ],
          [
            -77.5397304,
            37.5715061
          ],
          [
            -77.5397625,
            37.5715638
          ],
          [
            -77.5397904,
            37.5716345
          ],
          [
            -77.5398076,
            37.5716845
          ],
          [
            -77.53984,
            37.571784
          ],
          [
            -77.5398952,
            37.571958
          ],
          [
            -77.5399173,
            37.5720088
          ],
          [
            -77.5399431,
            37.5720116
          ],
          [
            -77.5399487,
            37.5720142
          ]
        ]
      },
      "id": "way/1414018817"
    },
    {
      "type": "Feature",
      "properties": {
        "@id": "way/1414018818",
        "highway": "footway"
      },
      "geometry": {
        "type": "LineString",
        "coordinates": [
          [
            -77.5399487,
            37.5720142
          ],
          [
            -77.5399582,
            37.5719964
          ],
          [
            -77.539961,
            37.5719606
          ],
          [
            -77.5399579,
            37.5718759
          ],
          [
            -77.5399376,
            37.5717139
          ],
          [
            -77.5399348,
            37.571665
          ],
          [
            -77.5399417,
            37.5716437
          ],
          [
            -77.5399579,
            37.5716204
          ]
        ]
      },
      "id": "way/1414018818"
    },
    {
      "type": "Feature",
      "properties": {
        "@id": "way/1414018819",
        "footway": "link",
        "highway": "footway",
        "surface": "asphalt"
      },
      "geometry": {
        "type": "LineString",
        "coordinates": [
          [
            -77.5399579,
            37.5716204
          ],
          [
            -77.5399905,
            37.5715987
          ]
        ]
      },
      "id": "way/1414018819"
    },
    {
      "type": "Feature",
      "properties": {
        "@id": "way/1414018820",
        "highway": "footway",
        "surface": "concrete"
      },
      "geometry": {
        "type": "LineString",
        "coordinates": [
          [
            -77.5399487,
            37.5720142
          ],
          [
            -77.5399323,
            37.5720328
          ]
        ]
      },
      "id": "way/1414018820"
    },
    {
      "type": "Feature",
      "properties": {
        "@id": "way/1414018821",
        "crossing": "uncontrolled",
        "crossing:markings": "zebra",
        "footway": "crossing",
        "highway": "footway"
      },
      "geometry": {
        "type": "LineString",
        "coordinates": [
          [
            -77.5399323,
            37.5720328
          ],
          [
            -77.5398631,
            37.5720329
          ],
          [
            -77.5398223,
            37.572033
          ]
        ]
      },
      "id": "way/1414018821"
    },
    {
      "type": "Feature",
      "properties": {
        "@id": "way/1414018822",
        "crossing": "uncontrolled",
        "crossing:markings": "yes",
        "footway": "crossing",
        "highway": "footway",
        "surface": "asphalt"
      },
      "geometry": {
        "type": "LineString",
        "coordinates": [
          [
            -77.5399323,
            37.5720328
          ],
          [
            -77.5399526,
            37.57208
          ],
          [
            -77.539976,
            37.5721347
          ]
        ]
      },
      "id": "way/1414018822"
    },
    {
      "type": "Feature",
      "properties": {
        "@id": "way/1414018823",
        "crossing": "uncontrolled",
        "crossing:markings": "ladder",
        "footway": "crossing",
        "highway": "footway",
        "surface": "asphalt"
      },
      "geometry": {
        "type": "LineString",
        "coordinates": [
          [
            -77.5398856,
            37.5726972
          ],
          [
            -77.5399576,
            37.572698
          ],
          [
            -77.5400079,
            37.5726985
          ]
        ]
      },
      "id": "way/1414018823"
    },
    {
      "type": "Feature",
      "properties": {
        "@id": "way/1414018824",
        "crossing": "uncontrolled",
        "crossing:markings": "zebra",
        "footway": "crossing",
        "highway": "footway",
        "surface": "asphalt"
      },
      "geometry": {
        "type": "LineString",
        "coordinates": [
          [
            -77.5399038,
            37.5732507
          ],
          [
            -77.5398666,
            37.5732373
          ],
          [
            -77.5398251,
            37.5732223
          ]
        ]
      },
      "id": "way/1414018824"
    },
    {
      "type": "Feature",
      "properties": {
        "@id": "way/1414018825",
        "crossing": "uncontrolled",
        "crossing:markings": "ladder",
        "footway": "crossing",
        "highway": "footway",
        "surface": "asphalt"
      },
      "geometry": {
        "type": "LineString",
        "coordinates": [
          [
            -77.5399594,
            37.5736439
          ],
          [
            -77.5399776,
            37.5736132
          ],
          [
            -77.539996,
            37.5735821
          ]
        ]
      },
      "id": "way/1414018825"
    },
    {
      "type": "Feature",
      "properties": {
        "@id": "way/1414018826",
        "highway": "steps",
        "surface": "brick"
      },
      "geometry": {
        "type": "LineString",
        "coordinates": [
          [
            -77.5399415,
            37.5736789
          ],
          [
            -77.5399594,
            37.5736439
          ]
        ]
      },
      "id": "way/1414018826"
    },
    {
      "type": "Feature",
      "properties": {
        "@id": "way/1414018827",
        "highway": "footway"
      },
      "geometry": {
        "type": "LineString",
        "coordinates": [
          [
            -77.5403989,
            37.5736787
          ],
          [
            -77.5403896,
            37.5736937
          ],
          [
            -77.5403799,
            37.5737
          ],
          [
            -77.5403672,
            37.5737019
          ],
          [
            -77.5402314,
            37.5736902
          ],
          [
            -77.54009,
            37.5736841
          ],
          [
            -77.5400735,
            37.5736855
          ],
          [
            -77.5400618,
            37.5736907
          ],
          [
            -77.5400528,
            37.5736986
          ],
          [
            -77.5400425,
            37.5737101
          ],
          [
            -77.5400287,
            37.5737303
          ],
          [
            -77.5400129,
            37.5737568
          ]
        ]
      },
      "id": "way/1414018827"
    },
    {
      "type": "Feature",
      "properties": {
        "@id": "way/1414018828",
        "crossing": "uncontrolled",
        "crossing:markings": "yes",
        "footway": "crossing",
        "highway": "footway"
      },
      "geometry": {
        "type": "LineString",
        "coordinates": [
          [
            -77.5403989,
            37.5736787
          ],
          [
            -77.5404349,
            37.5736487
          ],
          [
            -77.540472,
            37.5736178
          ]
        ]
      },
      "id": "way/1414018828"
    },
    {
      "type": "Feature",
      "properties": {
        "@id": "way/1414018829",
        "highway": "footway"
      },
      "geometry": {
        "type": "LineString",
        "coordinates": [
          [
            -77.540472,
            37.5736178
          ],
          [
            -77.5404754,
            37.5736107
          ],
          [
            -77.5405569,
            37.5734416
          ],
          [
            -77.5406055,
            37.573338
          ],
          [
            -77.5403936,
            37.5732734
          ],
          [
            -77.5403439,
            37.5733803
          ],
          [
            -77.5405569,
            37.5734416
          ]
        ]
      },
      "id": "way/1414018829"
    },
    {
      "type": "Feature",
      "properties": {
        "@id": "way/1414018830",
        "foot": "yes",
        "highway": "footway",
        "incline": "up,_stairs"
      },
      "geometry": {
        "type": "LineString",
        "coordinates": [
          [
            -77.5414979,
            37.5737624
          ],
          [
            -77.5414694,
            37.5737329
          ],
          [
            -77.5413846,
            37.5736773
          ],
          [
            -77.5413009,
            37.573625
          ],
          [
            -77.541287,
            37.5736181
          ],
          [
            -77.5412221,
            37.5735857
          ],
          [
            -77.5411834,
            37.5735847
          ]
        ]
      },
      "id": "way/1414018830"
    },
    {
      "type": "Feature",
      "properties": {
        "@id": "way/1414018831",
        "footway": "link",
        "highway": "footway",
        "surface": "asphalt"
      },
      "geometry": {
        "type": "LineString",
        "coordinates": [
          [
            -77.5414979,
            37.5737624
          ],
          [
            -77.5415192,
            37.5737864
          ]
        ]
      },
      "id": "way/1414018831"
    },
    {
      "type": "Feature",
      "properties": {
        "@id": "way/1414018832",
        "highway": "footway"
      },
      "geometry": {
        "type": "LineString",
        "coordinates": [
          [
            -77.5415237,
            37.5735308
          ],
          [
            -77.5413246,
            37.5736027
          ],
          [
            -77.541287,
            37.5736181
          ],
          [
            -77.5411896,
            37.5736579
          ]
        ]
      },
      "id": "way/1414018832"
    },
    {
      "type": "Feature",
      "properties": {
        "@id": "way/1414018833",
        "crossing": "uncontrolled",
        "crossing:island": "no",
        "crossing:markings": "lines",
        "footway": "crossing",
        "highway": "footway",
        "surface": "paving_stones",
        "traffic_calming": "table"
      },
      "geometry": {
        "type": "LineString",
        "coordinates": [
          [
            -77.5421124,
            37.5747322
          ],
          [
            -77.5420624,
            37.5747396
          ],
          [
            -77.5420024,
            37.5747486
          ]
        ]
      },
      "id": "way/1414018833"
    },
    {
      "type": "Feature",
      "properties": {
        "@id": "way/1414018834",
        "footway": "sidewalk",
        "highway": "footway"
      },
      "geometry": {
        "type": "LineString",
        "coordinates": [
          [
            -77.5422246,
            37.5747815
          ],
          [
            -77.5422753,
            37.5748127
          ],
          [
            -77.5423567,
            37.5748735
          ],
          [
            -77.5423625,
            37.574879
          ],
          [
            -77.5424417,
            37.5749545
          ],
          [
            -77.5425098,
            37.5750272
          ],
          [
            -77.5425772,
            37.5751102
          ],
          [
            -77.5425926,
            37.5751295
          ],
          [
            -77.5426143,
            37.5751436
          ],
          [
            -77.5426885,
            37.575189
          ],
          [
            -77.5429358,
            37.5753171
          ],
          [
            -77.5429126,
            37.5753472
          ]
        ]
      },
      "id": "way/1414018834"
    },
    {
      "type": "Feature",
      "properties": {
        "@id": "way/1414018835",
        "highway": "footway",
        "surface": "paving_stones"
      },
      "geometry": {
        "type": "LineString",
        "coordinates": [
          [
            -77.542229,
            37.5747404
          ],
          [
            -77.5421922,
            37.574737
          ],
          [
            -77.5421315,
            37.5747312
          ],
          [
            -77.5421124,
            37.5747322
          ]
        ]
      },
      "id": "way/1414018835"
    },
    {
      "type": "Feature",
      "properties": {
        "@id": "way/1414018836",
        "highway": "footway",
        "surface": "paving_stones"
      },
      "geometry": {
        "type": "LineString",
        "coordinates": [
          [
            -77.5422246,
            37.5747815
          ],
          [
            -77.5421922,
            37.574737
          ]
        ]
      },
      "id": "way/1414018836"
    },
    {
      "type": "Feature",
      "properties": {
        "@id": "way/1414018837",
        "highway": "footway",
        "surface": "paving_stones"
      },
      "geometry": {
        "type": "LineString",
        "coordinates": [
          [
            -77.5399811,
            37.5749416
          ],
          [
            -77.5399803,
            37.5749657
          ],
          [
            -77.5399739,
            37.5749893
          ]
        ]
      },
      "id": "way/1414018837"
    },
    {
      "type": "Feature",
      "properties": {
        "@id": "way/1414018838",
        "highway": "footway",
        "surface": "paving_stones"
      },
      "geometry": {
        "type": "LineString",
        "coordinates": [
          [
            -77.5399662,
            37.5750152
          ],
          [
            -77.5399536,
            37.575037
          ],
          [
            -77.5399385,
            37.5750585
          ]
        ]
      },
      "id": "way/1414018838"
    },
    {
      "type": "Feature",
      "properties": {
        "@id": "way/1414018839",
        "highway": "footway",
        "surface": "paving_stones"
      },
      "geometry": {
        "type": "LineString",
        "coordinates": [
          [
            -77.5399181,
            37.5750795
          ],
          [
            -77.5399042,
            37.5750929
          ],
          [
            -77.5398896,
            37.575106
          ],
          [
            -77.5398641,
            37.5751213
          ],
          [
            -77.539809,
            37.5751428
          ],
          [
            -77.5397664,
            37.5751567
          ],
          [
            -77.5397182,
            37.5751622
          ],
          [
            -77.5396777,
            37.5751615
          ],
          [
            -77.5396506,
            37.5751595
          ],
          [
            -77.5396295,
            37.5751557
          ]
        ]
      },
      "id": "way/1414018839"
    },
    {
      "type": "Feature",
      "properties": {
        "@id": "way/1414018840",
        "bicycle": "yes",
        "foot": "yes",
        "highway": "footway",
        "surface": "asphalt"
      },
      "geometry": {
        "type": "LineString",
        "coordinates": [
          [
            -77.5396506,
            37.5751595
          ],
          [
            -77.5396433,
            37.5751796
          ],
          [
            -77.5396278,
            37.5752297
          ],
          [
            -77.539608,
            37.575284
          ],
          [
            -77.5395886,
            37.5753184
          ],
          [
            -77.5395568,
            37.5753474
          ],
          [
            -77.5395034,
            37.5753983
          ],
          [
            -77.5394302,
            37.5754569
          ],
          [
            -77.5394165,
            37.5754668
          ],
          [
            -77.5393893,
            37.575488
          ],
          [
            -77.5393145,
            37.575557
          ]
        ]
      },
      "id": "way/1414018840"
    },
    {
      "type": "Feature",
      "properties": {
        "@id": "way/1414018841",
        "highway": "steps"
      },
      "geometry": {
        "type": "LineString",
        "coordinates": [
          [
            -77.5396295,
            37.5751557
          ],
          [
            -77.5395826,
            37.5751421
          ]
        ]
      },
      "id": "way/1414018841"
    },
    {
      "type": "Feature",
      "properties": {
        "@id": "way/1414018842",
        "highway": "steps"
      },
      "geometry": {
        "type": "LineString",
        "coordinates": [
          [
            -77.5395396,
            37.5751257
          ],
          [
            -77.5395008,
            37.5751063
          ]
        ]
      },
      "id": "way/1414018842"
    },
    {
      "type": "Feature",
      "properties": {
        "@id": "way/1414018843",
        "highway": "footway",
        "surface": "paving_stones"
      },
      "geometry": {
        "type": "LineString",
        "coordinates": [
          [
            -77.5395008,
            37.5751063
          ],
          [
            -77.539458,
            37.5750796
          ]
        ]
      },
      "id": "way/1414018843"
    },
    {
      "type": "Feature",
      "properties": {
        "@id": "way/1414018844",
        "highway": "footway",
        "surface": "paving_stones"
      },
      "geometry": {
        "type": "LineString",
        "coordinates": [
          [
            -77.5395396,
            37.5751257
          ],
          [
            -77.5395826,
            37.5751421
          ]
        ]
      },
      "id": "way/1414018844"
    },
    {
      "type": "Feature",
      "properties": {
        "@id": "way/1414018845",
        "highway": "footway"
      },
      "geometry": {
        "type": "LineString",
        "coordinates": [
          [
            -77.5400306,
            37.5752386
          ],
          [
            -77.5400192,
            37.5752568
          ],
          [
            -77.5400126,
            37.575266
          ],
          [
            -77.5400057,
            37.5752804
          ]
        ]
      },
      "id": "way/1414018845"
    },
    {
      "type": "Feature",
      "properties": {
        "@id": "way/1414018848",
        "bridge": "yes",
        "highway": "footway",
        "layer": "1"
      },
      "geometry": {
        "type": "LineString",
        "coordinates": [
          [
            -77.5383874,
            37.5761755
          ],
          [
            -77.5386041,
            37.5759829
          ]
        ]
      },
      "id": "way/1414018848"
    },
    {
      "type": "Feature",
      "properties": {
        "@id": "way/1414018850",
        "highway": "footway"
      },
      "geometry": {
        "type": "LineString",
        "coordinates": [
          [
            -77.5376051,
            37.5759499
          ],
          [
            -77.5375054,
            37.5759408
          ],
          [
            -77.5374322,
            37.57594
          ],
          [
            -77.5372893,
            37.5759518
          ],
          [
            -77.5372389,
            37.5759509
          ]
        ]
      },
      "id": "way/1414018850"
    },
    {
      "type": "Feature",
      "properties": {
        "@id": "way/1414018851",
        "highway": "footway"
      },
      "geometry": {
        "type": "LineString",
        "coordinates": [
          [
            -77.5378202,
            37.576101
          ],
          [
            -77.5378106,
            37.5761087
          ],
          [
            -77.5377983,
            37.5761184
          ]
        ]
      },
      "id": "way/1414018851"
    },
    {
      "type": "Feature",
      "properties": {
        "@id": "way/1414018852",
        "highway": "steps"
      },
      "geometry": {
        "type": "LineString",
        "coordinates": [
          [
            -77.5378609,
            37.5760697
          ],
          [
            -77.5378202,
            37.576101
          ]
        ]
      },
      "id": "way/1414018852"
    },
    {
      "type": "Feature",
      "properties": {
        "@id": "way/1414018853",
        "highway": "footway",
        "surface": "asphalt"
      },
      "geometry": {
        "type": "LineString",
        "coordinates": [
          [
            -77.5378798,
            37.5760526
          ],
          [
            -77.5378703,
            37.5760612
          ],
          [
            -77.5378609,
            37.5760697
          ]
        ]
      },
      "id": "way/1414018853"
    },
    {
      "type": "Feature",
      "properties": {
        "@id": "way/1414018854",
        "footway": "link",
        "highway": "footway",
        "surface": "asphalt"
      },
      "geometry": {
        "type": "LineString",
        "coordinates": [
          [
            -77.5379003,
            37.5760355
          ],
          [
            -77.5379071,
            37.5760291
          ],
          [
            -77.5379408,
            37.5759973
          ]
        ]
      },
      "id": "way/1414018854"
    },
    {
      "type": "Feature",
      "properties": {
        "@id": "way/1414018855",
        "footway": "sidewalk",
        "highway": "footway",
        "surface": "asphalt"
      },
      "geometry": {
        "type": "LineString",
        "coordinates": [
          [
            -77.5371027,
            37.5752879
          ],
          [
            -77.5371273,
            37.5753009
          ]
        ]
      },
      "id": "way/1414018855"
    },
    {
      "type": "Feature",
      "properties": {
        "@id": "way/1414018856",
        "footway": "sidewalk",
        "highway": "footway"
      },
      "geometry": {
        "type": "LineString",
        "coordinates": [
          [
            -77.5371273,
            37.5753009
          ],
          [
            -77.5371217,
            37.5753103
          ]
        ]
      },
      "id": "way/1414018856"
    },
    {
      "type": "Feature",
      "properties": {
        "@id": "way/1414018857",
        "crossing": "uncontrolled",
        "crossing:markings": "yes",
        "footway": "crossing",
        "highway": "footway"
      },
      "geometry": {
        "type": "LineString",
        "coordinates": [
          [
            -77.5371217,
            37.5753103
          ],
          [
            -77.5371071,
            37.5753377
          ],
          [
            -77.5370884,
            37.5753728
          ]
        ]
      },
      "id": "way/1414018857"
    },
    {
      "type": "Feature",
      "properties": {
        "@id": "way/1414018858",
        "highway": "footway"
      },
      "geometry": {
        "type": "LineString",
        "coordinates": [
          [
            -77.5389079,
            37.5747781
          ],
          [
            -77.5389021,
            37.5747357
          ],
          [
            -77.5388986,
            37.5747009
          ],
          [
            -77.538867,
            37.5744379
          ],
          [
            -77.5388495,
            37.5742922
          ],
          [
            -77.5388735,
            37.574292
          ],
          [
            -77.5389325,
            37.574273
          ],
          [
            -77.5389551,
            37.5742657
          ],
          [
            -77.5389907,
            37.5742651
          ],
          [
            -77.5390146,
            37.5742648
          ],
          [
            -77.5390248,
            37.5742646
          ],
          [
            -77.5390777,
            37.5742943
          ],
          [
            -77.5391081,
            37.574307
          ],
          [
            -77.5391345,
            37.5743132
          ],
          [
            -77.5391564,
            37.5743127
          ],
          [
            -77.5391809,
            37.5743091
          ],
          [
            -77.5392554,
            37.574289
          ],
          [
            -77.5392928,
            37.5742763
          ]
        ]
      },
      "id": "way/1414018858"
    },
    {
      "type": "Feature",
      "properties": {
        "@id": "way/1414018859",
        "highway": "footway",
        "surface": "paved"
      },
      "geometry": {
        "type": "LineString",
        "coordinates": [
          [
            -77.5390084,
            37.5749747
          ],
          [
            -77.5389981,
            37.5749755
          ],
          [
            -77.5389752,
            37.5749747
          ],
          [
            -77.5389571,
            37.574967
          ],
          [
            -77.5389075,
            37.5749358
          ],
          [
            -77.5388094,
            37.5748704
          ],
          [
            -77.5387333,
            37.5748239
          ],
          [
            -77.5386972,
            37.5747931
          ],
          [
            -77.5386329,
            37.5747509
          ]
        ]
      },
      "id": "way/1414018859"
    },
    {
      "type": "Feature",
      "properties": {
        "@id": "way/1414018860",
        "highway": "footway"
      },
      "geometry": {
        "type": "LineString",
        "coordinates": [
          [
            -77.5390322,
            37.5750057
          ],
          [
            -77.5390453,
            37.5750116
          ],
          [
            -77.5390599,
            37.5750147
          ],
          [
            -77.5390742,
            37.5750151
          ],
          [
            -77.5390901,
            37.5750118
          ],
          [
            -77.5391037,
            37.5750057
          ],
          [
            -77.5391149,
            37.5749971
          ],
          [
            -77.5391228,
            37.5749864
          ],
          [
            -77.539127,
            37.5749745
          ],
          [
            -77.5391275,
            37.5749642
          ],
          [
            -77.5391234,
            37.5749504
          ],
          [
            -77.539116,
            37.5749399
          ],
          [
            -77.5391055,
            37.5749311
          ],
          [
            -77.5390925,
            37.5749248
          ],
          [
            -77.5390779,
            37.5749213
          ],
          [
            -77.5390634,
            37.5749208
          ],
          [
            -77.5390489,
            37.5749231
          ],
          [
            -77.5390362,
            37.5749278
          ],
          [
            -77.5390253,
            37.5749348
          ],
          [
            -77.5390167,
            37.5749436
          ],
          [
            -77.539011,
            37.5749538
          ],
          [
            -77.5390084,
            37.5749648
          ],
          [
            -77.5390084,
            37.5749747
          ],
          [
            -77.5390136,
            37.5749873
          ],
          [
            -77.5390214,
            37.5749974
          ],
          [
            -77.5390322,
            37.5750057
          ]
        ]
      },
      "id": "way/1414018860"
    },
    {
      "type": "Feature",
      "properties": {
        "@id": "way/1414018861",
        "highway": "footway"
      },
      "geometry": {
        "type": "LineString",
        "coordinates": [
          [
            -77.5390742,
            37.5750151
          ],
          [
            -77.5390749,
            37.5750241
          ],
          [
            -77.5390789,
            37.5750472
          ],
          [
            -77.5390875,
            37.5750838
          ],
          [
            -77.5391024,
            37.5751078
          ],
          [
            -77.539127,
            37.5751337
          ],
          [
            -77.5391638,
            37.5751556
          ],
          [
            -77.5392521,
            37.5751996
          ],
          [
            -77.5392823,
            37.5752205
          ],
          [
            -77.5393002,
            37.5752368
          ],
          [
            -77.5393233,
            37.5752613
          ],
          [
            -77.5393589,
            37.5753033
          ]
        ]
      },
      "id": "way/1414018861"
    },
    {
      "type": "Feature",
      "properties": {
        "@id": "way/1414018862",
        "highway": "footway"
      },
      "geometry": {
        "type": "LineString",
        "coordinates": [
          [
            -77.5393316,
            37.5753311
          ],
          [
            -77.5391107,
            37.5755174
          ]
        ]
      },
      "id": "way/1414018862"
    },
    {
      "type": "Feature",
      "properties": {
        "@id": "way/1414018863",
        "highway": "footway"
      },
      "geometry": {
        "type": "LineString",
        "coordinates": [
          [
            -77.5427424,
            37.5762771
          ],
          [
            -77.5427421,
            37.5762843
          ],
          [
            -77.5427373,
            37.576303
          ],
          [
            -77.5427196,
            37.5763337
          ]
        ]
      },
      "id": "way/1414018863"
    },
    {
      "type": "Feature",
      "properties": {
        "@id": "way/1414018864",
        "highway": "steps"
      },
      "geometry": {
        "type": "LineString",
        "coordinates": [
          [
            -77.5427424,
            37.5762771
          ],
          [
            -77.5427424,
            37.5762327
          ]
        ]
      },
      "id": "way/1414018864"
    },
    {
      "type": "Feature",
      "properties": {
        "@id": "way/1414018865",
        "highway": "footway"
      },
      "geometry": {
        "type": "LineString",
        "coordinates": [
          [
            -77.5428312,
            37.5763833
          ],
          [
            -77.5428117,
            37.5763932
          ],
          [
            -77.5427196,
            37.5763337
          ],
          [
            -77.5426811,
            37.5763126
          ],
          [
            -77.5426331,
            37.5762909
          ],
          [
            -77.5425957,
            37.5762766
          ],
          [
            -77.5425254,
            37.5762595
          ],
          [
            -77.5424409,
            37.5762408
          ],
          [
            -77.5423986,
            37.5762378
          ],
          [
            -77.5423296,
            37.576239
          ],
          [
            -77.542288,
            37.5762395
          ]
        ]
      },
      "id": "way/1414018865"
    },
    {
      "type": "Feature",
      "properties": {
        "@id": "way/1414018866",
        "highway": "footway",
        "surface": "concrete"
      },
      "geometry": {
        "type": "LineString",
        "coordinates": [
          [
            -77.542288,
            37.5762395
          ],
          [
            -77.5422119,
            37.5762204
          ],
          [
            -77.5421403,
            37.5761981
          ],
          [
            -77.5420199,
            37.5761596
          ]
        ]
      },
      "id": "way/1414018866"
    },
    {
      "type": "Feature",
      "properties": {
        "@id": "way/1414018867",
        "highway": "steps"
      },
      "geometry": {
        "type": "LineString",
        "coordinates": [
          [
            -77.5423479,
            37.5761545
          ],
          [
            -77.5423293,
            37.5761818
          ]
        ]
      },
      "id": "way/1414018867"
    },
    {
      "type": "Feature",
      "properties": {
        "@id": "way/1414018868",
        "highway": "footway"
      },
      "geometry": {
        "type": "LineString",
        "coordinates": [
          [
            -77.5423577,
            37.5761455
          ],
          [
            -77.5423479,
            37.5761545
          ]
        ]
      },
      "id": "way/1414018868"
    },
    {
      "type": "Feature",
      "properties": {
        "@id": "way/1414018869",
        "highway": "footway"
      },
      "geometry": {
        "type": "LineString",
        "coordinates": [
          [
            -77.5423293,
            37.5761818
          ],
          [
            -77.542288,
            37.5762395
          ],
          [
            -77.5422821,
            37.5762508
          ]
        ]
      },
      "id": "way/1414018869"
    },
    {
      "type": "Feature",
      "properties": {
        "@id": "way/1414018870",
        "footway": "sidewalk",
        "highway": "footway",
        "surface": "concrete"
      },
      "geometry": {
        "type": "LineString",
        "coordinates": [
          [
            -77.5424132,
            37.5760921
          ],
          [
            -77.5424068,
            37.576098
          ]
        ]
      },
      "id": "way/1414018870"
    },
    {
      "type": "Feature",
      "properties": {
        "@id": "way/1414018871",
        "footway": "sidewalk",
        "highway": "footway",
        "surface": "concrete"
      },
      "geometry": {
        "type": "LineString",
        "coordinates": [
          [
            -77.5427417,
            37.5761681
          ],
          [
            -77.5427417,
            37.5761762
          ]
        ]
      },
      "id": "way/1414018871"
    },
    {
      "type": "Feature",
      "properties": {
        "@id": "way/1414018873",
        "highway": "footway"
      },
      "geometry": {
        "type": "LineString",
        "coordinates": [
          [
            -77.5423681,
            37.5758388
          ],
          [
            -77.5423744,
            37.5758418
          ],
          [
            -77.5423861,
            37.5758498
          ],
          [
            -77.54242,
            37.5758803
          ],
          [
            -77.5424978,
            37.5759499
          ],
          [
            -77.5425459,
            37.5759782
          ],
          [
            -77.5425811,
            37.5759973
          ],
          [
            -77.5425988,
            37.5760031
          ],
          [
            -77.5426281,
            37.5760088
          ],
          [
            -77.5427165,
            37.576015
          ],
          [
            -77.5427656,
            37.5760212
          ],
          [
            -77.5429062,
            37.576091
          ]
        ]
      },
      "id": "way/1414018873"
    },
    {
      "type": "Feature",
      "properties": {
        "@id": "way/1414018874",
        "crossing": "uncontrolled",
        "crossing:markings": "ladder",
        "footway": "crossing",
        "highway": "footway",
        "surface": "asphalt"
      },
      "geometry": {
        "type": "LineString",
        "coordinates": [
          [
            -77.5423681,
            37.5758388
          ],
          [
            -77.5423304,
            37.575823
          ],
          [
            -77.5422966,
            37.5758089
          ]
        ]
      },
      "id": "way/1414018874"
    },
    {
      "type": "Feature",
      "properties": {
        "@id": "way/1414018875",
        "highway": "footway",
        "surface": "concrete"
      },
      "geometry": {
        "type": "LineString",
        "coordinates": [
          [
            -77.5422966,
            37.5758089
          ],
          [
            -77.542281,
            37.5758103
          ],
          [
            -77.5422628,
            37.5758192
          ]
        ]
      },
      "id": "way/1414018875"
    },
    {
      "type": "Feature",
      "properties": {
        "@id": "way/1414018876",
        "highway": "footway",
        "surface": "paved"
      },
      "geometry": {
        "type": "LineString",
        "coordinates": [
          [
            -77.5407124,
            37.5757561
          ],
          [
            -77.5406518,
            37.5758812
          ]
        ]
      },
      "id": "way/1414018876"
    },
    {
      "type": "Feature",
      "properties": {
        "@id": "way/1414018877",
        "bicycle": "yes",
        "highway": "footway",
        "surface": "gravel"
      },
      "geometry": {
        "type": "LineString",
        "coordinates": [
          [
            -77.544031,
            37.5776921
          ],
          [
            -77.5441211,
            37.5776855
          ],
          [
            -77.5442664,
            37.5776872
          ],
          [
            -77.544302,
            37.5776957
          ]
        ]
      },
      "id": "way/1414018877"
    },
    {
      "type": "Feature",
      "properties": {
        "@id": "way/1414018878",
        "footway": "link",
        "highway": "footway"
      },
      "geometry": {
        "type": "LineString",
        "coordinates": [
          [
            -77.544302,
            37.5776957
          ],
          [
            -77.5443335,
            37.5777127
          ]
        ]
      },
      "id": "way/1414018878"
    },
    {
      "type": "Feature",
      "properties": {
        "@id": "way/1414018890",
        "highway": "steps"
      },
      "geometry": {
        "type": "LineString",
        "coordinates": [
          [
            -77.5432734,
            37.5762874
          ],
          [
            -77.543272,
            37.57625
          ]
        ]
      },
      "id": "way/1414018890"
    },
    {
      "type": "Feature",
      "properties": {
        "@id": "way/1414018891",
        "highway": "footway"
      },
      "geometry": {
        "type": "LineString",
        "coordinates": [
          [
            -77.543272,
            37.57625
          ],
          [
            -77.5432707,
            37.5762362
          ],
          [
            -77.5432697,
            37.5762247
          ]
        ]
      },
      "id": "way/1414018891"
    },
    {
      "type": "Feature",
      "properties": {
        "@id": "way/1414018892",
        "highway": "steps"
      },
      "geometry": {
        "type": "LineString",
        "coordinates": [
          [
            -77.5432697,
            37.5762247
          ],
          [
            -77.5432505,
            37.5761864
          ]
        ]
      },
      "id": "way/1414018892"
    },
    {
      "type": "Feature",
      "properties": {
        "@id": "way/1414018893",
        "highway": "footway"
      },
      "geometry": {
        "type": "LineString",
        "coordinates": [
          [
            -77.5432505,
            37.5761864
          ],
          [
            -77.5432384,
            37.5761622
          ]
        ]
      },
      "id": "way/1414018893"
    },
    {
      "type": "Feature",
      "properties": {
        "@id": "way/1414018894",
        "highway": "footway"
      },
      "geometry": {
        "type": "LineString",
        "coordinates": [
          [
            -77.5418021,
            37.578547
          ],
          [
            -77.5417508,
            37.5785681
          ]
        ]
      },
      "id": "way/1414018894"
    },
    {
      "type": "Feature",
      "properties": {
        "@id": "way/1414018895",
        "highway": "footway",
        "surface": "paved"
      },
      "geometry": {
        "type": "LineString",
        "coordinates": [
          [
            -77.5401785,
            37.5781376
          ],
          [
            -77.5401633,
            37.578104
          ],
          [
            -77.5401302,
            37.578046
          ],
          [
            -77.5401253,
            37.5780148
          ],
          [
            -77.5401277,
            37.5779938
          ],
          [
            -77.5401309,
            37.5779813
          ],
          [
            -77.5401405,
            37.5779692
          ],
          [
            -77.5401723,
            37.5779465
          ],
          [
            -77.5402133,
            37.5779273
          ]
        ]
      },
      "id": "way/1414018895"
    },
    {
      "type": "Feature",
      "properties": {
        "@id": "way/1414018896",
        "highway": "footway"
      },
      "geometry": {
        "type": "LineString",
        "coordinates": [
          [
            -77.539794,
            37.578641
          ],
          [
            -77.5398438,
            37.5785737
          ],
          [
            -77.5398535,
            37.5785603
          ],
          [
            -77.5399062,
            37.5784876
          ],
          [
            -77.5399924,
            37.5784009
          ]
        ]
      },
      "id": "way/1414018896"
    },
    {
      "type": "Feature",
      "properties": {
        "@id": "way/1414018897",
        "highway": "footway"
      },
      "geometry": {
        "type": "LineString",
        "coordinates": [
          [
            -77.5392606,
            37.5783093
          ],
          [
            -77.5392879,
            37.5782924
          ]
        ]
      },
      "id": "way/1414018897"
    },
    {
      "type": "Feature",
      "properties": {
        "@id": "way/1414018898",
        "highway": "footway",
        "surface": "paved"
      },
      "geometry": {
        "type": "LineString",
        "coordinates": [
          [
            -77.5390968,
            37.5791341
          ],
          [
            -77.5391398,
            37.5790672
          ]
        ]
      },
      "id": "way/1414018898"
    },
    {
      "type": "Feature",
      "properties": {
        "@id": "way/1414018899",
        "highway": "footway"
      },
      "geometry": {
        "type": "LineString",
        "coordinates": [
          [
            -77.539435,
            37.5785978
          ],
          [
            -77.5393922,
            37.578659
          ]
        ]
      },
      "id": "way/1414018899"
    },
    {
      "type": "Feature",
      "properties": {
        "@id": "way/1414018900",
        "highway": "footway",
        "layer": "-1",
        "surface": "paved"
      },
      "geometry": {
        "type": "LineString",
        "coordinates": [
          [
            -77.5394779,
            37.5788034
          ],
          [
            -77.5395168,
            37.5788281
          ]
        ]
      },
      "id": "way/1414018900"
    },
    {
      "type": "Feature",
      "properties": {
        "@id": "way/1414018901",
        "highway": "footway"
      },
      "geometry": {
        "type": "LineString",
        "coordinates": [
          [
            -77.5384211,
            37.579084
          ],
          [
            -77.5384359,
            37.5790944
          ],
          [
            -77.5385051,
            37.5792038
          ]
        ]
      },
      "id": "way/1414018901"
    },
    {
      "type": "Feature",
      "properties": {
        "@id": "way/1414018902",
        "footway": "link",
        "highway": "footway",
        "surface": "asphalt"
      },
      "geometry": {
        "type": "LineString",
        "coordinates": [
          [
            -77.5387033,
            37.5785322
          ],
          [
            -77.538645,
            37.5785229
          ]
        ]
      },
      "id": "way/1414018902"
    },
    {
      "type": "Feature",
      "properties": {
        "@id": "way/1414018903",
        "highway": "footway",
        "surface": "paved"
      },
      "geometry": {
        "type": "LineString",
        "coordinates": [
          [
            -77.5402606,
            37.5781766
          ],
          [
            -77.5402182,
            37.5781697
          ],
          [
            -77.5401917,
            37.5781539
          ],
          [
            -77.5401785,
            37.5781376
          ]
        ]
      },
      "id": "way/1414018903"
    },
    {
      "type": "Feature",
      "properties": {
        "@id": "way/1414018904",
        "crossing": "uncontrolled",
        "crossing:markings": "yes",
        "footway": "crossing",
        "highway": "footway"
      },
      "geometry": {
        "type": "LineString",
        "coordinates": [
          [
            -77.5394142,
            37.5770206
          ],
          [
            -77.5393963,
            37.5769746
          ],
          [
            -77.5393806,
            37.5769344
          ]
        ]
      },
      "id": "way/1414018904"
    },
    {
      "type": "Feature",
      "properties": {
        "@id": "way/1414018905",
        "crossing": "uncontrolled",
        "crossing:markings": "ladder",
        "footway": "crossing",
        "highway": "footway"
      },
      "geometry": {
        "type": "LineString",
        "coordinates": [
          [
            -77.5365855,
            37.5775261
          ],
          [
            -77.5365556,
            37.5775023
          ],
          [
            -77.5365273,
            37.5774788
          ]
        ]
      },
      "id": "way/1414018905"
    },
    {
      "type": "Feature",
      "properties": {
        "@id": "way/1414018906",
        "crossing": "uncontrolled",
        "crossing:markings": "ladder",
        "footway": "crossing",
        "highway": "footway",
        "surface": "asphalt"
      },
      "geometry": {
        "type": "LineString",
        "coordinates": [
          [
            -77.5368769,
            37.5772702
          ],
          [
            -77.5368351,
            37.5772709
          ],
          [
            -77.5367914,
            37.5772717
          ]
        ]
      },
      "id": "way/1414018906"
    },
    {
      "type": "Feature",
      "properties": {
        "@id": "way/1414018907",
        "highway": "footway",
        "incline": "up",
        "surface": "paved"
      },
      "geometry": {
        "type": "LineString",
        "coordinates": [
          [
            -77.5398772,
            37.5778962
          ],
          [
            -77.5398563,
            37.5779135
          ],
          [
            -77.5398099,
            37.5779646
          ],
          [
            -77.5397848,
            37.577981
          ],
          [
            -77.5397631,
            37.5779846
          ],
          [
            -77.5397308,
            37.5779821
          ],
          [
            -77.5396912,
            37.5779743
          ],
          [
            -77.5397328,
            37.5779199
          ]
        ]
      },
      "id": "way/1414018907"
    },
    {
      "type": "Feature",
      "properties": {
        "@id": "way/1414018908",
        "footway": "sidewalk",
        "highway": "footway",
        "surface": "paving_stones"
      },
      "geometry": {
        "type": "LineString",
        "coordinates": [
          [
            -77.5346072,
            37.5794849
          ],
          [
            -77.5345983,
            37.5794815
          ]
        ]
      },
      "id": "way/1414018908"
    },
    {
      "type": "Feature",
      "properties": {
        "@id": "way/1414018909",
        "highway": "footway"
      },
      "geometry": {
        "type": "LineString",
        "coordinates": [
          [
            -77.5393915,
            37.5780933
          ],
          [
            -77.539357,
            37.5780902
          ],
          [
            -77.5393374,
            37.5780632
          ],
          [
            -77.5393696,
            37.578042
          ],
          [
            -77.5394485,
            37.5779988
          ],
          [
            -77.5394858,
            37.577985
          ],
          [
            -77.5395628,
            37.5779667
          ],
          [
            -77.5396098,
            37.5779651
          ],
          [
            -77.539661,
            37.5779707
          ],
          [
            -77.5396912,
            37.5779743
          ]
        ]
      },
      "id": "way/1414018909"
    },
    {
      "type": "Feature",
      "properties": {
        "@id": "way/1414201023",
        "crossing": "uncontrolled",
        "crossing:markings": "yes",
        "footway": "crossing",
        "highway": "footway"
      },
      "geometry": {
        "type": "LineString",
        "coordinates": [
          [
            -77.5386683,
            37.5781301
          ],
          [
            -77.5386379,
            37.5781081
          ],
          [
            -77.5386022,
            37.5780824
          ]
        ]
      },
      "id": "way/1414201023"
    },
    {
      "type": "Feature",
      "properties": {
        "@id": "way/1414201024",
        "crossing": "uncontrolled",
        "crossing:markings": "yes",
        "footway": "crossing",
        "highway": "footway"
      },
      "geometry": {
        "type": "LineString",
        "coordinates": [
          [
            -77.5368882,
            37.5798549
          ],
          [
            -77.5368648,
            37.5798247
          ],
          [
            -77.5368436,
            37.579798
          ]
        ]
      },
      "id": "way/1414201024"
    },
    {
      "type": "Feature",
      "properties": {
        "@id": "way/1414201025",
        "footway": "access_aisle",
        "highway": "footway"
      },
      "geometry": {
        "type": "LineString",
        "coordinates": [
          [
            -77.5368436,
            37.579798
          ],
          [
            -77.5368117,
            37.5797574
          ]
        ]
      },
      "id": "way/1414201025"
    },
    {
      "type": "Feature",
      "properties": {
        "@id": "way/1414201026",
        "highway": "footway",
        "surface": "asphalt"
      },
      "geometry": {
        "type": "LineString",
        "coordinates": [
          [
            -77.5368117,
            37.5797574
          ],
          [
            -77.5368048,
            37.5797486
          ]
        ]
      },
      "id": "way/1414201026"
    },
    {
      "type": "Feature",
      "properties": {
        "@id": "way/1414201027",
        "footway": "sidewalk",
        "highway": "footway",
        "surface": "paving_stones"
      },
      "geometry": {
        "type": "LineString",
        "coordinates": [
          [
            -77.5368882,
            37.5798549
          ],
          [
            -77.5368929,
            37.5798608
          ]
        ]
      },
      "id": "way/1414201027"
    },
    {
      "type": "Feature",
      "properties": {
        "@id": "way/1414201028",
        "footway": "sidewalk",
        "highway": "footway",
        "surface": "asphalt"
      },
      "geometry": {
        "type": "LineString",
        "coordinates": [
          [
            -77.5374714,
            37.5795656
          ],
          [
            -77.5374315,
            37.5795816
          ],
          [
            -77.5373805,
            37.5796154
          ],
          [
            -77.5373267,
            37.5796486
          ],
          [
            -77.5372774,
            37.5796398
          ],
          [
            -77.5372206,
            37.5796767
          ]
        ]
      },
      "id": "way/1414201028"
    },
    {
      "type": "Feature",
      "properties": {
        "@id": "way/1414201029",
        "footway": "sidewalk",
        "highway": "footway"
      },
      "geometry": {
        "type": "LineString",
        "coordinates": [
          [
            -77.5370831,
            37.5796532
          ],
          [
            -77.5370598,
            37.5796693
          ],
          [
            -77.5370443,
            37.579677
          ],
          [
            -77.5370297,
            37.5796779
          ],
          [
            -77.537013,
            37.5796724
          ],
          [
            -77.536982,
            37.579656
          ]
        ]
      },
      "id": "way/1414201029"
    },
    {
      "type": "Feature",
      "properties": {
        "@id": "way/1414201030",
        "footway": "sidewalk",
        "highway": "footway",
        "surface": "asphalt"
      },
      "geometry": {
        "type": "LineString",
        "coordinates": [
          [
            -77.536982,
            37.579656
          ],
          [
            -77.5369481,
            37.5796734
          ],
          [
            -77.5368048,
            37.5797486
          ],
          [
            -77.5367374,
            37.5797781
          ]
        ]
      },
      "id": "way/1414201030"
    },
    {
      "type": "Feature",
      "properties": {
        "@id": "way/1414201031",
        "crossing": "unmarked",
        "crossing:markings": "no",
        "footway": "crossing",
        "highway": "footway",
        "surface": "asphalt"
      },
      "geometry": {
        "type": "LineString",
        "coordinates": [
          [
            -77.5365956,
            37.5792239
          ],
          [
            -77.5365528,
            37.5792317
          ],
          [
            -77.5365141,
            37.5792388
          ]
        ]
      },
      "id": "way/1414201031"
    },
    {
      "type": "Feature",
      "properties": {
        "@id": "way/1414201032",
        "footway": "link",
        "highway": "footway",
        "surface": "asphalt"
      },
      "geometry": {
        "type": "LineString",
        "coordinates": [
          [
            -77.5365094,
            37.5791462
          ],
          [
            -77.5365527,
            37.5791466
          ]
        ]
      },
      "id": "way/1414201032"
    },
    {
      "type": "Feature",
      "properties": {
        "@id": "way/1414201033",
        "footway": "access_aisle",
        "highway": "footway",
        "surface": "asphalt"
      },
      "geometry": {
        "type": "LineString",
        "coordinates": [
          [
            -77.5366547,
            37.5792237
          ],
          [
            -77.5365956,
            37.5792239
          ]
        ]
      },
      "id": "way/1414201033"
    },
    {
      "type": "Feature",
      "properties": {
        "@id": "way/1414201034",
        "footway": "access_aisle",
        "highway": "footway",
        "surface": "asphalt"
      },
      "geometry": {
        "type": "LineString",
        "coordinates": [
          [
            -77.5364474,
            37.5791802
          ],
          [
            -77.5365136,
            37.5791801
          ]
        ]
      },
      "id": "way/1414201034"
    },
    {
      "type": "Feature",
      "properties": {
        "@id": "way/1414201035",
        "highway": "footway",
        "surface": "asphalt"
      },
      "geometry": {
        "type": "LineString",
        "coordinates": [
          [
            -77.5364392,
            37.5791803
          ],
          [
            -77.5364474,
            37.5791802
          ]
        ]
      },
      "id": "way/1414201035"
    },
    {
      "type": "Feature",
      "properties": {
        "@id": "way/1414201036",
        "footway": "link",
        "highway": "footway",
        "surface": "asphalt"
      },
      "geometry": {
        "type": "LineString",
        "coordinates": [
          [
            -77.5365136,
            37.5791801
          ],
          [
            -77.5365528,
            37.5791801
          ]
        ]
      },
      "id": "way/1414201036"
    },
    {
      "type": "Feature",
      "properties": {
        "@id": "way/1414201037",
        "highway": "service",
        "service": "parking_aisle"
      },
      "geometry": {
        "type": "LineString",
        "coordinates": [
          [
            -77.5365556,
            37.5796009
          ],
          [
            -77.5364306,
            37.579601
          ],
          [
            -77.536236,
            37.5795948
          ],
          [
            -77.536142,
            37.579567
          ],
          [
            -77.5360588,
            37.5795121
          ],
          [
            -77.5360398,
            37.5795069
          ],
          [
            -77.535962,
            37.5795048
          ],
          [
            -77.5359227,
            37.579515
          ],
          [
            -77.5359036,
            37.5795332
          ],
          [
            -77.535847,
            37.579644
          ],
          [
            -77.5358253,
            37.5796853
          ],
          [
            -77.5357997,
            37.5797339
          ],
          [
            -77.5357678,
            37.5797997
          ]
        ]
      },
      "id": "way/1414201037"
    },
    {
      "type": "Feature",
      "properties": {
        "@id": "way/1414201047",
        "highway": "footway"
      },
      "geometry": {
        "type": "LineString",
        "coordinates": [
          [
            -77.5359662,
            37.5803003
          ],
          [
            -77.5359277,
            37.580317
          ],
          [
            -77.5359023,
            37.5803455
          ],
          [
            -77.5358911,
            37.5803731
          ],
          [
            -77.5358793,
            37.5804198
          ],
          [
            -77.5358775,
            37.5804591
          ],
          [
            -77.5358874,
            37.5805034
          ],
          [
            -77.5359016,
            37.5805452
          ],
          [
            -77.5359184,
            37.5805796
          ],
          [
            -77.5359333,
            37.5806194
          ],
          [
            -77.5359407,
            37.5806504
          ],
          [
            -77.5359407,
            37.5806716
          ],
          [
            -77.5359333,
            37.5806907
          ],
          [
            -77.5359203,
            37.5807104
          ],
          [
            -77.5358967,
            37.5807369
          ],
          [
            -77.535865,
            37.5807591
          ],
          [
            -77.5358104,
            37.5807964
          ],
          [
            -77.5357459,
            37.5808309
          ],
          [
            -77.5356454,
            37.5808712
          ],
          [
            -77.5355573,
            37.5809036
          ],
          [
            -77.5355052,
            37.5809189
          ],
          [
            -77.5354634,
            37.5809259
          ],
          [
            -77.5354406,
            37.5809297
          ],
          [
            -77.5353604,
            37.5809385
          ],
          [
            -77.535347,
            37.58094
          ],
          [
            -77.5352663,
            37.5809479
          ]
        ]
      },
      "id": "way/1414201047"
    },
    {
      "type": "Feature",
      "properties": {
        "@id": "way/1414201048",
        "crossing": "uncontrolled",
        "crossing:markings": "yes",
        "footway": "crossing",
        "highway": "footway",
        "surface": "asphalt"
      },
      "geometry": {
        "type": "LineString",
        "coordinates": [
          [
            -77.5352663,
            37.5809479
          ],
          [
            -77.5352124,
            37.5809271
          ],
          [
            -77.5351551,
            37.5809051
          ]
        ]
      },
      "id": "way/1414201048"
    },
    {
      "type": "Feature",
      "properties": {
        "@id": "way/1414201049",
        "bicycle": "no",
        "foot": "yes",
        "footway": "sidewalk",
        "highway": "footway",
        "horse": "no",
        "surface": "paved"
      },
      "geometry": {
        "type": "LineString",
        "coordinates": [
          [
            -77.5348999,
            37.5793356
          ],
          [
            -77.534798,
            37.5792487
          ],
          [
            -77.5347877,
            37.5792349
          ],
          [
            -77.534783,
            37.5792257
          ],
          [
            -77.5347804,
            37.579216
          ],
          [
            -77.5347788,
            37.5792013
          ],
          [
            -77.534781,
            37.579187
          ],
          [
            -77.5347913,
            37.5791671
          ]
        ]
      },
      "id": "way/1414201049"
    },
    {
      "type": "Feature",
      "properties": {
        "@id": "way/1414201050",
        "bicycle": "no",
        "foot": "yes",
        "footway": "sidewalk",
        "highway": "footway",
        "horse": "no",
        "surface": "paved"
      },
      "geometry": {
        "type": "LineString",
        "coordinates": [
          [
            -77.5347913,
            37.5791671
          ],
          [
            -77.5348053,
            37.5791422
          ],
          [
            -77.5348178,
            37.57912
          ]
        ]
      },
      "id": "way/1414201050"
    },
    {
      "type": "Feature",
      "properties": {
        "@id": "way/1414201051",
        "bicycle": "no",
        "foot": "yes",
        "footway": "sidewalk",
        "highway": "footway",
        "horse": "no",
        "surface": "paved"
      },
      "geometry": {
        "type": "LineString",
        "coordinates": [
          [
            -77.5348178,
            37.57912
          ],
          [
            -77.5348486,
            37.5790628
          ],
          [
            -77.5349304,
            37.5789153
          ],
          [
            -77.5349661,
            37.5788503
          ]
        ]
      },
      "id": "way/1414201051"
    },
    {
      "type": "Feature",
      "properties": {
        "@id": "way/1414201052",
        "bicycle": "no",
        "foot": "yes",
        "footway": "sidewalk",
        "highway": "footway",
        "horse": "no",
        "surface": "paved"
      },
      "geometry": {
        "type": "LineString",
        "coordinates": [
          [
            -77.5349661,
            37.5788503
          ],
          [
            -77.534982,
            37.5788233
          ],
          [
            -77.535013,
            37.5788113
          ]
        ]
      },
      "id": "way/1414201052"
    },
    {
      "type": "Feature",
      "properties": {
        "@id": "way/1414201053",
        "footway": "sidewalk",
        "highway": "footway",
        "surface": "concrete"
      },
      "geometry": {
        "type": "LineString",
        "coordinates": [
          [
            -77.5351693,
            37.5783528
          ],
          [
            -77.5351589,
            37.5783491
          ],
          [
            -77.5350712,
            37.5783174
          ]
        ]
      },
      "id": "way/1414201053"
    },
    {
      "type": "Feature",
      "properties": {
        "@id": "way/1414201054",
        "highway": "footway",
        "surface": "paving_stones"
      },
      "geometry": {
        "type": "LineString",
        "coordinates": [
          [
            -77.5352243,
            37.5784633
          ],
          [
            -77.5353261,
            37.5784454
          ]
        ]
      },
      "id": "way/1414201054"
    },
    {
      "type": "Feature",
      "properties": {
        "@id": "way/1414201055",
        "bicycle": "no",
        "foot": "yes",
        "footway": "sidewalk",
        "highway": "footway",
        "horse": "no",
        "surface": "paved"
      },
      "geometry": {
        "type": "LineString",
        "coordinates": [
          [
            -77.535013,
            37.5788113
          ],
          [
            -77.5350273,
            37.5788078
          ],
          [
            -77.5351071,
            37.5786678
          ],
          [
            -77.5351162,
            37.5786509
          ],
          [
            -77.535125,
            37.5786058
          ]
        ]
      },
      "id": "way/1414201055"
    },
    {
      "type": "Feature",
      "properties": {
        "@id": "way/1414201056",
        "highway": "footway"
      },
      "geometry": {
        "type": "LineString",
        "coordinates": [
          [
            -77.5351539,
            37.5786724
          ],
          [
            -77.5351324,
            37.5786573
          ],
          [
            -77.5351162,
            37.5786509
          ]
        ]
      },
      "id": "way/1414201056"
    },
    {
      "type": "Feature",
      "properties": {
        "@id": "way/1414201059",
        "highway": "path",
        "surface": "unpaved"
      },
      "geometry": {
        "type": "LineString",
        "coordinates": [
          [
            -77.5354852,
            37.5820787
          ],
          [
            -77.5356048,
            37.5822618
          ]
        ]
      },
      "id": "way/1414201059"
    },
    {
      "type": "Feature",
      "properties": {
        "@id": "way/1414201060",
        "crossing": "unmarked",
        "crossing:markings": "no",
        "footway": "crossing",
        "highway": "footway"
      },
      "geometry": {
        "type": "LineString",
        "coordinates": [
          [
            -77.5365138,
            37.5819263
          ],
          [
            -77.5364634,
            37.5819485
          ],
          [
            -77.5364175,
            37.5819687
          ]
        ]
      },
      "id": "way/1414201060"
    },
    {
      "type": "Feature",
      "properties": {
        "@id": "way/1414201061",
        "footway": "sidewalk",
        "highway": "footway"
      },
      "geometry": {
        "type": "LineString",
        "coordinates": [
          [
            -77.5364175,
            37.5819687
          ],
          [
            -77.5363502,
            37.5819948
          ],
          [
            -77.5363455,
            37.5819885
          ]
        ]
      },
      "id": "way/1414201061"
    },
    {
      "type": "Feature",
      "properties": {
        "@id": "way/1414201062",
        "footway": "sidewalk",
        "highway": "footway",
        "surface": "concrete"
      },
      "geometry": {
        "type": "LineString",
        "coordinates": [
          [
            -77.5372364,
            37.5814748
          ],
          [
            -77.5372468,
            37.5814898
          ]
        ]
      },
      "id": "way/1414201062"
    },
    {
      "type": "Feature",
      "properties": {
        "@id": "way/1414201064",
        "crossing": "unmarked",
        "crossing:markings": "no",
        "footway": "crossing",
        "highway": "footway"
      },
      "geometry": {
        "type": "LineString",
        "coordinates": [
          [
            -77.5378016,
            37.5813431
          ],
          [
            -77.5378541,
            37.581336
          ],
          [
            -77.537912,
            37.5813282
          ]
        ]
      },
      "id": "way/1414201064"
    },
    {
      "type": "Feature",
      "properties": {
        "@id": "way/1414201065",
        "bicycle": "yes",
        "highway": "footway",
        "horse": "no",
        "incline": "up",
        "surface": "paved",
        "width": "2"
      },
      "geometry": {
        "type": "LineString",
        "coordinates": [
          [
            -77.5378219,
            37.5803181
          ],
          [
            -77.537715,
            37.5801648
          ]
        ]
      },
      "id": "way/1414201065"
    },
    {
      "type": "Feature",
      "properties": {
        "@id": "way/1414201066",
        "footway": "sidewalk",
        "highway": "footway",
        "surface": "paved"
      },
      "geometry": {
        "type": "LineString",
        "coordinates": [
          [
            -77.5397,
            37.5808401
          ],
          [
            -77.5394078,
            37.5809697
          ],
          [
            -77.539345,
            37.5810226
          ],
          [
            -77.5390533,
            37.5811541
          ],
          [
            -77.5389692,
            37.5811752
          ],
          [
            -77.5389259,
            37.5811861
          ]
        ]
      },
      "id": "way/1414201066"
    },
    {
      "type": "Feature",
      "properties": {
        "@id": "way/1414201067",
        "crossing": "unmarked",
        "crossing:markings": "no",
        "footway": "crossing",
        "highway": "footway",
        "surface": "asphalt"
      },
      "geometry": {
        "type": "LineString",
        "coordinates": [
          [
            -77.5397,
            37.5808401
          ],
          [
            -77.5397401,
            37.5808216
          ]
        ]
      },
      "id": "way/1414201067"
    },
    {
      "type": "Feature",
      "properties": {
        "@id": "way/1414201068",
        "footway": "sidewalk",
        "highway": "footway",
        "surface": "concrete"
      },
      "geometry": {
        "type": "LineString",
        "coordinates": [
          [
            -77.5384344,
            37.5812657
          ],
          [
            -77.5384291,
            37.5812874
          ]
        ]
      },
      "id": "way/1414201068"
    },
    {
      "type": "Feature",
      "properties": {
        "@id": "way/1414201069",
        "footway": "sidewalk",
        "highway": "footway",
        "surface": "concrete"
      },
      "geometry": {
        "type": "LineString",
        "coordinates": [
          [
            -77.5384105,
            37.5813634
          ],
          [
            -77.5384127,
            37.5813546
          ]
        ]
      },
      "id": "way/1414201069"
    },
    {
      "type": "Feature",
      "properties": {
        "@id": "way/1414201070",
        "crossing": "uncontrolled",
        "crossing:markings": "yes",
        "footway": "crossing",
        "highway": "footway"
      },
      "geometry": {
        "type": "LineString",
        "coordinates": [
          [
            -77.5388741,
            37.5814498
          ],
          [
            -77.5388806,
            37.5813955
          ],
          [
            -77.5388855,
            37.5813538
          ]
        ]
      },
      "id": "way/1414201070"
    },
    {
      "type": "Feature",
      "properties": {
        "@id": "way/1414201071",
        "footway": "sidewalk",
        "highway": "footway",
        "surface": "concrete"
      },
      "geometry": {
        "type": "LineString",
        "coordinates": [
          [
            -77.5388855,
            37.5813538
          ],
          [
            -77.5388924,
            37.5813439
          ],
          [
            -77.5389021,
            37.5813379
          ],
          [
            -77.5389087,
            37.5813314
          ],
          [
            -77.5389131,
            37.5813237
          ],
          [
            -77.5389157,
            37.5813145
          ],
          [
            -77.5389147,
            37.581305
          ],
          [
            -77.5389157,
            37.5812911
          ],
          [
            -77.5389191,
            37.5812808
          ],
          [
            -77.5389248,
            37.5812714
          ],
          [
            -77.5389323,
            37.5812609
          ],
          [
            -77.5389411,
            37.5812529
          ],
          [
            -77.5389515,
            37.5812447
          ],
          [
            -77.5389638,
            37.581238
          ],
          [
            -77.5389707,
            37.581231
          ],
          [
            -77.5389738,
            37.5812205
          ],
          [
            -77.5389692,
            37.5811752
          ]
        ]
      },
      "id": "way/1414201071"
    },
    {
      "type": "Feature",
      "properties": {
        "@id": "way/1414201072",
        "footway": "sidewalk",
        "highway": "footway",
        "surface": "paved"
      },
      "geometry": {
        "type": "LineString",
        "coordinates": [
          [
            -77.5378016,
            37.5813431
          ],
          [
            -77.5377667,
            37.5813506
          ],
          [
            -77.5377325,
            37.5813602
          ],
          [
            -77.5376854,
            37.5813759
          ],
          [
            -77.5376401,
            37.5813931
          ],
          [
            -77.5372944,
            37.5815583
          ]
        ]
      },
      "id": "way/1414201072"
    },
    {
      "type": "Feature",
      "properties": {
        "@id": "way/1414201073",
        "highway": "footway",
        "surface": "concrete"
      },
      "geometry": {
        "type": "LineString",
        "coordinates": [
          [
            -77.5372887,
            37.58155
          ],
          [
            -77.5372944,
            37.5815583
          ]
        ]
      },
      "id": "way/1414201073"
    },
    {
      "type": "Feature",
      "properties": {
        "@id": "way/1414201074",
        "footway": "sidewalk",
        "highway": "footway",
        "surface": "asphalt"
      },
      "geometry": {
        "type": "LineString",
        "coordinates": [
          [
            -77.5369431,
            37.5768194
          ],
          [
            -77.5369612,
            37.5768349
          ],
          [
            -77.536973,
            37.5768474
          ],
          [
            -77.5369825,
            37.5768579
          ],
          [
            -77.5369947,
            37.5768751
          ],
          [
            -77.5370043,
            37.5768945
          ],
          [
            -77.5370124,
            37.5769121
          ],
          [
            -77.5370192,
            37.5769337
          ],
          [
            -77.5370238,
            37.576956
          ],
          [
            -77.5370265,
            37.5769761
          ],
          [
            -77.5370292,
            37.5769987
          ],
          [
            -77.5370297,
            37.5770217
          ],
          [
            -77.5370291,
            37.577045
          ],
          [
            -77.5370269,
            37.5770677
          ],
          [
            -77.5370183,
            37.577103
          ],
          [
            -77.5370056,
            37.5771407
          ],
          [
            -77.5369943,
            37.5771662
          ],
          [
            -77.536978,
            37.5771885
          ],
          [
            -77.5369589,
            37.5772104
          ],
          [
            -77.536929,
            37.5772388
          ],
          [
            -77.5368896,
            37.5772718
          ],
          [
            -77.5368091,
            37.5773423
          ],
          [
            -77.5365903,
            37.5775299
          ]
        ]
      },
      "id": "way/1414201074"
    },
    {
      "type": "Feature",
      "properties": {
        "@id": "way/1414201075",
        "highway": "footway",
        "surface": "asphalt"
      },
      "geometry": {
        "type": "LineString",
        "coordinates": [
          [
            -77.5369028,
            37.5772735
          ],
          [
            -77.5368896,
            37.5772718
          ],
          [
            -77.5368769,
            37.5772702
          ]
        ]
      },
      "id": "way/1414201075"
    },
    {
      "type": "Feature",
      "properties": {
        "@id": "way/1414201076",
        "footway": "sidewalk",
        "highway": "footway"
      },
      "geometry": {
        "type": "LineString",
        "coordinates": [
          [
            -77.5386383,
            37.5761645
          ],
          [
            -77.5386841,
            37.576198
          ],
          [
            -77.5387596,
            37.5762541
          ],
          [
            -77.5388413,
            37.576325
          ],
          [
            -77.5388921,
            37.576364
          ],
          [
            -77.5389753,
            37.5764422
          ],
          [
            -77.5390369,
            37.576491
          ],
          [
            -77.5390924,
            37.5765484
          ],
          [
            -77.5392187,
            37.5766754
          ],
          [
            -77.5393071,
            37.576756
          ],
          [
            -77.5393203,
            37.5767757
          ],
          [
            -77.539376,
            37.5769127
          ],
          [
            -77.5393806,
            37.5769344
          ]
        ]
      },
      "id": "way/1414201076"
    },
    {
      "type": "Feature",
      "properties": {
        "@id": "way/1414201077",
        "footway": "sidewalk",
        "highway": "footway",
        "surface": "asphalt"
      },
      "geometry": {
        "type": "LineString",
        "coordinates": [
          [
            -77.5392182,
            37.5776371
          ],
          [
            -77.5392092,
            37.5776299
          ]
        ]
      },
      "id": "way/1414201077"
    },
    {
      "type": "Feature",
      "properties": {
        "@id": "way/1414201078",
        "highway": "footway",
        "surface": "asphalt"
      },
      "geometry": {
        "type": "LineString",
        "coordinates": [
          [
            -77.5390195,
            37.5778339
          ],
          [
            -77.5390091,
            37.5778246
          ],
          [
            -77.5390003,
            37.5778167
          ]
        ]
      },
      "id": "way/1414201078"
    },
    {
      "type": "Feature",
      "properties": {
        "@id": "way/1414201079",
        "crossing": "uncontrolled",
        "crossing:markings": "yes",
        "footway": "crossing",
        "highway": "footway"
      },
      "geometry": {
        "type": "LineString",
        "coordinates": [
          [
            -77.5390003,
            37.5778167
          ],
          [
            -77.538984,
            37.5777826
          ],
          [
            -77.5389663,
            37.5777458
          ]
        ]
      },
      "id": "way/1414201079"
    },
    {
      "type": "Feature",
      "properties": {
        "@id": "way/1414201080",
        "highway": "footway"
      },
      "geometry": {
        "type": "LineString",
        "coordinates": [
          [
            -77.5377816,
            37.5791529
          ],
          [
            -77.5378477,
            37.5791878
          ]
        ]
      },
      "id": "way/1414201080"
    },
    {
      "type": "Feature",
      "properties": {
        "@id": "way/1414201081",
        "highway": "steps"
      },
      "geometry": {
        "type": "LineString",
        "coordinates": [
          [
            -77.5378477,
            37.5791878
          ],
          [
            -77.5378754,
            37.5792037
          ]
        ]
      },
      "id": "way/1414201081"
    },
    {
      "type": "Feature",
      "properties": {
        "@id": "way/1414201082",
        "highway": "footway",
        "surface": "paving_stones"
      },
      "geometry": {
        "type": "LineString",
        "coordinates": [
          [
            -77.5381577,
            37.5797317
          ],
          [
            -77.5381076,
            37.5797462
          ],
          [
            -77.5380584,
            37.5797604
          ]
        ]
      },
      "id": "way/1414201082"
    },
    {
      "type": "Feature",
      "properties": {
        "@id": "way/1414201083",
        "highway": "footway"
      },
      "geometry": {
        "type": "LineString",
        "coordinates": [
          [
            -77.537372,
            37.5798468
          ],
          [
            -77.5373264,
            37.5798664
          ],
          [
            -77.5372783,
            37.5798863
          ],
          [
            -77.5372656,
            37.5798915
          ]
        ]
      },
      "id": "way/1414201083"
    },
    {
      "type": "Feature",
      "properties": {
        "@id": "way/1414201085",
        "highway": "steps"
      },
      "geometry": {
        "type": "LineString",
        "coordinates": [
          [
            -77.5403891,
            37.5809254
          ],
          [
            -77.5404368,
            37.580955
          ]
        ]
      },
      "id": "way/1414201085"
    },
    {
      "type": "Feature",
      "properties": {
        "@id": "way/1414201086",
        "highway": "footway"
      },
      "geometry": {
        "type": "LineString",
        "coordinates": [
          [
            -77.5403376,
            37.5809118
          ],
          [
            -77.5403631,
            37.5809149
          ],
          [
            -77.5403784,
            37.580919
          ],
          [
            -77.5403891,
            37.5809254
          ]
        ]
      },
      "id": "way/1414201086"
    },
    {
      "type": "Feature",
      "properties": {
        "@id": "way/1414201087",
        "highway": "service"
      },
      "geometry": {
        "type": "LineString",
        "coordinates": [
          [
            -77.5391621,
            37.5794139
          ],
          [
            -77.5391482,
            37.5793972
          ],
          [
            -77.5391337,
            37.5793843
          ],
          [
            -77.5391189,
            37.5793762
          ],
          [
            -77.5391026,
            37.5793696
          ],
          [
            -77.5390841,
            37.5793667
          ],
          [
            -77.5390637,
            37.5793664
          ],
          [
            -77.5390257,
            37.5793754
          ],
          [
            -77.538939,
            37.5794123
          ],
          [
            -77.5388975,
            37.57943
          ]
        ]
      },
      "id": "way/1414201087"
    },
    {
      "type": "Feature",
      "properties": {
        "@id": "way/1414201088",
        "highway": "service",
        "service": "parking_aisle",
        "surface": "asphalt"
      },
      "geometry": {
        "type": "LineString",
        "coordinates": [
          [
            -77.5400444,
            37.5812465
          ],
          [
            -77.5398262,
            37.5809431
          ],
          [
            -77.5398034,
            37.5809115
          ]
        ]
      },
      "id": "way/1414201088"
    },
    {
      "type": "Feature",
      "properties": {
        "@id": "way/1414201089",
        "highway": "service",
        "service": "parking_aisle",
        "surface": "asphalt"
      },
      "geometry": {
        "type": "LineString",
        "coordinates": [
          [
            -77.5395583,
            37.579985
          ],
          [
            -77.5395813,
            37.580018
          ],
          [
            -77.5400881,
            37.5807464
          ],
          [
            -77.5401096,
            37.5807772
          ]
        ]
      },
      "id": "way/1414201089"
    },
    {
      "type": "Feature",
      "properties": {
        "@id": "way/1414201090",
        "highway": "footway"
      },
      "geometry": {
        "type": "LineString",
        "coordinates": [
          [
            -77.5407658,
            37.5784514
          ],
          [
            -77.540739,
            37.5784163
          ],
          [
            -77.5407275,
            37.578394
          ],
          [
            -77.540632,
            37.5782292
          ],
          [
            -77.5406341,
            37.5782221
          ]
        ]
      },
      "id": "way/1414201090"
    },
    {
      "type": "Feature",
      "properties": {
        "@id": "way/1414201091",
        "footway": "access_aisle",
        "highway": "footway",
        "surface": "asphalt"
      },
      "geometry": {
        "type": "LineString",
        "coordinates": [
          [
            -77.5402133,
            37.5779273
          ],
          [
            -77.5402708,
            37.5779094
          ]
        ]
      },
      "id": "way/1414201091"
    },
    {
      "type": "Feature",
      "properties": {
        "@id": "way/1414201092",
        "footway": "link",
        "highway": "footway",
        "surface": "asphalt"
      },
      "geometry": {
        "type": "LineString",
        "coordinates": [
          [
            -77.5402708,
            37.5779094
          ],
          [
            -77.5403078,
            37.5778978
          ]
        ]
      },
      "id": "way/1414201092"
    },
    {
      "type": "Feature",
      "properties": {
        "@id": "way/1414201093",
        "footway": "sidewalk",
        "highway": "footway",
        "surface": "paving_stones"
      },
      "geometry": {
        "type": "LineString",
        "coordinates": [
          [
            -77.5370831,
            37.5796532
          ],
          [
            -77.5371487,
            37.5796121
          ],
          [
            -77.5372137,
            37.5795712
          ]
        ]
      },
      "id": "way/1414201093"
    },
    {
      "type": "Feature",
      "properties": {
        "@id": "way/1414201094",
        "crossing": "uncontrolled",
        "crossing:island": "no",
        "crossing:markings": "surface",
        "footway": "crossing",
        "highway": "footway",
        "surface": "asphalt",
        "traffic_calming": "table"
      },
      "geometry": {
        "type": "LineString",
        "coordinates": [
          [
            -77.5371966,
            37.5796828
          ],
          [
            -77.5371754,
            37.5796517
          ],
          [
            -77.5371542,
            37.5796204
          ]
        ]
      },
      "id": "way/1414201094"
    },
    {
      "type": "Feature",
      "properties": {
        "@id": "way/1414201095",
        "footway": "sidewalk",
        "highway": "footway",
        "surface": "asphalt"
      },
      "geometry": {
        "type": "LineString",
        "coordinates": [
          [
            -77.5372137,
            37.5795712
          ],
          [
            -77.5372819,
            37.57953
          ],
          [
            -77.5373051,
            37.579516
          ],
          [
            -77.5373452,
            37.5794893
          ],
          [
            -77.537386,
            37.5794564
          ],
          [
            -77.5373981,
            37.5794447
          ],
          [
            -77.5374033,
            37.5794366
          ],
          [
            -77.537406,
            37.5794264
          ],
          [
            -77.5374067,
            37.5794156
          ],
          [
            -77.5374056,
            37.5794046
          ],
          [
            -77.5374022,
            37.5793887
          ],
          [
            -77.5373965,
            37.5793715
          ]
        ]
      },
      "id": "way/1414201095"
    },
    {
      "type": "Feature",
      "properties": {
        "@id": "way/1414201096",
        "highway": "footway"
      },
      "geometry": {
        "type": "LineString",
        "coordinates": [
          [
            -77.5370354,
            37.579585
          ],
          [
            -77.5371091,
            37.5795524
          ],
          [
            -77.5371785,
            37.5795218
          ]
        ]
      },
      "id": "way/1414201096"
    },
    {
      "type": "Feature",
      "properties": {
        "@id": "way/1414201097",
        "highway": "footway",
        "surface": "asphalt"
      },
      "geometry": {
        "type": "LineString",
        "coordinates": [
          [
            -77.5371785,
            37.5795218
          ],
          [
            -77.5371941,
            37.5795184
          ],
          [
            -77.5372165,
            37.5795175
          ],
          [
            -77.537253,
            37.5795206
          ],
          [
            -77.5372819,
            37.57953
          ]
        ]
      },
      "id": "way/1414201097"
    },
    {
      "type": "Feature",
      "properties": {
        "@id": "way/1414201098",
        "highway": "footway"
      },
      "geometry": {
        "type": "LineString",
        "coordinates": [
          [
            -77.5385382,
            37.5780375
          ],
          [
            -77.5384957,
            37.5780078
          ]
        ]
      },
      "id": "way/1414201098"
    },
    {
      "type": "Feature",
      "properties": {
        "@id": "way/1414201099",
        "crossing": "uncontrolled",
        "crossing:markings": "yes",
        "footway": "crossing",
        "highway": "footway"
      },
      "geometry": {
        "type": "LineString",
        "coordinates": [
          [
            -77.5384957,
            37.5780078
          ],
          [
            -77.538465,
            37.577987
          ],
          [
            -77.5384328,
            37.5779651
          ]
        ]
      },
      "id": "way/1414201099"
    },
    {
      "type": "Feature",
      "properties": {
        "@id": "way/1414201100",
        "footway": "sidewalk",
        "highway": "footway",
        "surface": "concrete"
      },
      "geometry": {
        "type": "LineString",
        "coordinates": [
          [
            -77.5379954,
            37.5812403
          ],
          [
            -77.5379953,
            37.5812168
          ]
        ]
      },
      "id": "way/1414201100"
    },
    {
      "type": "Feature",
      "properties": {
        "@id": "way/1414201101",
        "footway": "sidewalk",
        "highway": "footway",
        "surface": "concrete"
      },
      "geometry": {
        "type": "LineString",
        "coordinates": [
          [
            -77.5379945,
            37.5813099
          ],
          [
            -77.5379944,
            37.5813181
          ]
        ]
      },
      "id": "way/1414201101"
    },
    {
      "type": "Feature",
      "properties": {
        "@id": "way/1414201102",
        "highway": "service",
        "service": "parking_aisle"
      },
      "geometry": {
        "type": "LineString",
        "coordinates": [
          [
            -77.535431,
            37.5776779
          ],
          [
            -77.5353191,
            37.5776587
          ],
          [
            -77.5351836,
            37.5776419
          ]
        ]
      },
      "id": "way/1414201102"
    },
    {
      "type": "Feature",
      "properties": {
        "@id": "way/1414201103",
        "footway": "link",
        "highway": "footway",
        "surface": "asphalt"
      },
      "geometry": {
        "type": "LineString",
        "coordinates": [
          [
            -77.5357043,
            37.5776373
          ],
          [
            -77.535702,
            37.5776573
          ]
        ]
      },
      "id": "way/1414201103"
    },
    {
      "type": "Feature",
      "properties": {
        "@id": "way/1414201104",
        "highway": "footway"
      },
      "geometry": {
        "type": "LineString",
        "coordinates": [
          [
            -77.5364648,
            37.5779305
          ],
          [
            -77.5364087,
            37.5779948
          ],
          [
            -77.5363463,
            37.5780629
          ],
          [
            -77.5363316,
            37.5780922
          ],
          [
            -77.5362996,
            37.5781133
          ],
          [
            -77.5361864,
            37.5782154
          ],
          [
            -77.5361421,
            37.5782565
          ],
          [
            -77.5359006,
            37.578474
          ],
          [
            -77.5358768,
            37.5784928
          ],
          [
            -77.5355973,
            37.5787376
          ],
          [
            -77.5355632,
            37.5787687
          ],
          [
            -77.5352785,
            37.5790119
          ]
        ]
      },
      "id": "way/1414201104"
    },
    {
      "type": "Feature",
      "properties": {
        "@id": "way/1414201105",
        "crossing": "unmarked",
        "crossing:markings": "no",
        "footway": "crossing",
        "highway": "footway",
        "surface": "asphalt"
      },
      "geometry": {
        "type": "LineString",
        "coordinates": [
          [
            -77.5365058,
            37.5778851
          ],
          [
            -77.5364849,
            37.5779083
          ],
          [
            -77.5364648,
            37.5779305
          ]
        ]
      },
      "id": "way/1414201105"
    },
    {
      "type": "Feature",
      "properties": {
        "@id": "way/1414201106",
        "footway": "link",
        "highway": "footway",
        "surface": "asphalt"
      },
      "geometry": {
        "type": "LineString",
        "coordinates": [
          [
            -77.5360173,
            37.5776818
          ],
          [
            -77.5360194,
            37.5776618
          ]
        ]
      },
      "id": "way/1414201106"
    },
    {
      "type": "Feature",
      "properties": {
        "@id": "way/1414201107",
        "footway": "access_aisle",
        "highway": "footway",
        "surface": "asphalt"
      },
      "geometry": {
        "type": "LineString",
        "coordinates": [
          [
            -77.5360144,
            37.577711
          ],
          [
            -77.5360173,
            37.5776818
          ]
        ]
      },
      "id": "way/1414201107"
    },
    {
      "type": "Feature",
      "properties": {
        "@id": "way/1414201108",
        "highway": "footway"
      },
      "geometry": {
        "type": "LineString",
        "coordinates": [
          [
            -77.5365945,
            37.5777873
          ],
          [
            -77.5365058,
            37.5778851
          ]
        ]
      },
      "id": "way/1414201108"
    },
    {
      "type": "Feature",
      "properties": {
        "@id": "way/1414201109",
        "crossing": "unmarked",
        "crossing:markings": "no",
        "footway": "crossing",
        "highway": "footway",
        "surface": "asphalt"
      },
      "geometry": {
        "type": "LineString",
        "coordinates": [
          [
            -77.5366336,
            37.5777453
          ],
          [
            -77.5366152,
            37.577765
          ],
          [
            -77.5365945,
            37.5777873
          ]
        ]
      },
      "id": "way/1414201109"
    },
    {
      "type": "Feature",
      "properties": {
        "@id": "way/1414201110",
        "footway": "sidewalk",
        "highway": "footway",
        "surface": "concrete"
      },
      "geometry": {
        "type": "LineString",
        "coordinates": [
          [
            -77.5353545,
            37.5777549
          ],
          [
            -77.535364,
            37.5777225
          ],
          [
            -77.5353737,
            37.5777239
          ]
        ]
      },
      "id": "way/1414201110"
    },
    {
      "type": "Feature",
      "properties": {
        "@id": "way/1414201111",
        "footway": "sidewalk",
        "highway": "footway",
        "surface": "concrete"
      },
      "geometry": {
        "type": "LineString",
        "coordinates": [
          [
            -77.5351589,
            37.5783491
          ],
          [
            -77.5351707,
            37.5783261
          ]
        ]
      },
      "id": "way/1414201111"
    },
    {
      "type": "Feature",
      "properties": {
        "@id": "way/1417132194",
        "footway": "link",
        "highway": "footway",
        "surface": "asphalt"
      },
      "geometry": {
        "type": "LineString",
        "coordinates": [
          [
            -77.5403376,
            37.5809118
          ],
          [
            -77.5402932,
            37.5809304
          ]
        ]
      },
      "id": "way/1417132194"
    },
    {
      "type": "Feature",
      "properties": {
        "@id": "way/1417142216",
        "crossing": "uncontrolled",
        "crossing:markings": "ladder",
        "footway": "crossing",
        "highway": "footway",
        "surface": "asphalt"
      },
      "geometry": {
        "type": "LineString",
        "coordinates": [
          [
            -77.5398166,
            37.5735148
          ],
          [
            -77.5397941,
            37.5735438
          ],
          [
            -77.53977,
            37.5735748
          ]
        ]
      },
      "id": "way/1417142216"
    },
    {
      "type": "Feature",
      "properties": {
        "@id": "way/1417142217",
        "footway": "sidewalk",
        "highway": "footway",
        "surface": "concrete"
      },
      "geometry": {
        "type": "LineString",
        "coordinates": [
          [
            -77.53977,
            37.5735748
          ],
          [
            -77.5397646,
            37.5735793
          ],
          [
            -77.5397445,
            37.5735756
          ]
        ]
      },
      "id": "way/1417142217"
    },
    {
      "type": "Feature",
      "properties": {
        "@id": "way/1417142218",
        "footway": "sidewalk",
        "highway": "footway",
        "surface": "concrete"
      },
      "geometry": {
        "type": "LineString",
        "coordinates": [
          [
            -77.5398166,
            37.5735148
          ],
          [
            -77.5398244,
            37.573508
          ]
        ]
      },
      "id": "way/1417142218"
    },
    {
      "type": "Feature",
      "properties": {
        "@id": "way/1417142219",
        "footway": "sidewalk",
        "highway": "footway",
        "surface": "asphalt"
      },
      "geometry": {
        "type": "LineString",
        "coordinates": [
          [
            -77.5397445,
            37.5735756
          ],
          [
            -77.5397277,
            37.5735782
          ],
          [
            -77.5397126,
            37.5735847
          ],
          [
            -77.5396987,
            37.5735932
          ],
          [
            -77.5396815,
            37.573608
          ],
          [
            -77.5396478,
            37.573639
          ],
          [
            -77.5395847,
            37.5736889
          ],
          [
            -77.5395428,
            37.5737171
          ],
          [
            -77.5394657,
            37.5737685
          ]
        ]
      },
      "id": "way/1417142219"
    },
    {
      "type": "Feature",
      "properties": {
        "@id": "way/1417142220",
        "footway": "sidewalk",
        "highway": "footway",
        "surface": "asphalt"
      },
      "geometry": {
        "type": "LineString",
        "coordinates": [
          [
            -77.539383,
            37.5738258
          ],
          [
            -77.5393178,
            37.5738707
          ],
          [
            -77.5392819,
            37.5738911
          ]
        ]
      },
      "id": "way/1417142220"
    },
    {
      "type": "Feature",
      "properties": {
        "@id": "way/1417142221",
        "footway": "sidewalk",
        "highway": "footway"
      },
      "geometry": {
        "type": "LineString",
        "coordinates": [
          [
            -77.5392006,
            37.5739395
          ],
          [
            -77.5392163,
            37.5739302
          ],
          [
            -77.5392819,
            37.5738911
          ]
        ]
      },
      "id": "way/1417142221"
    },
    {
      "type": "Feature",
      "properties": {
        "@id": "way/1417142222",
        "crossing": "unmarked",
        "crossing:markings": "no",
        "footway": "crossing",
        "highway": "footway"
      },
      "geometry": {
        "type": "LineString",
        "coordinates": [
          [
            -77.5394657,
            37.5737685
          ],
          [
            -77.539383,
            37.5738258
          ]
        ]
      },
      "id": "way/1417142222"
    },
    {
      "type": "Feature",
      "properties": {
        "@id": "way/1417142223",
        "highway": "footway",
        "surface": "paving_stones"
      },
      "geometry": {
        "type": "LineString",
        "coordinates": [
          [
            -77.5397745,
            37.5746981
          ],
          [
            -77.5397684,
            37.5747175
          ]
        ]
      },
      "id": "way/1417142223"
    },
    {
      "type": "Feature",
      "properties": {
        "@id": "way/1417142224",
        "highway": "footway",
        "surface": "paved"
      },
      "geometry": {
        "type": "LineString",
        "coordinates": [
          [
            -77.5446895,
            37.5758777
          ],
          [
            -77.5447139,
            37.5758769
          ]
        ]
      },
      "id": "way/1417142224"
    },
    {
      "type": "Feature",
      "properties": {
        "@id": "way/1417142225",
        "highway": "steps",
        "surface": "paved"
      },
      "geometry": {
        "type": "LineString",
        "coordinates": [
          [
            -77.5447139,
            37.5758769
          ],
          [
            -77.5447517,
            37.5758758
          ]
        ]
      },
      "id": "way/1417142225"
    },
    {
      "type": "Feature",
      "properties": {
        "@id": "way/1417142226",
        "footway": "sidewalk",
        "highway": "footway",
        "surface": "paving_stones"
      },
      "geometry": {
        "type": "LineString",
        "coordinates": [
          [
            -77.5449707,
            37.5752213
          ],
          [
            -77.5449554,
            37.5752231
          ],
          [
            -77.5449538,
            37.5752534
          ],
          [
            -77.5449481,
            37.5752801
          ],
          [
            -77.5449362,
            37.5753095
          ],
          [
            -77.5449161,
            37.5753329
          ],
          [
            -77.5448959,
            37.575348
          ],
          [
            -77.544866,
            37.5753607
          ],
          [
            -77.5448236,
            37.5753661
          ],
          [
            -77.5447606,
            37.5753677
          ],
          [
            -77.5447239,
            37.5753788
          ],
          [
            -77.5446856,
            37.5754132
          ]
        ]
      },
      "id": "way/1417142226"
    },
    {
      "type": "Feature",
      "properties": {
        "@id": "way/1417142227",
        "highway": "footway",
        "surface": "paving_stones"
      },
      "geometry": {
        "type": "LineString",
        "coordinates": [
          [
            -77.5446856,
            37.5754132
          ],
          [
            -77.5447044,
            37.575424
          ]
        ]
      },
      "id": "way/1417142227"
    },
    {
      "type": "Feature",
      "properties": {
        "@id": "way/1417142228",
        "footway": "access_aisle",
        "highway": "footway",
        "surface": "asphalt"
      },
      "geometry": {
        "type": "LineString",
        "coordinates": [
          [
            -77.5446624,
            37.575414
          ],
          [
            -77.5446009,
            37.5754163
          ]
        ]
      },
      "id": "way/1417142228"
    },
    {
      "type": "Feature",
      "properties": {
        "@id": "way/1417142229",
        "footway": "link",
        "highway": "footway",
        "surface": "asphalt"
      },
      "geometry": {
        "type": "LineString",
        "coordinates": [
          [
            -77.5446009,
            37.5754163
          ],
          [
            -77.544557,
            37.575418
          ]
        ]
      },
      "id": "way/1417142229"
    },
    {
      "type": "Feature",
      "properties": {
        "@id": "way/1417142230",
        "highway": "footway",
        "surface": "concrete"
      },
      "geometry": {
        "type": "LineString",
        "coordinates": [
          [
            -77.5446856,
            37.5754132
          ],
          [
            -77.5446624,
            37.575414
          ]
        ]
      },
      "id": "way/1417142230"
    },
    {
      "type": "Feature",
      "properties": {
        "@id": "way/1417142231",
        "highway": "footway",
        "surface": "concrete"
      },
      "geometry": {
        "type": "LineString",
        "coordinates": [
          [
            -77.5448842,
            37.5753339
          ],
          [
            -77.5448959,
            37.575348
          ]
        ]
      },
      "id": "way/1417142231"
    },
    {
      "type": "Feature",
      "properties": {
        "@id": "way/1417142232",
        "footway": "link",
        "highway": "footway",
        "surface": "asphalt"
      },
      "geometry": {
        "type": "LineString",
        "coordinates": [
          [
            -77.5448842,
            37.5753339
          ],
          [
            -77.5448584,
            37.5753028
          ]
        ]
      },
      "id": "way/1417142232"
    },
    {
      "type": "Feature",
      "properties": {
        "@id": "way/1417142233",
        "highway": "footway",
        "surface": "paving_stones"
      },
      "geometry": {
        "type": "LineString",
        "coordinates": [
          [
            -77.5448959,
            37.575348
          ],
          [
            -77.5449328,
            37.5754075
          ],
          [
            -77.5449529,
            37.5754314
          ],
          [
            -77.5449473,
            37.5754745
          ],
          [
            -77.5449591,
            37.5757207
          ],
          [
            -77.5449902,
            37.5757467
          ],
          [
            -77.5451154,
            37.5757414
          ],
          [
            -77.5451418,
            37.5757172
          ],
          [
            -77.5451284,
            37.575471
          ],
          [
            -77.5451135,
            37.5754559
          ],
          [
            -77.5450878,
            37.5754456
          ],
          [
            -77.5450524,
            37.5754365
          ],
          [
            -77.5450118,
            37.5754344
          ],
          [
            -77.5449529,
            37.5754314
          ]
        ]
      },
      "id": "way/1417142233"
    },
    {
      "type": "Feature",
      "properties": {
        "@id": "way/1417142234",
        "highway": "footway",
        "layer": "-1"
      },
      "geometry": {
        "type": "LineString",
        "coordinates": [
          [
            -77.5444284,
            37.5745899
          ],
          [
            -77.544384,
            37.5746396
          ],
          [
            -77.5443739,
            37.5746522
          ],
          [
            -77.5443395,
            37.5747032
          ]
        ]
      },
      "id": "way/1417142234"
    },
    {
      "type": "Feature",
      "properties": {
        "@id": "way/1417142235",
        "highway": "steps",
        "layer": "-1"
      },
      "geometry": {
        "type": "LineString",
        "coordinates": [
          [
            -77.5443395,
            37.5747032
          ],
          [
            -77.5443243,
            37.5747319
          ]
        ]
      },
      "id": "way/1417142235"
    },
    {
      "type": "Feature",
      "properties": {
        "@id": "way/1417142236",
        "crossing": "uncontrolled",
        "crossing:markings": "ladder",
        "footway": "crossing",
        "highway": "footway",
        "surface": "asphalt"
      },
      "geometry": {
        "type": "LineString",
        "coordinates": [
          [
            -77.5426578,
            37.5742454
          ],
          [
            -77.5426832,
            37.5742138
          ],
          [
            -77.54271,
            37.5741806
          ]
        ]
      },
      "id": "way/1417142236"
    },
    {
      "type": "Feature",
      "properties": {
        "@id": "way/1417142237",
        "crossing": "uncontrolled",
        "crossing:island": "no",
        "crossing:markings": "yes",
        "footway": "crossing",
        "highway": "footway",
        "traffic_calming": "table"
      },
      "geometry": {
        "type": "LineString",
        "coordinates": [
          [
            -77.5431601,
            37.5744928
          ],
          [
            -77.5431817,
            37.5744678
          ],
          [
            -77.5432022,
            37.574444
          ]
        ]
      },
      "id": "way/1417142237"
    },
    {
      "type": "Feature",
      "properties": {
        "@id": "way/1417142239",
        "highway": "footway"
      },
      "geometry": {
        "type": "LineString",
        "coordinates": [
          [
            -77.5454877,
            37.5738582
          ],
          [
            -77.5455351,
            37.573941
          ]
        ]
      },
      "id": "way/1417142239"
    },
    {
      "type": "Feature",
      "properties": {
        "@id": "way/1417142240",
        "crossing": "unmarked",
        "crossing:markings": "no",
        "footway": "crossing",
        "highway": "footway"
      },
      "geometry": {
        "type": "LineString",
        "coordinates": [
          [
            -77.5455351,
            37.573941
          ],
          [
            -77.5455543,
            37.5739737
          ],
          [
            -77.5455774,
            37.5740131
          ]
        ]
      },
      "id": "way/1417142240"
    },
    {
      "type": "Feature",
      "properties": {
        "@id": "way/1417142241",
        "crossing": "unmarked",
        "crossing:markings": "no",
        "footway": "crossing",
        "highway": "footway"
      },
      "geometry": {
        "type": "LineString",
        "coordinates": [
          [
            -77.545568,
            37.5749224
          ],
          [
            -77.5455257,
            37.5749568
          ],
          [
            -77.5454733,
            37.5749994
          ]
        ]
      },
      "id": "way/1417142241"
    },
    {
      "type": "Feature",
      "properties": {
        "@id": "way/1417142242",
        "footway": "sidewalk",
        "highway": "footway"
      },
      "geometry": {
        "type": "LineString",
        "coordinates": [
          [
            -77.5454779,
            37.575027
          ],
          [
            -77.5454733,
            37.5749994
          ]
        ]
      },
      "id": "way/1417142242"
    },
    {
      "type": "Feature",
      "properties": {
        "@id": "way/1417142243",
        "crossing": "unmarked",
        "crossing:markings": "no",
        "footway": "crossing",
        "highway": "footway",
        "surface": "asphalt"
      },
      "geometry": {
        "type": "LineString",
        "coordinates": [
          [
            -77.5466974,
            37.5750808
          ],
          [
            -77.5467583,
            37.5750728
          ]
        ]
      },
      "id": "way/1417142243"
    },
    {
      "type": "Feature",
      "properties": {
        "@id": "way/1417142244",
        "footway": "link",
        "highway": "footway",
        "surface": "asphalt"
      },
      "geometry": {
        "type": "LineString",
        "coordinates": [
          [
            -77.5444284,
            37.5745899
          ],
          [
            -77.5444291,
            37.5745629
          ]
        ]
      },
      "id": "way/1417142244"
    },
    {
      "type": "Feature",
      "properties": {
        "@id": "way/1417142245",
        "footway": "sidewalk",
        "highway": "footway",
        "surface": "concrete"
      },
      "geometry": {
        "type": "LineString",
        "coordinates": [
          [
            -77.5441543,
            37.5751536
          ],
          [
            -77.5440975,
            37.5751695
          ],
          [
            -77.5440622,
            37.5751828
          ],
          [
            -77.5440329,
            37.5751968
          ],
          [
            -77.5440136,
            37.5752106
          ],
          [
            -77.5439785,
            37.5752388
          ],
          [
            -77.5439218,
            37.5752926
          ],
          [
            -77.5438818,
            37.575335
          ],
          [
            -77.5438576,
            37.5753656
          ],
          [
            -77.5438367,
            37.5753987
          ],
          [
            -77.5438115,
            37.5754496
          ],
          [
            -77.5437962,
            37.575489
          ],
          [
            -77.5437818,
            37.5755399
          ],
          [
            -77.5437669,
            37.5755952
          ],
          [
            -77.5437371,
            37.5757006
          ]
        ]
      },
      "id": "way/1417142245"
    },
    {
      "type": "Feature",
      "properties": {
        "@id": "way/1417142246",
        "footway": "sidewalk",
        "highway": "footway",
        "surface": "concrete"
      },
      "geometry": {
        "type": "LineString",
        "coordinates": [
          [
            -77.5440213,
            37.5752146
          ],
          [
            -77.5440136,
            37.5752106
          ]
        ]
      },
      "id": "way/1417142246"
    },
    {
      "type": "Feature",
      "properties": {
        "@id": "way/1417142247",
        "highway": "steps"
      },
      "geometry": {
        "type": "LineString",
        "coordinates": [
          [
            -77.544087,
            37.5752489
          ],
          [
            -77.5441001,
            37.5752659
          ]
        ]
      },
      "id": "way/1417142247"
    },
    {
      "type": "Feature",
      "properties": {
        "@id": "way/1417142248",
        "highway": "footway",
        "surface": "asphalt"
      },
      "geometry": {
        "type": "LineString",
        "coordinates": [
          [
            -77.5441001,
            37.5752659
          ],
          [
            -77.5441049,
            37.5752714
          ],
          [
            -77.5441516,
            37.5752561
          ],
          [
            -77.5442189,
            37.5752399
          ],
          [
            -77.544338,
            37.5752258
          ]
        ]
      },
      "id": "way/1417142248"
    },
    {
      "type": "Feature",
      "properties": {
        "@id": "way/1417142249",
        "crossing": "unmarked",
        "crossing:markings": "no",
        "footway": "crossing",
        "highway": "footway"
      },
      "geometry": {
        "type": "LineString",
        "coordinates": [
          [
            -77.5437082,
            37.5757897
          ],
          [
            -77.5437236,
            37.5757424
          ],
          [
            -77.5437371,
            37.5757006
          ]
        ]
      },
      "id": "way/1417142249"
    },
    {
      "type": "Feature",
      "properties": {
        "@id": "way/1417142250",
        "highway": "service",
        "service": "driveway"
      },
      "geometry": {
        "type": "LineString",
        "coordinates": [
          [
            -77.5437656,
            37.5757568
          ],
          [
            -77.5437236,
            37.5757424
          ],
          [
            -77.5435854,
            37.575695
          ]
        ]
      },
      "id": "way/1417142250"
    },
    {
      "type": "Feature",
      "properties": {
        "@id": "way/1417306970",
        "highway": "footway",
        "surface": "paved"
      },
      "geometry": {
        "type": "LineString",
        "coordinates": [
          [
            -77.5430055,
            37.5759731
          ],
          [
            -77.5430131,
            37.5759651
          ],
          [
            -77.5430348,
            37.5759412
          ]
        ]
      },
      "id": "way/1417306970"
    },
    {
      "type": "Feature",
      "properties": {
        "@id": "way/1417306971",
        "highway": "steps"
      },
      "geometry": {
        "type": "LineString",
        "coordinates": [
          [
            -77.5430055,
            37.5759731
          ],
          [
            -77.5429062,
            37.576091
          ],
          [
            -77.5428722,
            37.5761315
          ]
        ]
      },
      "id": "way/1417306971"
    },
    {
      "type": "Feature",
      "properties": {
        "@id": "way/1417306972",
        "highway": "footway"
      },
      "geometry": {
        "type": "LineString",
        "coordinates": [
          [
            -77.5428722,
            37.5761315
          ],
          [
            -77.5428554,
            37.5761565
          ],
          [
            -77.5428544,
            37.5761642
          ]
        ]
      },
      "id": "way/1417306972"
    },
    {
      "type": "Feature",
      "properties": {
        "@id": "way/1417306974",
        "footway": "sidewalk",
        "highway": "footway",
        "surface": "asphalt"
      },
      "geometry": {
        "type": "LineString",
        "coordinates": [
          [
            -77.5411562,
            37.5737007
          ],
          [
            -77.541122,
            37.5736938
          ],
          [
            -77.5410636,
            37.5736767
          ],
          [
            -77.5410264,
            37.5736664
          ],
          [
            -77.5409891,
            37.5736574
          ],
          [
            -77.5409424,
            37.5736489
          ],
          [
            -77.5408953,
            37.5736417
          ],
          [
            -77.5408511,
            37.5736382
          ],
          [
            -77.5407611,
            37.5736314
          ],
          [
            -77.5406776,
            37.5736249
          ],
          [
            -77.5405798,
            37.5736184
          ],
          [
            -77.5404754,
            37.5736107
          ],
          [
            -77.540257,
            37.5735899
          ],
          [
            -77.5401964,
            37.5735871
          ],
          [
            -77.5400688,
            37.5735827
          ],
          [
            -77.540019,
            37.5735779
          ],
          [
            -77.5399991,
            37.5735748
          ],
          [
            -77.5399749,
            37.5735697
          ],
          [
            -77.5399334,
            37.5735573
          ],
          [
            -77.5398581,
            37.5735278
          ],
          [
            -77.5398244,
            37.573508
          ],
          [
            -77.5398152,
            37.5734942
          ],
          [
            -77.5398096,
            37.5734819
          ],
          [
            -77.5398088,
            37.5734726
          ],
          [
            -77.5398114,
            37.5734633
          ],
          [
            -77.5398174,
            37.5734527
          ],
          [
            -77.5398356,
            37.5734246
          ],
          [
            -77.539849,
            37.5734009
          ],
          [
            -77.5398646,
            37.5733694
          ],
          [
            -77.5398832,
            37.5733313
          ],
          [
            -77.5399005,
            37.5732891
          ],
          [
            -77.5399127,
            37.5732535
          ],
          [
            -77.5399256,
            37.5732164
          ],
          [
            -77.5399554,
            37.573105
          ],
          [
            -77.5399779,
            37.5730028
          ],
          [
            -77.5399944,
            37.572905
          ],
          [
            -77.5400087,
            37.5728045
          ],
          [
            -77.5400163,
            37.5727024
          ],
          [
            -77.5400234,
            37.572596
          ],
          [
            -77.5400229,
            37.5725292
          ],
          [
            -77.5400169,
            37.5724252
          ],
          [
            -77.5400087,
            37.5723347
          ],
          [
            -77.5399944,
            37.5722641
          ],
          [
            -77.5399814,
            37.5722222
          ],
          [
            -77.5399714,
            37.5721886
          ],
          [
            -77.5399693,
            37.5721715
          ],
          [
            -77.539971,
            37.5721626
          ],
          [
            -77.5399745,
            37.5721537
          ]
        ]
      },
      "id": "way/1417306974"
    },
    {
      "type": "Feature",
      "properties": {
        "@id": "way/1417306975",
        "crossing": "uncontrolled",
        "crossing:markings": "yes",
        "footway": "crossing",
        "highway": "footway"
      },
      "geometry": {
        "type": "LineString",
        "coordinates": [
          [
            -77.5408567,
            37.5720891
          ],
          [
            -77.5407507,
            37.5721435
          ],
          [
            -77.5406992,
            37.5721698
          ]
        ]
      },
      "id": "way/1417306975"
    },
    {
      "type": "Feature",
      "properties": {
        "@id": "way/1417306976",
        "footway": "sidewalk",
        "highway": "footway",
        "surface": "asphalt"
      },
      "geometry": {
        "type": "LineString",
        "coordinates": [
          [
            -77.5406992,
            37.5721698
          ],
          [
            -77.5406893,
            37.5721749
          ]
        ]
      },
      "id": "way/1417306976"
    },
    {
      "type": "Feature",
      "properties": {
        "@id": "way/1417306977",
        "footway": "sidewalk",
        "highway": "footway",
        "surface": "asphalt"
      },
      "geometry": {
        "type": "LineString",
        "coordinates": [
          [
            -77.5408196,
            37.5721927
          ],
          [
            -77.5408174,
            37.572199
          ]
        ]
      },
      "id": "way/1417306977"
    },
    {
      "type": "Feature",
      "properties": {
        "@id": "way/1417306978",
        "highway": "footway"
      },
      "geometry": {
        "type": "LineString",
        "coordinates": [
          [
            -77.5408626,
            37.5720726
          ],
          [
            -77.5408617,
            37.5720529
          ],
          [
            -77.5408602,
            37.5720355
          ],
          [
            -77.5408566,
            37.5720152
          ]
        ]
      },
      "id": "way/1417306978"
    },
    {
      "type": "Feature",
      "properties": {
        "@id": "way/1417306979",
        "footway": "sidewalk",
        "highway": "footway",
        "surface": "asphalt"
      },
      "geometry": {
        "type": "LineString",
        "coordinates": [
          [
            -77.5399997,
            37.5721262
          ],
          [
            -77.540011,
            37.5721201
          ],
          [
            -77.5400225,
            37.5721166
          ],
          [
            -77.5400623,
            37.5721121
          ],
          [
            -77.5401207,
            37.5721077
          ],
          [
            -77.5402077,
            37.5721043
          ],
          [
            -77.5402665,
            37.5721063
          ],
          [
            -77.5403293,
            37.5721115
          ],
          [
            -77.5403873,
            37.572119
          ],
          [
            -77.5404595,
            37.5721313
          ],
          [
            -77.540534,
            37.5721451
          ],
          [
            -77.5406893,
            37.5721749
          ],
          [
            -77.5408174,
            37.572199
          ],
          [
            -77.5409485,
            37.5722277
          ],
          [
            -77.5410679,
            37.5722579
          ],
          [
            -77.5412522,
            37.5723141
          ]
        ]
      },
      "id": "way/1417306979"
    },
    {
      "type": "Feature",
      "properties": {
        "@id": "way/1417306980",
        "footway": "sidewalk",
        "highway": "footway",
        "surface": "concrete"
      },
      "geometry": {
        "type": "LineString",
        "coordinates": [
          [
            -77.5399745,
            37.5721537
          ],
          [
            -77.5399844,
            37.5721407
          ],
          [
            -77.5399997,
            37.5721262
          ]
        ]
      },
      "id": "way/1417306980"
    },
    {
      "type": "Feature",
      "properties": {
        "@id": "way/1417306981",
        "footway": "sidewalk",
        "highway": "footway",
        "surface": "concrete"
      },
      "geometry": {
        "type": "LineString",
        "coordinates": [
          [
            -77.5399844,
            37.5721407
          ],
          [
            -77.539976,
            37.5721347
          ]
        ]
      },
      "id": "way/1417306981"
    },
    {
      "type": "Feature",
      "properties": {
        "@id": "way/1417306982",
        "highway": "footway"
      },
      "geometry": {
        "type": "LineString",
        "coordinates": [
          [
            -77.5392994,
            37.5721328
          ],
          [
            -77.5392982,
            37.5721443
          ],
          [
            -77.5392628,
            37.5721774
          ],
          [
            -77.5392505,
            37.5721925
          ],
          [
            -77.539248,
            37.5722278
          ]
        ]
      },
      "id": "way/1417306982"
    },
    {
      "type": "Feature",
      "properties": {
        "@id": "way/1417306983",
        "footway": "sidewalk",
        "highway": "footway",
        "surface": "paving_stones"
      },
      "geometry": {
        "type": "LineString",
        "coordinates": [
          [
            -77.5390328,
            37.5710106
          ],
          [
            -77.5390326,
            37.5709999
          ]
        ]
      },
      "id": "way/1417306983"
    },
    {
      "type": "Feature",
      "properties": {
        "@id": "way/1417306984",
        "footway": "sidewalk",
        "highway": "footway",
        "surface": "concrete"
      },
      "geometry": {
        "type": "LineString",
        "coordinates": [
          [
            -77.5384568,
            37.5710009
          ],
          [
            -77.5384503,
            37.5710055
          ],
          [
            -77.5384348,
            37.5710045
          ]
        ]
      },
      "id": "way/1417306984"
    },
    {
      "type": "Feature",
      "properties": {
        "@id": "way/1417306985",
        "footway": "sidewalk",
        "highway": "footway",
        "surface": "asphalt"
      },
      "geometry": {
        "type": "LineString",
        "coordinates": [
          [
            -77.5384348,
            37.5710045
          ],
          [
            -77.538376,
            37.5709932
          ],
          [
            -77.5382936,
            37.5709718
          ],
          [
            -77.5382093,
            37.5709441
          ],
          [
            -77.5381144,
            37.5709106
          ],
          [
            -77.5380404,
            37.5708799
          ],
          [
            -77.5379879,
            37.5708554
          ],
          [
            -77.5379312,
            37.5708213
          ],
          [
            -77.537888,
            37.5707888
          ],
          [
            -77.5378422,
            37.5707476
          ],
          [
            -77.5378095,
            37.5707142
          ],
          [
            -77.5377855,
            37.5706854
          ],
          [
            -77.5377598,
            37.5706456
          ],
          [
            -77.537741,
            37.5706115
          ],
          [
            -77.537724,
            37.5705759
          ],
          [
            -77.5377165,
            37.5705564
          ],
          [
            -77.537712,
            37.5705446
          ],
          [
            -77.5377011,
            37.5705105
          ],
          [
            -77.5376928,
            37.5704707
          ],
          [
            -77.5376898,
            37.5704315
          ],
          [
            -77.5376893,
            37.5703743
          ],
          [
            -77.5376906,
            37.5703374
          ],
          [
            -77.5376787,
            37.5703299
          ],
          [
            -77.5376668,
            37.5703259
          ],
          [
            -77.5376579,
            37.5703194
          ],
          [
            -77.5376518,
            37.5703075
          ],
          [
            -77.5374646,
            37.5702713
          ],
          [
            -77.537435,
            37.5702785
          ],
          [
            -77.5374246,
            37.5702636
          ]
        ]
      },
      "id": "way/1417306985"
    },
    {
      "type": "Feature",
      "properties": {
        "@id": "way/1417306986",
        "footway": "sidewalk",
        "highway": "footway",
        "surface": "concrete"
      },
      "geometry": {
        "type": "LineString",
        "coordinates": [
          [
            -77.5376799,
            37.5703081
          ],
          [
            -77.5376668,
            37.5703259
          ]
        ]
      },
      "id": "way/1417306986"
    },
    {
      "type": "Feature",
      "properties": {
        "@id": "way/1417306987",
        "crossing": "unmarked",
        "crossing:markings": "no",
        "footway": "crossing",
        "highway": "footway",
        "surface": "asphalt"
      },
      "geometry": {
        "type": "LineString",
        "coordinates": [
          [
            -77.5376799,
            37.5703081
          ],
          [
            -77.5376907,
            37.5702747
          ],
          [
            -77.5377046,
            37.5702254
          ]
        ]
      },
      "id": "way/1417306987"
    },
    {
      "type": "Feature",
      "properties": {
        "@id": "way/1417306988",
        "footway": "link",
        "highway": "footway",
        "surface": "asphalt"
      },
      "geometry": {
        "type": "LineString",
        "coordinates": [
          [
            -77.5374246,
            37.5702636
          ],
          [
            -77.5373608,
            37.5702509
          ]
        ]
      },
      "id": "way/1417306988"
    },
    {
      "type": "Feature",
      "properties": {
        "@id": "way/1417306989",
        "footway": "link",
        "highway": "footway",
        "surface": "asphalt"
      },
      "geometry": {
        "type": "LineString",
        "coordinates": [
          [
            -77.5374246,
            37.5702636
          ],
          [
            -77.5374365,
            37.5702243
          ]
        ]
      },
      "id": "way/1417306989"
    },
    {
      "type": "Feature",
      "properties": {
        "@id": "way/1417306990",
        "footway": "sidewalk",
        "highway": "footway",
        "surface": "asphalt"
      },
      "geometry": {
        "type": "LineString",
        "coordinates": [
          [
            -77.5384588,
            37.5695269
          ],
          [
            -77.5384762,
            37.5695369
          ],
          [
            -77.5384923,
            37.5695507
          ],
          [
            -77.5385044,
            37.5695661
          ],
          [
            -77.5385122,
            37.5695801
          ],
          [
            -77.5385156,
            37.5695959
          ],
          [
            -77.5385161,
            37.5696107
          ],
          [
            -77.538513,
            37.5696254
          ],
          [
            -77.5385065,
            37.5696395
          ],
          [
            -77.5384957,
            37.569658
          ],
          [
            -77.5384165,
            37.5697811
          ],
          [
            -77.5383984,
            37.5698003
          ],
          [
            -77.5383802,
            37.5698158
          ],
          [
            -77.5383603,
            37.5698291
          ],
          [
            -77.5383356,
            37.5698408
          ],
          [
            -77.5383049,
            37.5698497
          ],
          [
            -77.5382638,
            37.569861
          ],
          [
            -77.538224,
            37.5698675
          ],
          [
            -77.5381651,
            37.5698799
          ],
          [
            -77.538121,
            37.5698926
          ],
          [
            -77.5380851,
            37.569906
          ],
          [
            -77.5380431,
            37.5699231
          ],
          [
            -77.5379977,
            37.5699451
          ],
          [
            -77.5379561,
            37.569968
          ],
          [
            -77.5379064,
            37.570002
          ],
          [
            -77.5378687,
            37.5700318
          ],
          [
            -77.5378406,
            37.5700572
          ],
          [
            -77.5378147,
            37.5700846
          ],
          [
            -77.5377844,
            37.570122
          ],
          [
            -77.5377627,
            37.5701553
          ],
          [
            -77.5377247,
            37.5702184
          ]
        ]
      },
      "id": "way/1417306990"
    },
    {
      "type": "Feature",
      "properties": {
        "@id": "way/1417306991",
        "footway": "sidewalk",
        "highway": "footway",
        "surface": "concrete"
      },
      "geometry": {
        "type": "LineString",
        "coordinates": [
          [
            -77.5377247,
            37.5702184
          ],
          [
            -77.5377086,
            37.5702253
          ],
          [
            -77.5377046,
            37.5702254
          ]
        ]
      },
      "id": "way/1417306991"
    },
    {
      "type": "Feature",
      "properties": {
        "@id": "way/1417306992",
        "highway": "footway"
      },
      "geometry": {
        "type": "LineString",
        "coordinates": [
          [
            -77.5368919,
            37.574644
          ],
          [
            -77.5368627,
            37.5746368
          ],
          [
            -77.5368404,
            37.57462
          ],
          [
            -77.5367997,
            37.5745156
          ],
          [
            -77.5367947,
            37.5744848
          ]
        ]
      },
      "id": "way/1417306992"
    },
    {
      "type": "Feature",
      "properties": {
        "@id": "way/1417306993",
        "crossing": "uncontrolled",
        "crossing:markings": "ladder",
        "footway": "crossing",
        "highway": "footway",
        "surface": "asphalt"
      },
      "geometry": {
        "type": "LineString",
        "coordinates": [
          [
            -77.5370676,
            37.5744333
          ],
          [
            -77.5370897,
            37.5744613
          ],
          [
            -77.5371192,
            37.5744986
          ]
        ]
      },
      "id": "way/1417306993"
    },
    {
      "type": "Feature",
      "properties": {
        "@id": "way/1417306994",
        "footway": "sidewalk",
        "highway": "footway",
        "surface": "concrete"
      },
      "geometry": {
        "type": "LineString",
        "coordinates": [
          [
            -77.5372027,
            37.5744241
          ],
          [
            -77.537218,
            37.574421
          ],
          [
            -77.5372364,
            37.5744108
          ]
        ]
      },
      "id": "way/1417306994"
    },
    {
      "type": "Feature",
      "properties": {
        "@id": "way/1417306995",
        "footway": "sidewalk",
        "highway": "footway",
        "surface": "concrete"
      },
      "geometry": {
        "type": "LineString",
        "coordinates": [
          [
            -77.5377778,
            37.5742804
          ],
          [
            -77.537835,
            37.5742775
          ]
        ]
      },
      "id": "way/1417306995"
    },
    {
      "type": "Feature",
      "properties": {
        "@id": "way/1417306996",
        "footway": "sidewalk",
        "highway": "footway",
        "surface": "concrete"
      },
      "geometry": {
        "type": "LineString",
        "coordinates": [
          [
            -77.5371192,
            37.5744986
          ],
          [
            -77.5370995,
            37.5745222
          ]
        ]
      },
      "id": "way/1417306996"
    },
    {
      "type": "Feature",
      "properties": {
        "@id": "way/1417306997",
        "crossing": "uncontrolled",
        "crossing:markings": "yes",
        "footway": "crossing",
        "highway": "footway"
      },
      "geometry": {
        "type": "LineString",
        "coordinates": [
          [
            -77.5347947,
            37.5791384
          ],
          [
            -77.534759,
            37.5791259
          ],
          [
            -77.5347196,
            37.579112
          ]
        ]
      },
      "id": "way/1417306997"
    },
    {
      "type": "Feature",
      "properties": {
        "@id": "way/1417306998",
        "footway": "sidewalk",
        "highway": "footway",
        "surface": "concrete"
      },
      "geometry": {
        "type": "LineString",
        "coordinates": [
          [
            -77.5347947,
            37.5791384
          ],
          [
            -77.5348053,
            37.5791422
          ]
        ]
      },
      "id": "way/1417306998"
    },
    {
      "type": "Feature",
      "properties": {
        "@id": "way/1417306999",
        "highway": "footway"
      },
      "geometry": {
        "type": "LineString",
        "coordinates": [
          [
            -77.5369431,
            37.5768194
          ],
          [
            -77.5370968,
            37.5766939
          ]
        ]
      },
      "id": "way/1417306999"
    },
    {
      "type": "Feature",
      "properties": {
        "@id": "way/1417307000",
        "highway": "footway"
      },
      "geometry": {
        "type": "LineString",
        "coordinates": [
          [
            -77.5370048,
            37.5759647
          ],
          [
            -77.5369005,
            37.5759431
          ]
        ]
      },
      "id": "way/1417307000"
    },
    {
      "type": "Feature",
      "properties": {
        "@id": "way/1417307001",
        "highway": "footway",
        "surface": "asphalt"
      },
      "geometry": {
        "type": "LineString",
        "coordinates": [
          [
            -77.5365273,
            37.5774788
          ],
          [
            -77.53647,
            37.5774351
          ],
          [
            -77.5364317,
            37.5773993
          ],
          [
            -77.5364126,
            37.577388
          ]
        ]
      },
      "id": "way/1417307001"
    },
    {
      "type": "Feature",
      "properties": {
        "@id": "way/1417307002",
        "footway": "access_aisle",
        "highway": "footway",
        "surface": "asphalt"
      },
      "geometry": {
        "type": "LineString",
        "coordinates": [
          [
            -77.5364126,
            37.577388
          ],
          [
            -77.536351,
            37.5773724
          ]
        ]
      },
      "id": "way/1417307002"
    },
    {
      "type": "Feature",
      "properties": {
        "@id": "way/1417307003",
        "footway": "link",
        "highway": "footway",
        "surface": "asphalt"
      },
      "geometry": {
        "type": "LineString",
        "coordinates": [
          [
            -77.536351,
            37.5773724
          ],
          [
            -77.536304,
            37.5773606
          ]
        ]
      },
      "id": "way/1417307003"
    },
    {
      "type": "Feature",
      "properties": {
        "@id": "way/1417444916",
        "footway": "sidewalk",
        "highway": "footway"
      },
      "geometry": {
        "type": "LineString",
        "coordinates": [
          [
            -77.5412474,
            37.5737556
          ],
          [
            -77.5411961,
            37.5737201
          ],
          [
            -77.5411562,
            37.5737007
          ]
        ]
      },
      "id": "way/1417444916"
    },
    {
      "type": "Feature",
      "properties": {
        "@id": "way/1417444917",
        "highway": "steps"
      },
      "geometry": {
        "type": "LineString",
        "coordinates": [
          [
            -77.5400306,
            37.5752386
          ],
          [
            -77.5401209,
            37.5751213
          ],
          [
            -77.5402681,
            37.5749692
          ]
        ]
      },
      "id": "way/1417444917"
    },
    {
      "type": "Feature",
      "properties": {
        "@id": "way/1417444918",
        "highway": "footway"
      },
      "geometry": {
        "type": "LineString",
        "coordinates": [
          [
            -77.5402681,
            37.5749692
          ],
          [
            -77.5403174,
            37.5749209
          ]
        ]
      },
      "id": "way/1417444918"
    },
    {
      "type": "Feature",
      "properties": {
        "@id": "way/1417444919",
        "highway": "footway"
      },
      "geometry": {
        "type": "LineString",
        "coordinates": [
          [
            -77.5401663,
            37.5751482
          ],
          [
            -77.5401209,
            37.5751213
          ],
          [
            -77.5401,
            37.5751109
          ],
          [
            -77.5400813,
            37.575105
          ],
          [
            -77.5400602,
            37.5751035
          ],
          [
            -77.5400392,
            37.5751045
          ],
          [
            -77.5400205,
            37.5751074
          ],
          [
            -77.5400025,
            37.5751128
          ],
          [
            -77.5399858,
            37.5751163
          ],
          [
            -77.5399678,
            37.5751173
          ],
          [
            -77.5399498,
            37.5751153
          ],
          [
            -77.5399272,
            37.5751063
          ],
          [
            -77.5399042,
            37.5750929
          ]
        ]
      },
      "id": "way/1417444919"
    },
    {
      "type": "Feature",
      "properties": {
        "@id": "way/1417444920",
        "highway": "footway"
      },
      "geometry": {
        "type": "LineString",
        "coordinates": [
          [
            -77.5379448,
            37.5776204
          ],
          [
            -77.5378079,
            37.5775247
          ]
        ]
      },
      "id": "way/1417444920"
    },
    {
      "type": "Feature",
      "properties": {
        "@id": "way/1417444921",
        "highway": "footway"
      },
      "geometry": {
        "type": "LineString",
        "coordinates": [
          [
            -77.5377919,
            37.5774826
          ],
          [
            -77.5377809,
            37.5774819
          ],
          [
            -77.5377703,
            37.5774841
          ],
          [
            -77.5377612,
            37.577489
          ],
          [
            -77.5377548,
            37.577496
          ],
          [
            -77.5377516,
            37.5775042
          ],
          [
            -77.537752,
            37.5775128
          ],
          [
            -77.537756,
            37.5775208
          ],
          [
            -77.537763,
            37.5775273
          ],
          [
            -77.5377715,
            37.5775313
          ],
          [
            -77.5377812,
            37.5775331
          ],
          [
            -77.5377911,
            37.5775325
          ],
          [
            -77.5378003,
            37.5775296
          ],
          [
            -77.5378079,
            37.5775247
          ],
          [
            -77.5378138,
            37.5775173
          ],
          [
            -77.5378162,
            37.5775087
          ],
          [
            -77.5378148,
            37.5775001
          ],
          [
            -77.5378099,
            37.5774923
          ],
          [
            -77.5378019,
            37.5774862
          ],
          [
            -77.5377919,
            37.5774826
          ]
        ]
      },
      "id": "way/1417444921"
    },
    {
      "type": "Feature",
      "properties": {
        "@id": "way/1417444922",
        "highway": "footway"
      },
      "geometry": {
        "type": "LineString",
        "coordinates": [
          [
            -77.5372446,
            37.577993
          ],
          [
            -77.5372138,
            37.5778849
          ],
          [
            -77.5371935,
            37.5778312
          ],
          [
            -77.5371786,
            37.5777754
          ],
          [
            -77.5370725,
            37.5778707
          ],
          [
            -77.5369558,
            37.5779724
          ],
          [
            -77.5371279,
            37.5780966
          ],
          [
            -77.5372446,
            37.577993
          ],
          [
            -77.5373489,
            37.577899
          ],
          [
            -77.5374392,
            37.5778187
          ],
          [
            -77.5375279,
            37.5778809
          ],
          [
            -77.5375675,
            37.5779111
          ]
        ]
      },
      "id": "way/1417444922"
    },
    {
      "type": "Feature",
      "properties": {
        "@id": "way/1417444923",
        "highway": "footway"
      },
      "geometry": {
        "type": "LineString",
        "coordinates": [
          [
            -77.5376139,
            37.5779153
          ],
          [
            -77.5376393,
            37.5779409
          ],
          [
            -77.5376651,
            37.577979
          ]
        ]
      },
      "id": "way/1417444923"
    },
    {
      "type": "Feature",
      "properties": {
        "@id": "way/1417444924",
        "highway": "steps"
      },
      "geometry": {
        "type": "LineString",
        "coordinates": [
          [
            -77.5376651,
            37.577979
          ],
          [
            -77.5378185,
            37.5781248
          ]
        ]
      },
      "id": "way/1417444924"
    },
    {
      "type": "Feature",
      "properties": {
        "@id": "way/1417444925",
        "highway": "footway"
      },
      "geometry": {
        "type": "LineString",
        "coordinates": [
          [
            -77.5378185,
            37.5781248
          ],
          [
            -77.5378803,
            37.5781835
          ],
          [
            -77.5378974,
            37.5781998
          ],
          [
            -77.5379401,
            37.578244
          ]
        ]
      },
      "id": "way/1417444925"
    },
    {
      "type": "Feature",
      "properties": {
        "@id": "way/1417444926",
        "highway": "footway"
      },
      "geometry": {
        "type": "LineString",
        "coordinates": [
          [
            -77.537854,
            37.578259
          ],
          [
            -77.5378974,
            37.5781998
          ]
        ]
      },
      "id": "way/1417444926"
    },
    {
      "type": "Feature",
      "properties": {
        "@id": "way/1417444927",
        "highway": "footway"
      },
      "geometry": {
        "type": "LineString",
        "coordinates": [
          [
            -77.5378803,
            37.5781835
          ],
          [
            -77.5379501,
            37.5781309
          ]
        ]
      },
      "id": "way/1417444927"
    },
    {
      "type": "Feature",
      "properties": {
        "@id": "way/1417444928",
        "footway": "link",
        "highway": "footway"
      },
      "geometry": {
        "type": "LineString",
        "coordinates": [
          [
            -77.5360398,
            37.5795069
          ],
          [
            -77.5360373,
            37.5794556
          ]
        ]
      },
      "id": "way/1417444928"
    },
    {
      "type": "Feature",
      "properties": {
        "@id": "way/1417444929",
        "highway": "footway",
        "surface": "asphalt"
      },
      "geometry": {
        "type": "LineString",
        "coordinates": [
          [
            -77.5354634,
            37.5809259
          ],
          [
            -77.5354992,
            37.5809957
          ],
          [
            -77.5355153,
            37.5810414
          ],
          [
            -77.5355184,
            37.5810817
          ],
          [
            -77.5354874,
            37.5812646
          ],
          [
            -77.5354831,
            37.5813345
          ],
          [
            -77.5354918,
            37.5813792
          ],
          [
            -77.5355163,
            37.5814305
          ],
          [
            -77.5355749,
            37.5815297
          ],
          [
            -77.5356332,
            37.5816143
          ],
          [
            -77.5357002,
            37.5816905
          ],
          [
            -77.5357703,
            37.581749
          ],
          [
            -77.5358274,
            37.5817977
          ],
          [
            -77.5358702,
            37.5818242
          ],
          [
            -77.5359062,
            37.5818355
          ],
          [
            -77.5359645,
            37.5818458
          ],
          [
            -77.5360371,
            37.5818517
          ],
          [
            -77.5361544,
            37.5818572
          ],
          [
            -77.5363601,
            37.5818921
          ]
        ]
      },
      "id": "way/1417444929"
    },
    {
      "type": "Feature",
      "properties": {
        "@id": "way/1417444935",
        "highway": "footway"
      },
      "geometry": {
        "type": "LineString",
        "coordinates": [
          [
            -77.5389287,
            37.5824827
          ],
          [
            -77.538933,
            37.5826871
          ],
          [
            -77.5389538,
            37.5826867
          ],
          [
            -77.5389518,
            37.5825971
          ]
        ]
      },
      "id": "way/1417444935"
    },
    {
      "type": "Feature",
      "properties": {
        "@id": "way/1417444936",
        "highway": "steps"
      },
      "geometry": {
        "type": "LineString",
        "coordinates": [
          [
            -77.538592,
            37.582115
          ],
          [
            -77.5385636,
            37.5820598
          ]
        ]
      },
      "id": "way/1417444936"
    },
    {
      "type": "Feature",
      "properties": {
        "@id": "way/1417444937",
        "highway": "footway",
        "surface": "asphalt"
      },
      "geometry": {
        "type": "LineString",
        "coordinates": [
          [
            -77.5385636,
            37.5820598
          ],
          [
            -77.5385509,
            37.5820229
          ],
          [
            -77.53854,
            37.5819954
          ],
          [
            -77.5385191,
            37.5819665
          ],
          [
            -77.5384511,
            37.5819178
          ],
          [
            -77.5383751,
            37.5818613
          ],
          [
            -77.5383526,
            37.5818405
          ],
          [
            -77.5383195,
            37.5818246
          ],
          [
            -77.5382621,
            37.581801
          ],
          [
            -77.5382008,
            37.5817871
          ],
          [
            -77.5381698,
            37.5817777
          ],
          [
            -77.53815,
            37.5817681
          ]
        ]
      },
      "id": "way/1417444937"
    },
    {
      "type": "Feature",
      "properties": {
        "@id": "way/1417444938",
        "highway": "footway",
        "name": "Connecting Lodge Footpath"
      },
      "geometry": {
        "type": "LineString",
        "coordinates": [
          [
            -77.5407209,
            37.5818429
          ],
          [
            -77.5407923,
            37.581826
          ]
        ]
      },
      "id": "way/1417444938"
    },
    {
      "type": "Feature",
      "properties": {
        "@id": "way/1417444939",
        "highway": "steps",
        "name": "Connecting Lodge Footpath"
      },
      "geometry": {
        "type": "LineString",
        "coordinates": [
          [
            -77.540645,
            37.5818536
          ],
          [
            -77.5407209,
            37.5818429
          ]
        ]
      },
      "id": "way/1417444939"
    },
    {
      "type": "Feature",
      "properties": {
        "@id": "way/1417444940",
        "crossing": "unmarked",
        "crossing:markings": "no",
        "footway": "crossing",
        "highway": "footway",
        "surface": "asphalt"
      },
      "geometry": {
        "type": "LineString",
        "coordinates": [
          [
            -77.5359662,
            37.5803003
          ],
          [
            -77.5360005,
            37.5803036
          ]
        ]
      },
      "id": "way/1417444940"
    },
    {
      "type": "Feature",
      "properties": {
        "@id": "way/1417902679",
        "highway": "service"
      },
      "geometry": {
        "type": "LineString",
        "coordinates": [
          [
            -77.5372076,
            37.5791093
          ],
          [
            -77.5374607,
            37.5788563
          ]
        ]
      },
      "id": "way/1417902679"
    },
    {
      "type": "Feature",
      "properties": {
        "@id": "way/1417902680",
        "highway": "service"
      },
      "geometry": {
        "type": "LineString",
        "coordinates": [
          [
            -77.5371293,
            37.5791503
          ],
          [
            -77.5372076,
            37.5791093
          ]
        ]
      },
      "id": "way/1417902680"
    },
    {
      "type": "Feature",
      "properties": {
        "@id": "way/1417902681",
        "highway": "footway"
      },
      "geometry": {
        "type": "LineString",
        "coordinates": [
          [
            -77.5366975,
            37.5792323
          ],
          [
            -77.5366547,
            37.5792237
          ]
        ]
      },
      "id": "way/1417902681"
    },
    {
      "type": "Feature",
      "properties": {
        "@id": "way/1417902682",
        "highway": "steps"
      },
      "geometry": {
        "type": "LineString",
        "coordinates": [
          [
            -77.5367627,
            37.5792365
          ],
          [
            -77.5367322,
            37.5792363
          ],
          [
            -77.5366975,
            37.5792323
          ]
        ]
      },
      "id": "way/1417902682"
    },
    {
      "type": "Feature",
      "properties": {
        "@id": "way/1417902683",
        "highway": "footway"
      },
      "geometry": {
        "type": "LineString",
        "coordinates": [
          [
            -77.5365703,
            37.5782707
          ],
          [
            -77.5365442,
            37.578251
          ],
          [
            -77.5365193,
            37.5782322
          ]
        ]
      },
      "id": "way/1417902683"
    },
    {
      "type": "Feature",
      "properties": {
        "@id": "way/1417902684",
        "highway": "footway"
      },
      "geometry": {
        "type": "LineString",
        "coordinates": [
          [
            -77.5368371,
            37.577852
          ],
          [
            -77.5368509,
            37.5778874
          ],
          [
            -77.5368869,
            37.5779234
          ],
          [
            -77.5368678,
            37.5779417
          ],
          [
            -77.5368025,
            37.5780067
          ],
          [
            -77.5367258,
            37.5780857
          ],
          [
            -77.5365671,
            37.5782317
          ]
        ]
      },
      "id": "way/1417902684"
    },
    {
      "type": "Feature",
      "properties": {
        "@id": "way/1417902685",
        "highway": "footway"
      },
      "geometry": {
        "type": "LineString",
        "coordinates": [
          [
            -77.5365671,
            37.5782317
          ],
          [
            -77.5365442,
            37.578251
          ],
          [
            -77.5365198,
            37.5782715
          ]
        ]
      },
      "id": "way/1417902685"
    },
    {
      "type": "Feature",
      "properties": {
        "@id": "way/1417902686",
        "footway": "link",
        "highway": "footway",
        "surface": "asphalt"
      },
      "geometry": {
        "type": "LineString",
        "coordinates": [
          [
            -77.5366635,
            37.5797442
          ],
          [
            -77.536556,
            37.5797437
          ]
        ]
      },
      "id": "way/1417902686"
    },
    {
      "type": "Feature",
      "properties": {
        "@id": "way/1417902687",
        "footway": "link",
        "highway": "footway",
        "surface": "asphalt"
      },
      "geometry": {
        "type": "LineString",
        "coordinates": [
          [
            -77.5373965,
            37.5793715
          ],
          [
            -77.5374435,
            37.5793293
          ]
        ]
      },
      "id": "way/1417902687"
    },
    {
      "type": "Feature",
      "properties": {
        "@id": "way/1417902688",
        "crossing": "uncontrolled",
        "crossing:markings": "yes",
        "footway": "crossing",
        "highway": "footway"
      },
      "geometry": {
        "type": "LineString",
        "coordinates": [
          [
            -77.538243,
            37.5785635
          ],
          [
            -77.5382173,
            37.5785355
          ],
          [
            -77.5381706,
            37.5784847
          ]
        ]
      },
      "id": "way/1417902688"
    },
    {
      "type": "Feature",
      "properties": {
        "@id": "way/1417902689",
        "highway": "steps"
      },
      "geometry": {
        "type": "LineString",
        "coordinates": [
          [
            -77.5381706,
            37.5784847
          ],
          [
            -77.5381407,
            37.5784563
          ]
        ]
      },
      "id": "way/1417902689"
    },
    {
      "type": "Feature",
      "properties": {
        "@id": "way/1417902690",
        "highway": "footway"
      },
      "geometry": {
        "type": "LineString",
        "coordinates": [
          [
            -77.5381407,
            37.5784563
          ],
          [
            -77.538104,
            37.5784155
          ],
          [
            -77.5380729,
            37.578373
          ],
          [
            -77.5381301,
            37.5783317
          ],
          [
            -77.5381401,
            37.5783185
          ]
        ]
      },
      "id": "way/1417902690"
    },
    {
      "type": "Feature",
      "properties": {
        "@id": "way/1417902691",
        "footway": "link",
        "highway": "footway",
        "surface": "asphalt"
      },
      "geometry": {
        "type": "LineString",
        "coordinates": [
          [
            -77.5381401,
            37.5783185
          ],
          [
            -77.5381407,
            37.578268
          ]
        ]
      },
      "id": "way/1417902691"
    },
    {
      "type": "Feature",
      "properties": {
        "@id": "way/1417902692",
        "highway": "footway"
      },
      "geometry": {
        "type": "LineString",
        "coordinates": [
          [
            -77.5385519,
            37.5778591
          ],
          [
            -77.5385237,
            37.5778401
          ]
        ]
      },
      "id": "way/1417902692"
    },
    {
      "type": "Feature",
      "properties": {
        "@id": "way/1417902693",
        "highway": "footway"
      },
      "geometry": {
        "type": "LineString",
        "coordinates": [
          [
            -77.5385237,
            37.5778401
          ],
          [
            -77.5384064,
            37.5779459
          ],
          [
            -77.5383443,
            37.578002
          ]
        ]
      },
      "id": "way/1417902693"
    },
    {
      "type": "Feature",
      "properties": {
        "@id": "way/1417902694",
        "footway": "link",
        "highway": "footway",
        "surface": "asphalt"
      },
      "geometry": {
        "type": "LineString",
        "coordinates": [
          [
            -77.5385519,
            37.5778591
          ],
          [
            -77.5385826,
            37.5778826
          ]
        ]
      },
      "id": "way/1417902694"
    },
    {
      "type": "Feature",
      "properties": {
        "@id": "way/1417902695",
        "footway": "link",
        "highway": "footway",
        "surface": "asphalt"
      },
      "geometry": {
        "type": "LineString",
        "coordinates": [
          [
            -77.5383443,
            37.578002
          ],
          [
            -77.5383173,
            37.578025
          ]
        ]
      },
      "id": "way/1417902695"
    },
    {
      "type": "Feature",
      "properties": {
        "@id": "way/1417902696",
        "footway": "link",
        "highway": "footway",
        "surface": "asphalt"
      },
      "geometry": {
        "type": "LineString",
        "coordinates": [
          [
            -77.5373622,
            37.5787361
          ],
          [
            -77.5372973,
            37.5787273
          ]
        ]
      },
      "id": "way/1417902696"
    },
    {
      "type": "Feature",
      "properties": {
        "@id": "way/1417902700",
        "highway": "footway"
      },
      "geometry": {
        "type": "LineString",
        "coordinates": [
          [
            -77.5367914,
            37.5772717
          ],
          [
            -77.5367634,
            37.5772788
          ],
          [
            -77.5367399,
            37.5772846
          ],
          [
            -77.5367191,
            37.5772852
          ],
          [
            -77.5366998,
            37.5772828
          ],
          [
            -77.5366832,
            37.5772763
          ],
          [
            -77.536662,
            37.5772607
          ],
          [
            -77.5366326,
            37.5772384
          ],
          [
            -77.5366026,
            37.5772161
          ],
          [
            -77.5365821,
            37.5772039
          ],
          [
            -77.5365566,
            37.577191
          ],
          [
            -77.5365316,
            37.5771813
          ],
          [
            -77.5364926,
            37.5771745
          ]
        ]
      },
      "id": "way/1417902700"
    },
    {
      "type": "Feature",
      "properties": {
        "@id": "way/1417902701",
        "footway": "link",
        "highway": "footway",
        "surface": "asphalt"
      },
      "geometry": {
        "type": "LineString",
        "coordinates": [
          [
            -77.5364926,
            37.5771745
          ],
          [
            -77.5363907,
            37.5771453
          ]
        ]
      },
      "id": "way/1417902701"
    },
    {
      "type": "Feature",
      "properties": {
        "@id": "way/1417902702",
        "footway": "link",
        "highway": "footway",
        "surface": "asphalt"
      },
      "geometry": {
        "type": "LineString",
        "coordinates": [
          [
            -77.5369005,
            37.5759431
          ],
          [
            -77.5368612,
            37.5759267
          ]
        ]
      },
      "id": "way/1417902702"
    },
    {
      "type": "Feature",
      "properties": {
        "@id": "way/1417902703",
        "highway": "footway"
      },
      "geometry": {
        "type": "LineString",
        "coordinates": [
          [
            -77.5367882,
            37.5761927
          ],
          [
            -77.5367483,
            37.576163
          ],
          [
            -77.5366949,
            37.5761163
          ]
        ]
      },
      "id": "way/1417902703"
    },
    {
      "type": "Feature",
      "properties": {
        "@id": "way/1417902704",
        "footway": "access_aisle",
        "highway": "footway",
        "surface": "asphalt"
      },
      "geometry": {
        "type": "LineString",
        "coordinates": [
          [
            -77.5366949,
            37.5761163
          ],
          [
            -77.5366594,
            37.5760721
          ]
        ]
      },
      "id": "way/1417902704"
    },
    {
      "type": "Feature",
      "properties": {
        "@id": "way/1417902705",
        "footway": "link",
        "highway": "footway",
        "surface": "asphalt"
      },
      "geometry": {
        "type": "LineString",
        "coordinates": [
          [
            -77.5366594,
            37.5760721
          ],
          [
            -77.5366353,
            37.5760457
          ]
        ]
      },
      "id": "way/1417902705"
    },
    {
      "type": "Feature",
      "properties": {
        "@id": "way/1417902706",
        "footway": "link",
        "highway": "footway",
        "surface": "asphalt"
      },
      "geometry": {
        "type": "LineString",
        "coordinates": [
          [
            -77.5367882,
            37.5761927
          ],
          [
            -77.5368317,
            37.5762259
          ]
        ]
      },
      "id": "way/1417902706"
    },
    {
      "type": "Feature",
      "properties": {
        "@id": "way/1417902707",
        "crossing": "unmarked",
        "crossing:markings": "no",
        "footway": "crossing",
        "highway": "footway"
      },
      "geometry": {
        "type": "LineString",
        "coordinates": [
          [
            -77.5382615,
            37.5812451
          ],
          [
            -77.5381811,
            37.5812352
          ],
          [
            -77.5381067,
            37.5812239
          ]
        ]
      },
      "id": "way/1417902707"
    },
    {
      "type": "Feature",
      "properties": {
        "@id": "way/1417902709",
        "crossing": "uncontrolled",
        "crossing:markings": "yes",
        "footway": "crossing",
        "highway": "footway"
      },
      "geometry": {
        "type": "LineString",
        "coordinates": [
          [
            -77.5393621,
            37.5801597
          ],
          [
            -77.5393036,
            37.5801244
          ],
          [
            -77.5392527,
            37.5800938
          ]
        ]
      },
      "id": "way/1417902709"
    },
    {
      "type": "Feature",
      "properties": {
        "@id": "way/1417902710",
        "footway": "sidewalk",
        "highway": "footway",
        "surface": "concrete"
      },
      "geometry": {
        "type": "LineString",
        "coordinates": [
          [
            -77.5392527,
            37.5800938
          ],
          [
            -77.5392423,
            37.580088
          ]
        ]
      },
      "id": "way/1417902710"
    },
    {
      "type": "Feature",
      "properties": {
        "@id": "way/1417902711",
        "footway": "sidewalk",
        "highway": "footway"
      },
      "geometry": {
        "type": "LineString",
        "coordinates": [
          [
            -77.5392423,
            37.580088
          ],
          [
            -77.5392789,
            37.5800685
          ],
          [
            -77.5394122,
            37.5800095
          ],
          [
            -77.5394306,
            37.5799981
          ],
          [
            -77.5394446,
            37.5799835
          ],
          [
            -77.5394573,
            37.5799614
          ],
          [
            -77.539459,
            37.5799493
          ],
          [
            -77.5394585,
            37.5799302
          ],
          [
            -77.5394504,
            37.5799086
          ],
          [
            -77.5393203,
            37.5797205
          ],
          [
            -77.5391024,
            37.5794057
          ]
        ]
      },
      "id": "way/1417902711"
    },
    {
      "type": "Feature",
      "properties": {
        "@id": "way/1417902712",
        "footway": "link",
        "highway": "footway",
        "surface": "asphalt"
      },
      "geometry": {
        "type": "LineString",
        "coordinates": [
          [
            -77.5391024,
            37.5794057
          ],
          [
            -77.5391189,
            37.5793762
          ]
        ]
      },
      "id": "way/1417902712"
    },
    {
      "type": "Feature",
      "properties": {
        "@id": "way/1417902713",
        "highway": "footway"
      },
      "geometry": {
        "type": "LineString",
        "coordinates": [
          [
            -77.5375161,
            37.578369
          ],
          [
            -77.5375625,
            37.5784065
          ],
          [
            -77.5375723,
            37.5784133
          ]
        ]
      },
      "id": "way/1417902713"
    },
    {
      "type": "Feature",
      "properties": {
        "@id": "way/1417902714",
        "highway": "footway"
      },
      "geometry": {
        "type": "LineString",
        "coordinates": [
          [
            -77.537588,
            37.5783836
          ],
          [
            -77.5375625,
            37.5784065
          ],
          [
            -77.5375284,
            37.578438
          ],
          [
            -77.5372213,
            37.5787137
          ]
        ]
      },
      "id": "way/1417902714"
    },
    {
      "type": "Feature",
      "properties": {
        "@id": "way/1417902715",
        "footway": "access_aisle",
        "highway": "footway",
        "surface": "asphalt"
      },
      "geometry": {
        "type": "LineString",
        "coordinates": [
          [
            -77.5375723,
            37.5784133
          ],
          [
            -77.5376208,
            37.5784478
          ]
        ]
      },
      "id": "way/1417902715"
    },
    {
      "type": "Feature",
      "properties": {
        "@id": "way/1417902716",
        "footway": "link",
        "highway": "footway",
        "surface": "asphalt"
      },
      "geometry": {
        "type": "LineString",
        "coordinates": [
          [
            -77.5376208,
            37.5784478
          ],
          [
            -77.537647,
            37.5784664
          ]
        ]
      },
      "id": "way/1417902716"
    },
    {
      "type": "Feature",
      "properties": {
        "@id": "way/1417902717",
        "footway": "access_aisle",
        "highway": "footway",
        "surface": "asphalt"
      },
      "geometry": {
        "type": "LineString",
        "coordinates": [
          [
            -77.5375376,
            37.5784444
          ],
          [
            -77.5375867,
            37.5784788
          ]
        ]
      },
      "id": "way/1417902717"
    },
    {
      "type": "Feature",
      "properties": {
        "@id": "way/1417902718",
        "footway": "link",
        "highway": "footway",
        "surface": "asphalt"
      },
      "geometry": {
        "type": "LineString",
        "coordinates": [
          [
            -77.5375867,
            37.5784788
          ],
          [
            -77.5376116,
            37.5784962
          ]
        ]
      },
      "id": "way/1417902718"
    },
    {
      "type": "Feature",
      "properties": {
        "@id": "way/1417902719",
        "highway": "footway"
      },
      "geometry": {
        "type": "LineString",
        "coordinates": [
          [
            -77.5375284,
            37.578438
          ],
          [
            -77.5375376,
            37.5784444
          ]
        ]
      },
      "id": "way/1417902719"
    },
    {
      "type": "Feature",
      "properties": {
        "@id": "way/1417902720",
        "footway": "access_aisle",
        "highway": "footway",
        "surface": "asphalt"
      },
      "geometry": {
        "type": "LineString",
        "coordinates": [
          [
            -77.5381627,
            37.5761457
          ],
          [
            -77.5381407,
            37.5760836
          ]
        ]
      },
      "id": "way/1417902720"
    },
    {
      "type": "Feature",
      "properties": {
        "@id": "way/1417902721",
        "footway": "link",
        "highway": "footway",
        "surface": "asphalt"
      },
      "geometry": {
        "type": "LineString",
        "coordinates": [
          [
            -77.5381407,
            37.5760836
          ],
          [
            -77.5381265,
            37.5760435
          ]
        ]
      },
      "id": "way/1417902721"
    },
    {
      "type": "Feature",
      "properties": {
        "@id": "way/1417902723",
        "highway": "footway",
        "surface": "asphalt"
      },
      "geometry": {
        "type": "LineString",
        "coordinates": [
          [
            -77.5372389,
            37.5759509
          ],
          [
            -77.5372304,
            37.5759313
          ],
          [
            -77.5372126,
            37.5759041
          ],
          [
            -77.5371845,
            37.5758687
          ],
          [
            -77.537169,
            37.5758069
          ],
          [
            -77.5371359,
            37.575647
          ],
          [
            -77.537169,
            37.5756274
          ],
          [
            -77.537196,
            37.5756082
          ],
          [
            -77.5372203,
            37.5755853
          ],
          [
            -77.5372466,
            37.5755562
          ],
          [
            -77.5372628,
            37.5755345
          ],
          [
            -77.5372747,
            37.5755155
          ],
          [
            -77.537284,
            37.5754978
          ]
        ]
      },
      "id": "way/1417902723"
    },
    {
      "type": "Feature",
      "properties": {
        "@id": "way/1417902724",
        "highway": "footway"
      },
      "geometry": {
        "type": "LineString",
        "coordinates": [
          [
            -77.5372389,
            37.5759509
          ],
          [
            -77.5371841,
            37.5759751
          ],
          [
            -77.5371301,
            37.5760184
          ]
        ]
      },
      "id": "way/1417902724"
    },
    {
      "type": "Feature",
      "properties": {
        "@id": "way/1417902725",
        "highway": "footway"
      },
      "geometry": {
        "type": "LineString",
        "coordinates": [
          [
            -77.5371427,
            37.576024
          ],
          [
            -77.5371301,
            37.5760184
          ],
          [
            -77.5371223,
            37.5760149
          ]
        ]
      },
      "id": "way/1417902725"
    },
    {
      "type": "Feature",
      "properties": {
        "@id": "way/1417902726",
        "highway": "footway",
        "surface": "concrete"
      },
      "geometry": {
        "type": "LineString",
        "coordinates": [
          [
            -77.5372859,
            37.5754694
          ],
          [
            -77.5372967,
            37.5754749
          ],
          [
            -77.5373295,
            37.575488
          ]
        ]
      },
      "id": "way/1417902726"
    },
    {
      "type": "Feature",
      "properties": {
        "@id": "way/1417902727",
        "highway": "footway"
      },
      "geometry": {
        "type": "LineString",
        "coordinates": [
          [
            -77.537284,
            37.5754978
          ],
          [
            -77.5372967,
            37.5754749
          ]
        ]
      },
      "id": "way/1417902727"
    },
    {
      "type": "Feature",
      "properties": {
        "@id": "way/1417902728",
        "crossing": "uncontrolled",
        "crossing:markings": "yes",
        "footway": "crossing",
        "highway": "footway"
      },
      "geometry": {
        "type": "LineString",
        "coordinates": [
          [
            -77.5372859,
            37.5754694
          ],
          [
            -77.5372481,
            37.5754553
          ],
          [
            -77.5372118,
            37.5754419
          ]
        ]
      },
      "id": "way/1417902728"
    },
    {
      "type": "Feature",
      "properties": {
        "@id": "way/1417902730",
        "highway": "footway",
        "surface": "concrete"
      },
      "geometry": {
        "type": "LineString",
        "coordinates": [
          [
            -77.5372118,
            37.5754419
          ],
          [
            -77.5372018,
            37.5754397
          ],
          [
            -77.5372026,
            37.5754324
          ],
          [
            -77.5372014,
            37.5754247
          ],
          [
            -77.5371983,
            37.5754183
          ],
          [
            -77.5371914,
            37.5754113
          ],
          [
            -77.537154,
            37.5753978
          ],
          [
            -77.5370884,
            37.5753728
          ]
        ]
      },
      "id": "way/1417902730"
    },
    {
      "type": "Feature",
      "properties": {
        "@id": "way/1417902731",
        "highway": "footway",
        "surface": "asphalt"
      },
      "geometry": {
        "type": "LineString",
        "coordinates": [
          [
            -77.5373295,
            37.575488
          ],
          [
            -77.5374283,
            37.5755333
          ],
          [
            -77.5374699,
            37.5755562
          ],
          [
            -77.5374877,
            37.575569
          ],
          [
            -77.5375166,
            37.5755917
          ],
          [
            -77.5375598,
            37.5756326
          ],
          [
            -77.5375884,
            37.5756672
          ],
          [
            -77.5376238,
            37.5757179
          ],
          [
            -77.5376458,
            37.5757592
          ],
          [
            -77.5376867,
            37.5758408
          ],
          [
            -77.5377311,
            37.5758947
          ],
          [
            -77.5378426,
            37.57598
          ],
          [
            -77.5379071,
            37.5760291
          ]
        ]
      },
      "id": "way/1417902731"
    },
    {
      "type": "Feature",
      "properties": {
        "@id": "way/1417902733",
        "crossing": "uncontrolled",
        "crossing:markings": "yes",
        "footway": "crossing",
        "highway": "footway"
      },
      "geometry": {
        "type": "LineString",
        "coordinates": [
          [
            -77.5377778,
            37.5742804
          ],
          [
            -77.5377678,
            37.5742375
          ],
          [
            -77.5377619,
            37.5742122
          ]
        ]
      },
      "id": "way/1417902733"
    },
    {
      "type": "Feature",
      "properties": {
        "@id": "way/1417902734",
        "footway": "link",
        "highway": "footway",
        "surface": "asphalt"
      },
      "geometry": {
        "type": "LineString",
        "coordinates": [
          [
            -77.5377619,
            37.5742122
          ],
          [
            -77.5377653,
            37.574176
          ]
        ]
      },
      "id": "way/1417902734"
    },
    {
      "type": "Feature",
      "properties": {
        "@id": "way/1417902735",
        "crossing": "uncontrolled",
        "crossing:markings": "ladder",
        "footway": "crossing",
        "highway": "footway",
        "surface": "asphalt"
      },
      "geometry": {
        "type": "LineString",
        "coordinates": [
          [
            -77.5419735,
            37.5740654
          ],
          [
            -77.5419916,
            37.5740904
          ],
          [
            -77.542014,
            37.5741212
          ]
        ]
      },
      "id": "way/1417902735"
    },
    {
      "type": "Feature",
      "properties": {
        "@id": "way/1417902736",
        "highway": "footway"
      },
      "geometry": {
        "type": "LineString",
        "coordinates": [
          [
            -77.5421065,
            37.5741699
          ],
          [
            -77.5420227,
            37.5741273
          ]
        ]
      },
      "id": "way/1417902736"
    },
    {
      "type": "Feature",
      "properties": {
        "@id": "way/1417902737",
        "footway": "sidewalk",
        "highway": "footway"
      },
      "geometry": {
        "type": "LineString",
        "coordinates": [
          [
            -77.5423967,
            37.5741133
          ],
          [
            -77.5423695,
            37.5741018
          ],
          [
            -77.5423355,
            37.5740886
          ],
          [
            -77.5423138,
            37.5740842
          ],
          [
            -77.5422949,
            37.5740829
          ],
          [
            -77.5422716,
            37.5740837
          ],
          [
            -77.5422404,
            37.5740877
          ],
          [
            -77.5421281,
            37.5741089
          ],
          [
            -77.5420808,
            37.5741172
          ],
          [
            -77.5420227,
            37.5741273
          ],
          [
            -77.542014,
            37.5741212
          ]
        ]
      },
      "id": "way/1417902737"
    },
    {
      "type": "Feature",
      "properties": {
        "@id": "way/1417902738",
        "highway": "footway"
      },
      "geometry": {
        "type": "LineString",
        "coordinates": [
          [
            -77.540998,
            37.5815274
          ],
          [
            -77.5409622,
            37.5815639
          ],
          [
            -77.5409354,
            37.5815923
          ],
          [
            -77.5409196,
            37.5816162
          ],
          [
            -77.5409091,
            37.5816382
          ],
          [
            -77.5409038,
            37.581661
          ],
          [
            -77.540901,
            37.5816799
          ],
          [
            -77.5408912,
            37.5816811
          ]
        ]
      },
      "id": "way/1417902738"
    },
    {
      "type": "Feature",
      "properties": {
        "@id": "way/1417902739",
        "highway": "footway"
      },
      "geometry": {
        "type": "LineString",
        "coordinates": [
          [
            -77.5410306,
            37.581533
          ],
          [
            -77.5410173,
            37.5815745
          ],
          [
            -77.5410154,
            37.5815953
          ],
          [
            -77.5410187,
            37.5816151
          ],
          [
            -77.5410278,
            37.5816397
          ],
          [
            -77.5410584,
            37.5816955
          ],
          [
            -77.541069,
            37.5817156
          ],
          [
            -77.5410843,
            37.5817601
          ],
          [
            -77.5411063,
            37.581824
          ],
          [
            -77.5411144,
            37.5818407
          ],
          [
            -77.5411259,
            37.5818559
          ],
          [
            -77.5411436,
            37.5818722
          ]
        ]
      },
      "id": "way/1417902739"
    },
    {
      "type": "Feature",
      "properties": {
        "@id": "way/1417902740",
        "highway": "footway"
      },
      "geometry": {
        "type": "LineString",
        "coordinates": [
          [
            -77.5411383,
            37.5817495
          ],
          [
            -77.5410843,
            37.5817601
          ],
          [
            -77.5409253,
            37.5817913
          ]
        ]
      },
      "id": "way/1417902740"
    },
    {
      "type": "Feature",
      "properties": {
        "@id": "way/1417902742",
        "footway": "link",
        "highway": "footway",
        "surface": "asphalt"
      },
      "geometry": {
        "type": "LineString",
        "coordinates": [
          [
            -77.5373497,
            37.5816369
          ],
          [
            -77.537365,
            37.5816586
          ]
        ]
      },
      "id": "way/1417902742"
    },
    {
      "type": "Feature",
      "properties": {
        "@id": "way/1417902743",
        "footway": "sidewalk",
        "highway": "footway"
      },
      "geometry": {
        "type": "LineString",
        "coordinates": [
          [
            -77.5345504,
            37.5792778
          ],
          [
            -77.534524,
            37.5793019
          ],
          [
            -77.5345071,
            37.5793141
          ],
          [
            -77.534488,
            37.5793223
          ],
          [
            -77.5344682,
            37.5793259
          ],
          [
            -77.5344355,
            37.5793275
          ],
          [
            -77.5344134,
            37.5793254
          ]
        ]
      },
      "id": "way/1417902743"
    },
    {
      "type": "Feature",
      "properties": {
        "@id": "way/1417902745",
        "crossing": "unmarked",
        "crossing:markings": "no",
        "footway": "crossing",
        "highway": "footway"
      },
      "geometry": {
        "type": "LineString",
        "coordinates": [
          [
            -77.5409253,
            37.5817913
          ],
          [
            -77.5408286,
            37.5818165
          ],
          [
            -77.5407923,
            37.581826
          ]
        ]
      },
      "id": "way/1417902745"
    },
    {
      "type": "Feature",
      "properties": {
        "@id": "way/1417902746",
        "footway": "link",
        "highway": "footway",
        "surface": "asphalt"
      },
      "geometry": {
        "type": "LineString",
        "coordinates": [
          [
            -77.5411821,
            37.5811467
          ],
          [
            -77.5410868,
            37.5810972
          ]
        ]
      },
      "id": "way/1417902746"
    },
    {
      "type": "Feature",
      "properties": {
        "@id": "way/1417902747",
        "footway": "link",
        "highway": "footway",
        "surface": "asphalt"
      },
      "geometry": {
        "type": "LineString",
        "coordinates": [
          [
            -77.5408019,
            37.5812783
          ],
          [
            -77.5408909,
            37.5813228
          ]
        ]
      },
      "id": "way/1417902747"
    },
    {
      "type": "Feature",
      "properties": {
        "@id": "way/1417902748",
        "footway": "link",
        "highway": "footway",
        "surface": "asphalt"
      },
      "geometry": {
        "type": "LineString",
        "coordinates": [
          [
            -77.5409093,
            37.5815121
          ],
          [
            -77.5407977,
            37.5814893
          ]
        ]
      },
      "id": "way/1417902748"
    },
    {
      "type": "Feature",
      "properties": {
        "@id": "way/1417902749",
        "footway": "link",
        "highway": "footway",
        "surface": "asphalt"
      },
      "geometry": {
        "type": "LineString",
        "coordinates": [
          [
            -77.5408912,
            37.5816811
          ],
          [
            -77.5407943,
            37.5816942
          ]
        ]
      },
      "id": "way/1417902749"
    },
    {
      "type": "Feature",
      "properties": {
        "@id": "way/1417902750",
        "footway": "link",
        "highway": "footway",
        "surface": "asphalt"
      },
      "geometry": {
        "type": "LineString",
        "coordinates": [
          [
            -77.5411033,
            37.5820753
          ],
          [
            -77.5409863,
            37.5821093
          ]
        ]
      },
      "id": "way/1417902750"
    },
    {
      "type": "Feature",
      "properties": {
        "@id": "way/1419223457",
        "highway": "footway",
        "layer": "-1"
      },
      "geometry": {
        "type": "LineString",
        "coordinates": [
          [
            -77.5384986,
            37.5788636
          ],
          [
            -77.5385064,
            37.5788785
          ],
          [
            -77.5385225,
            37.5789091
          ]
        ]
      },
      "id": "way/1419223457"
    },
    {
      "type": "Feature",
      "properties": {
        "@id": "way/1419223458",
        "highway": "steps",
        "layer": "-1"
      },
      "geometry": {
        "type": "LineString",
        "coordinates": [
          [
            -77.5384918,
            37.578853
          ],
          [
            -77.5384952,
            37.5788583
          ],
          [
            -77.5384986,
            37.5788636
          ]
        ]
      },
      "id": "way/1419223458"
    },
    {
      "type": "Feature",
      "properties": {
        "@id": "way/1419223459",
        "footway": "link",
        "highway": "footway"
      },
      "geometry": {
        "type": "LineString",
        "coordinates": [
          [
            -77.5409565,
            37.5783352
          ],
          [
            -77.5410015,
            37.5782883
          ]
        ]
      },
      "id": "way/1419223459"
    },
    {
      "type": "Feature",
      "properties": {
        "@id": "way/1419223460",
        "highway": "footway"
      },
      "geometry": {
        "type": "LineString",
        "coordinates": [
          [
            -77.5399638,
            37.5782936
          ],
          [
            -77.539987,
            37.5783009
          ],
          [
            -77.5400678,
            37.578336
          ]
        ]
      },
      "id": "way/1419223460"
    },
    {
      "type": "Feature",
      "properties": {
        "@id": "way/1419223461",
        "highway": "steps",
        "surface": "paved"
      },
      "geometry": {
        "type": "LineString",
        "coordinates": [
          [
            -77.538926,
            37.5789144
          ],
          [
            -77.5389896,
            37.5788919
          ]
        ]
      },
      "id": "way/1419223461"
    },
    {
      "type": "Feature",
      "properties": {
        "@id": "way/1419223462",
        "highway": "footway",
        "surface": "paved"
      },
      "geometry": {
        "type": "LineString",
        "coordinates": [
          [
            -77.538879,
            37.5789311
          ],
          [
            -77.538926,
            37.5789144
          ]
        ]
      },
      "id": "way/1419223462"
    },
    {
      "type": "Feature",
      "properties": {
        "@id": "way/1419223463",
        "highway": "footway"
      },
      "geometry": {
        "type": "LineString",
        "coordinates": [
          [
            -77.5384073,
            37.5789979
          ],
          [
            -77.5384211,
            37.579084
          ]
        ]
      },
      "id": "way/1419223463"
    },
    {
      "type": "Feature",
      "properties": {
        "@id": "way/1419223464",
        "highway": "footway"
      },
      "geometry": {
        "type": "LineString",
        "coordinates": [
          [
            -77.5384924,
            37.578884
          ],
          [
            -77.5385064,
            37.5788785
          ]
        ]
      },
      "id": "way/1419223464"
    },
    {
      "type": "Feature",
      "properties": {
        "@id": "way/1419223465",
        "highway": "footway"
      },
      "geometry": {
        "type": "LineString",
        "coordinates": [
          [
            -77.5383458,
            37.5789423
          ],
          [
            -77.5383888,
            37.5789252
          ]
        ]
      },
      "id": "way/1419223465"
    },
    {
      "type": "Feature",
      "properties": {
        "@id": "way/1419223466",
        "highway": "footway"
      },
      "geometry": {
        "type": "LineString",
        "coordinates": [
          [
            -77.5385101,
            37.5790466
          ],
          [
            -77.5384792,
            37.5789425
          ]
        ]
      },
      "id": "way/1419223466"
    },
    {
      "type": "Feature",
      "properties": {
        "@id": "way/1419223467",
        "highway": "footway",
        "surface": "paved"
      },
      "geometry": {
        "type": "LineString",
        "coordinates": [
          [
            -77.5390867,
            37.5789778
          ],
          [
            -77.5391091,
            37.5790193
          ],
          [
            -77.5391398,
            37.5790672
          ]
        ]
      },
      "id": "way/1419223467"
    },
    {
      "type": "Feature",
      "properties": {
        "@id": "way/1419223468",
        "footway": "access_aisle",
        "highway": "footway",
        "surface": "asphalt"
      },
      "geometry": {
        "type": "LineString",
        "coordinates": [
          [
            -77.5395991,
            37.5792244
          ],
          [
            -77.5395729,
            37.5791736
          ]
        ]
      },
      "id": "way/1419223468"
    },
    {
      "type": "Feature",
      "properties": {
        "@id": "way/1419223469",
        "footway": "link",
        "highway": "footway",
        "surface": "asphalt"
      },
      "geometry": {
        "type": "LineString",
        "coordinates": [
          [
            -77.5396121,
            37.5792497
          ],
          [
            -77.5395991,
            37.5792244
          ]
        ]
      },
      "id": "way/1419223469"
    },
    {
      "type": "Feature",
      "properties": {
        "@id": "way/1419223470",
        "highway": "footway",
        "surface": "asphalt"
      },
      "geometry": {
        "type": "LineString",
        "coordinates": [
          [
            -77.5395729,
            37.5791736
          ],
          [
            -77.539556,
            37.5791407
          ]
        ]
      },
      "id": "way/1419223470"
    },
    {
      "type": "Feature",
      "properties": {
        "@id": "way/1419223471",
        "footway": "link",
        "highway": "footway",
        "surface": "asphalt"
      },
      "geometry": {
        "type": "LineString",
        "coordinates": [
          [
            -77.5399135,
            37.5791504
          ],
          [
            -77.5399059,
            37.5791179
          ]
        ]
      },
      "id": "way/1419223471"
    },
    {
      "type": "Feature",
      "properties": {
        "@id": "way/1419223472",
        "footway": "access_aisle",
        "highway": "footway",
        "surface": "asphalt"
      },
      "geometry": {
        "type": "LineString",
        "coordinates": [
          [
            -77.5399059,
            37.5791179
          ],
          [
            -77.5398771,
            37.5790703
          ]
        ]
      },
      "id": "way/1419223472"
    },
    {
      "type": "Feature",
      "properties": {
        "@id": "way/1419223473",
        "highway": "footway"
      },
      "geometry": {
        "type": "LineString",
        "coordinates": [
          [
            -77.5398074,
            37.5780678
          ],
          [
            -77.5397769,
            37.5780358
          ]
        ]
      },
      "id": "way/1419223473"
    },
    {
      "type": "Feature",
      "properties": {
        "@id": "way/1419223474",
        "highway": "steps"
      },
      "geometry": {
        "type": "LineString",
        "coordinates": [
          [
            -77.5397769,
            37.5780358
          ],
          [
            -77.5397516,
            37.578011
          ]
        ]
      },
      "id": "way/1419223474"
    },
    {
      "type": "Feature",
      "properties": {
        "@id": "way/1419223475",
        "highway": "steps"
      },
      "geometry": {
        "type": "LineString",
        "coordinates": [
          [
            -77.537911,
            37.5766125
          ],
          [
            -77.5378969,
            37.5766027
          ]
        ]
      },
      "id": "way/1419223475"
    },
    {
      "type": "Feature",
      "properties": {
        "@id": "way/1419223476",
        "highway": "footway"
      },
      "geometry": {
        "type": "LineString",
        "coordinates": [
          [
            -77.5378969,
            37.5766027
          ],
          [
            -77.5378845,
            37.5765941
          ]
        ]
      },
      "id": "way/1419223476"
    },
    {
      "type": "Feature",
      "properties": {
        "@id": "way/1419223477",
        "highway": "footway"
      },
      "geometry": {
        "type": "LineString",
        "coordinates": [
          [
            -77.537911,
            37.5766125
          ],
          [
            -77.5379152,
            37.5766154
          ],
          [
            -77.5379226,
            37.5766205
          ],
          [
            -77.5379651,
            37.5766499
          ]
        ]
      },
      "id": "way/1419223477"
    },
    {
      "type": "Feature",
      "properties": {
        "@id": "way/1419223478",
        "highway": "steps"
      },
      "geometry": {
        "type": "LineString",
        "coordinates": [
          [
            -77.536994,
            37.5773358
          ],
          [
            -77.5369211,
            37.577286
          ]
        ]
      },
      "id": "way/1419223478"
    },
    {
      "type": "Feature",
      "properties": {
        "@id": "way/1419223479",
        "highway": "footway"
      },
      "geometry": {
        "type": "LineString",
        "coordinates": [
          [
            -77.5369211,
            37.577286
          ],
          [
            -77.5369028,
            37.5772735
          ]
        ]
      },
      "id": "way/1419223479"
    },
    {
      "type": "Feature",
      "properties": {
        "@id": "way/1419223480",
        "footway": "link",
        "highway": "footway",
        "surface": "asphalt"
      },
      "geometry": {
        "type": "LineString",
        "coordinates": [
          [
            -77.5364123,
            37.5777786
          ],
          [
            -77.5364407,
            37.5777768
          ]
        ]
      },
      "id": "way/1419223480"
    },
    {
      "type": "Feature",
      "properties": {
        "@id": "way/1419223481",
        "highway": "footway"
      },
      "geometry": {
        "type": "LineString",
        "coordinates": [
          [
            -77.5355406,
            37.5787544
          ],
          [
            -77.5355632,
            37.5787687
          ]
        ]
      },
      "id": "way/1419223481"
    },
    {
      "type": "Feature",
      "properties": {
        "@id": "way/1419223482",
        "highway": "steps"
      },
      "geometry": {
        "type": "LineString",
        "coordinates": [
          [
            -77.5355273,
            37.5787452
          ],
          [
            -77.5355406,
            37.5787544
          ]
        ]
      },
      "id": "way/1419223482"
    },
    {
      "type": "Feature",
      "properties": {
        "@id": "way/1419223483",
        "highway": "steps"
      },
      "geometry": {
        "type": "LineString",
        "coordinates": [
          [
            -77.5360358,
            37.579423
          ],
          [
            -77.5360346,
            37.5793973
          ]
        ]
      },
      "id": "way/1419223483"
    },
    {
      "type": "Feature",
      "properties": {
        "@id": "way/1419223484",
        "highway": "footway"
      },
      "geometry": {
        "type": "LineString",
        "coordinates": [
          [
            -77.5360373,
            37.5794556
          ],
          [
            -77.5360358,
            37.579423
          ]
        ]
      },
      "id": "way/1419223484"
    },
    {
      "type": "Feature",
      "properties": {
        "@id": "way/1419223485",
        "highway": "footway"
      },
      "geometry": {
        "type": "LineString",
        "coordinates": [
          [
            -77.5381462,
            37.5796555
          ],
          [
            -77.5381246,
            37.579705
          ],
          [
            -77.5381076,
            37.5797462
          ]
        ]
      },
      "id": "way/1419223485"
    },
    {
      "type": "Feature",
      "properties": {
        "@id": "way/1419223486",
        "highway": "steps"
      },
      "geometry": {
        "type": "LineString",
        "coordinates": [
          [
            -77.539213,
            37.5792037
          ],
          [
            -77.53925,
            37.5792709
          ]
        ]
      },
      "id": "way/1419223486"
    },
    {
      "type": "Feature",
      "properties": {
        "@id": "way/1419223487",
        "footway": "link",
        "highway": "footway"
      },
      "geometry": {
        "type": "LineString",
        "coordinates": [
          [
            -77.5392825,
            37.57933
          ],
          [
            -77.5392981,
            37.5793589
          ]
        ]
      },
      "id": "way/1419223487"
    },
    {
      "type": "Feature",
      "properties": {
        "@id": "way/1419223488",
        "footway": "access_aisle",
        "highway": "footway"
      },
      "geometry": {
        "type": "LineString",
        "coordinates": [
          [
            -77.5392557,
            37.5792814
          ],
          [
            -77.5392825,
            37.57933
          ]
        ]
      },
      "id": "way/1419223488"
    },
    {
      "type": "Feature",
      "properties": {
        "@id": "way/1419223489",
        "highway": "footway",
        "surface": "asphalt"
      },
      "geometry": {
        "type": "LineString",
        "coordinates": [
          [
            -77.539194,
            37.5791692
          ],
          [
            -77.539213,
            37.5792037
          ]
        ]
      },
      "id": "way/1419223489"
    },
    {
      "type": "Feature",
      "properties": {
        "@id": "way/1419223490",
        "highway": "footway"
      },
      "geometry": {
        "type": "LineString",
        "coordinates": [
          [
            -77.53925,
            37.5792709
          ],
          [
            -77.5392557,
            37.5792814
          ]
        ]
      },
      "id": "way/1419223490"
    },
    {
      "type": "Feature",
      "properties": {
        "@id": "way/1420796946",
        "footway": "sidewalk",
        "highway": "footway",
        "surface": "asphalt"
      },
      "geometry": {
        "type": "LineString",
        "coordinates": [
          [
            -77.5399051,
            37.5723516
          ],
          [
            -77.5399169,
            37.5725129
          ],
          [
            -77.5398811,
            37.5725448
          ],
          [
            -77.5398775,
            37.572679
          ],
          [
            -77.539877,
            37.5726967
          ],
          [
            -77.5398764,
            37.5727173
          ],
          [
            -77.5398718,
            37.5727727
          ],
          [
            -77.539869,
            37.5728653
          ]
        ]
      },
      "id": "way/1420796946"
    },
    {
      "type": "Feature",
      "properties": {
        "@id": "way/1420796947",
        "highway": "footway",
        "surface": "asphalt"
      },
      "geometry": {
        "type": "LineString",
        "coordinates": [
          [
            -77.5398718,
            37.5727727
          ],
          [
            -77.5398434,
            37.5727711
          ],
          [
            -77.539822,
            37.5728907
          ],
          [
            -77.539796,
            37.5728894
          ],
          [
            -77.5397934,
            37.5727726
          ],
          [
            -77.5397723,
            37.5727714
          ],
          [
            -77.5397623,
            37.5727708
          ]
        ]
      },
      "id": "way/1420796947"
    },
    {
      "type": "Feature",
      "properties": {
        "@id": "way/1420796948",
        "footway": "sidewalk",
        "highway": "footway",
        "surface": "asphalt"
      },
      "geometry": {
        "type": "LineString",
        "coordinates": [
          [
            -77.5397648,
            37.5728528
          ],
          [
            -77.5397723,
            37.5727714
          ],
          [
            -77.5397792,
            37.572692
          ],
          [
            -77.5397921,
            37.5725415
          ]
        ]
      },
      "id": "way/1420796948"
    },
    {
      "type": "Feature",
      "properties": {
        "@id": "way/1420796949",
        "footway": "link",
        "highway": "footway",
        "surface": "asphalt"
      },
      "geometry": {
        "type": "LineString",
        "coordinates": [
          [
            -77.5402078,
            37.5727638
          ],
          [
            -77.5403094,
            37.5727929
          ]
        ]
      },
      "id": "way/1420796949"
    },
    {
      "type": "Feature",
      "properties": {
        "@id": "way/1420796950",
        "highway": "footway"
      },
      "geometry": {
        "type": "LineString",
        "coordinates": [
          [
            -77.5398856,
            37.5726972
          ],
          [
            -77.539877,
            37.5726967
          ],
          [
            -77.5398168,
            37.5726939
          ]
        ]
      },
      "id": "way/1420796950"
    },
    {
      "type": "Feature",
      "properties": {
        "@id": "way/1420796951",
        "highway": "steps"
      },
      "geometry": {
        "type": "LineString",
        "coordinates": [
          [
            -77.5398168,
            37.5726939
          ],
          [
            -77.5397792,
            37.572692
          ]
        ]
      },
      "id": "way/1420796951"
    },
    {
      "type": "Feature",
      "properties": {
        "@id": "way/1420796952",
        "footway": "link",
        "highway": "footway",
        "surface": "asphalt"
      },
      "geometry": {
        "type": "LineString",
        "coordinates": [
          [
            -77.5397011,
            37.5727671
          ],
          [
            -77.5396516,
            37.5727641
          ]
        ]
      },
      "id": "way/1420796952"
    },
    {
      "type": "Feature",
      "properties": {
        "@id": "way/1420796953",
        "footway": "access_aisle",
        "highway": "footway",
        "surface": "asphalt"
      },
      "geometry": {
        "type": "LineString",
        "coordinates": [
          [
            -77.5397623,
            37.5727708
          ],
          [
            -77.5397011,
            37.5727671
          ]
        ]
      },
      "id": "way/1420796953"
    },
    {
      "type": "Feature",
      "properties": {
        "@id": "way/1420796955",
        "highway": "footway"
      },
      "geometry": {
        "type": "LineString",
        "coordinates": [
          [
            -77.5386362,
            37.572971
          ],
          [
            -77.5386225,
            37.572979
          ],
          [
            -77.5386035,
            37.5729954
          ],
          [
            -77.5384395,
            37.5731991
          ],
          [
            -77.5384162,
            37.5732113
          ],
          [
            -77.5383862,
            37.5732096
          ]
        ]
      },
      "id": "way/1420796955"
    },
    {
      "type": "Feature",
      "properties": {
        "@id": "way/1420796956",
        "footway": "link",
        "highway": "footway",
        "surface": "asphalt"
      },
      "geometry": {
        "type": "LineString",
        "coordinates": [
          [
            -77.5383862,
            37.5732096
          ],
          [
            -77.5382891,
            37.5731849
          ]
        ]
      },
      "id": "way/1420796956"
    },
    {
      "type": "Feature",
      "properties": {
        "@id": "way/1420796957",
        "footway": "access_aisle",
        "highway": "footway",
        "surface": "asphalt"
      },
      "geometry": {
        "type": "LineString",
        "coordinates": [
          [
            -77.5386362,
            37.572971
          ],
          [
            -77.5386987,
            37.572971
          ]
        ]
      },
      "id": "way/1420796957"
    },
    {
      "type": "Feature",
      "properties": {
        "@id": "way/1420796958",
        "footway": "link",
        "highway": "footway",
        "surface": "asphalt"
      },
      "geometry": {
        "type": "LineString",
        "coordinates": [
          [
            -77.5386987,
            37.572971
          ],
          [
            -77.5387497,
            37.5729565
          ]
        ]
      },
      "id": "way/1420796958"
    },
    {
      "type": "Feature",
      "properties": {
        "@id": "way/1420796959",
        "highway": "footway",
        "surface": "asphalt"
      },
      "geometry": {
        "type": "LineString",
        "coordinates": [
          [
            -77.5386035,
            37.5729954
          ],
          [
            -77.5385736,
            37.5729965
          ]
        ]
      },
      "id": "way/1420796959"
    },
    {
      "type": "Feature",
      "properties": {
        "@id": "way/1420796960",
        "highway": "steps"
      },
      "geometry": {
        "type": "LineString",
        "coordinates": [
          [
            -77.5385736,
            37.5729965
          ],
          [
            -77.5384451,
            37.5730058
          ]
        ]
      },
      "id": "way/1420796960"
    },
    {
      "type": "Feature",
      "properties": {
        "@id": "way/1420796961",
        "footway": "link",
        "highway": "footway",
        "surface": "asphalt"
      },
      "geometry": {
        "type": "LineString",
        "coordinates": [
          [
            -77.5384451,
            37.5730058
          ],
          [
            -77.5383529,
            37.572994
          ]
        ]
      },
      "id": "way/1420796961"
    },
    {
      "type": "Feature",
      "properties": {
        "@id": "way/1420796962",
        "highway": "footway",
        "surface": "concrete"
      },
      "geometry": {
        "type": "LineString",
        "coordinates": [
          [
            -77.5409532,
            37.5724197
          ],
          [
            -77.5409476,
            37.5724106
          ],
          [
            -77.5409287,
            37.57238
          ]
        ]
      },
      "id": "way/1420796962"
    },
    {
      "type": "Feature",
      "properties": {
        "@id": "way/1420796963",
        "footway": "access_aisle",
        "highway": "footway",
        "surface": "asphalt"
      },
      "geometry": {
        "type": "LineString",
        "coordinates": [
          [
            -77.5409725,
            37.572451
          ],
          [
            -77.5409978,
            37.5724947
          ]
        ]
      },
      "id": "way/1420796963"
    },
    {
      "type": "Feature",
      "properties": {
        "@id": "way/1420796964",
        "footway": "link",
        "highway": "footway",
        "surface": "asphalt"
      },
      "geometry": {
        "type": "LineString",
        "coordinates": [
          [
            -77.5409978,
            37.5724947
          ],
          [
            -77.5410126,
            37.5725203
          ]
        ]
      },
      "id": "way/1420796964"
    },
    {
      "type": "Feature",
      "properties": {
        "@id": "way/1420796965",
        "highway": "footway",
        "surface": "concrete"
      },
      "geometry": {
        "type": "LineString",
        "coordinates": [
          [
            -77.5409476,
            37.5724106
          ],
          [
            -77.5407793,
            37.5724812
          ],
          [
            -77.5407433,
            37.5724885
          ],
          [
            -77.5406288,
            37.5725039
          ],
          [
            -77.5404581,
            37.5725703
          ],
          [
            -77.5404229,
            37.5725854
          ],
          [
            -77.5403899,
            37.5726087
          ],
          [
            -77.5403648,
            37.5726302
          ],
          [
            -77.5403509,
            37.5726421
          ],
          [
            -77.5403117,
            37.5726732
          ],
          [
            -77.5402651,
            37.5726986
          ],
          [
            -77.5402368,
            37.5727084
          ],
          [
            -77.5402074,
            37.5727105
          ],
          [
            -77.5401718,
            37.5727114
          ],
          [
            -77.5401597,
            37.5727166
          ],
          [
            -77.5401513,
            37.5727242
          ],
          [
            -77.5401393,
            37.5727428
          ]
        ]
      },
      "id": "way/1420796965"
    },
    {
      "type": "Feature",
      "properties": {
        "@id": "way/1420796966",
        "highway": "footway",
        "surface": "concrete"
      },
      "geometry": {
        "type": "LineString",
        "coordinates": [
          [
            -77.540388,
            37.5726511
          ],
          [
            -77.5403788,
            37.5726546
          ],
          [
            -77.5403648,
            37.5726302
          ]
        ]
      },
      "id": "way/1420796966"
    },
    {
      "type": "Feature",
      "properties": {
        "@id": "way/1420796967",
        "highway": "footway",
        "surface": "concrete"
      },
      "geometry": {
        "type": "LineString",
        "coordinates": [
          [
            -77.5404581,
            37.5725703
          ],
          [
            -77.5404853,
            37.5726139
          ],
          [
            -77.5404739,
            37.5726183
          ]
        ]
      },
      "id": "way/1420796967"
    },
    {
      "type": "Feature",
      "properties": {
        "@id": "way/1420796968",
        "highway": "steps",
        "surface": "concrete"
      },
      "geometry": {
        "type": "LineString",
        "coordinates": [
          [
            -77.5404739,
            37.5726183
          ],
          [
            -77.5404412,
            37.5726307
          ]
        ]
      },
      "id": "way/1420796968"
    },
    {
      "type": "Feature",
      "properties": {
        "@id": "way/1420796969",
        "highway": "footway",
        "surface": "concrete"
      },
      "geometry": {
        "type": "LineString",
        "coordinates": [
          [
            -77.5404412,
            37.5726307
          ],
          [
            -77.5404312,
            37.5726346
          ],
          [
            -77.5404199,
            37.5726389
          ]
        ]
      },
      "id": "way/1420796969"
    },
    {
      "type": "Feature",
      "properties": {
        "@id": "way/1420796970",
        "highway": "steps",
        "surface": "concrete"
      },
      "geometry": {
        "type": "LineString",
        "coordinates": [
          [
            -77.5404199,
            37.5726389
          ],
          [
            -77.540388,
            37.5726511
          ]
        ]
      },
      "id": "way/1420796970"
    },
    {
      "type": "Feature",
      "properties": {
        "@id": "way/1420796971",
        "highway": "footway",
        "surface": "concrete"
      },
      "geometry": {
        "type": "LineString",
        "coordinates": [
          [
            -77.5406614,
            37.5725439
          ],
          [
            -77.540652,
            37.5725475
          ],
          [
            -77.5406288,
            37.5725039
          ]
        ]
      },
      "id": "way/1420796971"
    },
    {
      "type": "Feature",
      "properties": {
        "@id": "way/1420796972",
        "footway": "access_aisle",
        "highway": "footway",
        "surface": "asphalt"
      },
      "geometry": {
        "type": "LineString",
        "coordinates": [
          [
            -77.5407332,
            37.5725979
          ],
          [
            -77.5407076,
            37.5725542
          ]
        ]
      },
      "id": "way/1420796972"
    },
    {
      "type": "Feature",
      "properties": {
        "@id": "way/1420796973",
        "footway": "access_aisle",
        "highway": "footway",
        "surface": "asphalt"
      },
      "geometry": {
        "type": "LineString",
        "coordinates": [
          [
            -77.5404696,
            37.5726991
          ],
          [
            -77.5404444,
            37.5726568
          ]
        ]
      },
      "id": "way/1420796973"
    },
    {
      "type": "Feature",
      "properties": {
        "@id": "way/1420796974",
        "highway": "footway",
        "surface": "concrete"
      },
      "geometry": {
        "type": "LineString",
        "coordinates": [
          [
            -77.5407433,
            37.5724885
          ],
          [
            -77.5407482,
            37.5725106
          ],
          [
            -77.5407361,
            37.5725152
          ],
          [
            -77.5407211,
            37.5725209
          ]
        ]
      },
      "id": "way/1420796974"
    },
    {
      "type": "Feature",
      "properties": {
        "@id": "way/1420796975",
        "highway": "steps",
        "surface": "concrete"
      },
      "geometry": {
        "type": "LineString",
        "coordinates": [
          [
            -77.5407211,
            37.5725209
          ],
          [
            -77.5407128,
            37.5725242
          ],
          [
            -77.540704,
            37.5725275
          ]
        ]
      },
      "id": "way/1420796975"
    },
    {
      "type": "Feature",
      "properties": {
        "@id": "way/1420796976",
        "highway": "footway",
        "surface": "concrete"
      },
      "geometry": {
        "type": "LineString",
        "coordinates": [
          [
            -77.540704,
            37.5725275
          ],
          [
            -77.5406941,
            37.5725313
          ],
          [
            -77.5406838,
            37.5725353
          ]
        ]
      },
      "id": "way/1420796976"
    },
    {
      "type": "Feature",
      "properties": {
        "@id": "way/1420796977",
        "highway": "steps",
        "surface": "concrete"
      },
      "geometry": {
        "type": "LineString",
        "coordinates": [
          [
            -77.5406838,
            37.5725353
          ],
          [
            -77.5406614,
            37.5725439
          ]
        ]
      },
      "id": "way/1420796977"
    },
    {
      "type": "Feature",
      "properties": {
        "@id": "way/1420796978",
        "highway": "footway",
        "surface": "concrete"
      },
      "geometry": {
        "type": "LineString",
        "coordinates": [
          [
            -77.5409725,
            37.572451
          ],
          [
            -77.5409615,
            37.5724332
          ]
        ]
      },
      "id": "way/1420796978"
    },
    {
      "type": "Feature",
      "properties": {
        "@id": "way/1420796979",
        "highway": "steps",
        "surface": "concrete"
      },
      "geometry": {
        "type": "LineString",
        "coordinates": [
          [
            -77.5409615,
            37.5724332
          ],
          [
            -77.5409532,
            37.5724197
          ]
        ]
      },
      "id": "way/1420796979"
    },
    {
      "type": "Feature",
      "properties": {
        "@id": "way/1420796980",
        "highway": "footway",
        "surface": "concrete"
      },
      "geometry": {
        "type": "LineString",
        "coordinates": [
          [
            -77.5407076,
            37.5725542
          ],
          [
            -77.5406941,
            37.5725313
          ]
        ]
      },
      "id": "way/1420796980"
    },
    {
      "type": "Feature",
      "properties": {
        "@id": "way/1420796981",
        "footway": "link",
        "highway": "footway",
        "surface": "asphalt"
      },
      "geometry": {
        "type": "LineString",
        "coordinates": [
          [
            -77.5407466,
            37.5726207
          ],
          [
            -77.5407332,
            37.5725979
          ]
        ]
      },
      "id": "way/1420796981"
    },
    {
      "type": "Feature",
      "properties": {
        "@id": "way/1420796982",
        "footway": "link",
        "highway": "footway",
        "surface": "asphalt"
      },
      "geometry": {
        "type": "LineString",
        "coordinates": [
          [
            -77.5404823,
            37.5727205
          ],
          [
            -77.5404696,
            37.5726991
          ]
        ]
      },
      "id": "way/1420796982"
    },
    {
      "type": "Feature",
      "properties": {
        "@id": "way/1420796983",
        "highway": "footway"
      },
      "geometry": {
        "type": "LineString",
        "coordinates": [
          [
            -77.5404444,
            37.5726568
          ],
          [
            -77.5404312,
            37.5726346
          ]
        ]
      },
      "id": "way/1420796983"
    },
    {
      "type": "Feature",
      "properties": {
        "@id": "way/1420796984",
        "footway": "link",
        "highway": "footway",
        "surface": "asphalt"
      },
      "geometry": {
        "type": "LineString",
        "coordinates": [
          [
            -77.5419505,
            37.5739154
          ],
          [
            -77.5419249,
            37.5738645
          ]
        ]
      },
      "id": "way/1420796984"
    },
    {
      "type": "Feature",
      "properties": {
        "@id": "way/1420796985",
        "footway": "access_aisle",
        "highway": "footway",
        "surface": "asphalt"
      },
      "geometry": {
        "type": "LineString",
        "coordinates": [
          [
            -77.5419343,
            37.5739635
          ],
          [
            -77.5419505,
            37.5739154
          ]
        ]
      },
      "id": "way/1420796985"
    },
    {
      "type": "Feature",
      "properties": {
        "@id": "way/1423808696",
        "highway": "footway",
        "layer": "-1"
      },
      "geometry": {
        "type": "LineString",
        "coordinates": [
          [
            -77.5384774,
            37.5788317
          ],
          [
            -77.5384918,
            37.578853
          ]
        ]
      },
      "id": "way/1423808696"
    },
    {
      "type": "Feature",
      "properties": {
        "@id": "way/1423808697",
        "highway": "footway",
        "tunnel": "building_passage"
      },
      "geometry": {
        "type": "LineString",
        "coordinates": [
          [
            -77.538447,
            37.5787857
          ],
          [
            -77.5384774,
            37.5788317
          ]
        ]
      },
      "id": "way/1423808697"
    },
    {
      "type": "Feature",
      "properties": {
        "@id": "way/1423808698",
        "highway": "footway"
      },
      "geometry": {
        "type": "LineString",
        "coordinates": [
          [
            -77.5387125,
            37.5790927
          ],
          [
            -77.5387539,
            37.5790748
          ],
          [
            -77.5387077,
            37.5790063
          ],
          [
            -77.5387064,
            37.5789907
          ]
        ]
      },
      "id": "way/1423808698"
    },
    {
      "type": "Feature",
      "properties": {
        "@id": "way/1423808699",
        "highway": "footway",
        "surface": "paved"
      },
      "geometry": {
        "type": "LineString",
        "coordinates": [
          [
            -77.5389896,
            37.5788919
          ],
          [
            -77.5390197,
            37.5788812
          ],
          [
            -77.5390652,
            37.5788607
          ]
        ]
      },
      "id": "way/1423808699"
    },
    {
      "type": "Feature",
      "properties": {
        "@id": "way/1423808700",
        "highway": "footway"
      },
      "geometry": {
        "type": "LineString",
        "coordinates": [
          [
            -77.5392073,
            37.5787961
          ],
          [
            -77.5392769,
            37.5788923
          ]
        ]
      },
      "id": "way/1423808700"
    },
    {
      "type": "Feature",
      "properties": {
        "@id": "way/1423808701",
        "highway": "footway"
      },
      "geometry": {
        "type": "LineString",
        "coordinates": [
          [
            -77.5404869,
            37.5787965
          ],
          [
            -77.5404518,
            37.5787434
          ]
        ]
      },
      "id": "way/1423808701"
    },
    {
      "type": "Feature",
      "properties": {
        "@id": "way/1423808702",
        "highway": "footway"
      },
      "geometry": {
        "type": "LineString",
        "coordinates": [
          [
            -77.5403612,
            37.5786143
          ],
          [
            -77.5403482,
            37.578595
          ]
        ]
      },
      "id": "way/1423808702"
    },
    {
      "type": "Feature",
      "properties": {
        "@id": "way/1423808703",
        "highway": "footway",
        "tunnel": "building_passage"
      },
      "geometry": {
        "type": "LineString",
        "coordinates": [
          [
            -77.5389239,
            37.5783688
          ],
          [
            -77.5388485,
            37.5782641
          ]
        ]
      },
      "id": "way/1423808703"
    },
    {
      "type": "Feature",
      "properties": {
        "@id": "way/1423810979",
        "highway": "service"
      },
      "geometry": {
        "type": "LineString",
        "coordinates": [
          [
            -77.5365289,
            37.5788573
          ],
          [
            -77.5366339,
            37.5789432
          ]
        ]
      },
      "id": "way/1423810979"
    },
    {
      "type": "Feature",
      "properties": {
        "@id": "way/1423810983",
        "highway": "footway"
      },
      "geometry": {
        "type": "LineString",
        "coordinates": [
          [
            -77.5370033,
            37.5789182
          ],
          [
            -77.5369557,
            37.5789312
          ],
          [
            -77.536897,
            37.578948
          ],
          [
            -77.5368617,
            37.5789544
          ],
          [
            -77.5368253,
            37.57896
          ],
          [
            -77.536796,
            37.5789712
          ],
          [
            -77.5367786,
            37.5789859
          ],
          [
            -77.536765,
            37.5790039
          ],
          [
            -77.536758,
            37.579022
          ],
          [
            -77.5367591,
            37.5790414
          ],
          [
            -77.536765,
            37.5790659
          ],
          [
            -77.5367846,
            37.5790995
          ],
          [
            -77.5367949,
            37.5791135
          ]
        ]
      },
      "id": "way/1423810983"
    },
    {
      "type": "Feature",
      "properties": {
        "@id": "way/1423810988",
        "footway": "access_aisle",
        "highway": "footway"
      },
      "geometry": {
        "type": "LineString",
        "coordinates": [
          [
            -77.5351269,
            37.5781395
          ],
          [
            -77.535088,
            37.5780942
          ]
        ]
      },
      "id": "way/1423810988"
    },
    {
      "type": "Feature",
      "properties": {
        "@id": "way/1423810989",
        "footway": "link",
        "highway": "footway"
      },
      "geometry": {
        "type": "LineString",
        "coordinates": [
          [
            -77.535088,
            37.5780942
          ],
          [
            -77.5350599,
            37.5780614
          ]
        ]
      },
      "id": "way/1423810989"
    },
    {
      "type": "Feature",
      "properties": {
        "@id": "way/1423814212",
        "highway": "service",
        "oneway": "yes"
      },
      "geometry": {
        "type": "LineString",
        "coordinates": [
          [
            -77.5438409,
            37.5746273
          ],
          [
            -77.5438032,
            37.5745775
          ],
          [
            -77.5437733,
            37.5745489
          ],
          [
            -77.5437361,
            37.574528
          ],
          [
            -77.5437085,
            37.5745224
          ],
          [
            -77.5436816,
            37.5745265
          ],
          [
            -77.543657,
            37.574539
          ],
          [
            -77.54361,
            37.5745767
          ],
          [
            -77.543569,
            37.5746176
          ]
        ]
      },
      "id": "way/1423814212"
    },
    {
      "type": "Feature",
      "properties": {
        "@id": "way/1423814216",
        "highway": "footway",
        "incline": "up"
      },
      "geometry": {
        "type": "LineString",
        "coordinates": [
          [
            -77.5422803,
            37.5749368
          ],
          [
            -77.5422056,
            37.5750277
          ]
        ]
      },
      "id": "way/1423814216"
    },
    {
      "type": "Feature",
      "properties": {
        "@id": "way/1423814217",
        "crossing": "uncontrolled",
        "crossing:markings": "yes",
        "footway": "crossing",
        "highway": "footway"
      },
      "geometry": {
        "type": "LineString",
        "coordinates": [
          [
            -77.5423553,
            37.5748841
          ],
          [
            -77.5423221,
            37.5749074
          ],
          [
            -77.5422862,
            37.5749327
          ]
        ]
      },
      "id": "way/1423814217"
    },
    {
      "type": "Feature",
      "properties": {
        "@id": "way/1423814218",
        "footway": "sidewalk",
        "highway": "footway"
      },
      "geometry": {
        "type": "LineString",
        "coordinates": [
          [
            -77.5422862,
            37.5749327
          ],
          [
            -77.5422803,
            37.5749368
          ]
        ]
      },
      "id": "way/1423814218"
    },
    {
      "type": "Feature",
      "properties": {
        "@id": "way/1423814219",
        "footway": "sidewalk",
        "highway": "footway"
      },
      "geometry": {
        "type": "LineString",
        "coordinates": [
          [
            -77.5423625,
            37.574879
          ],
          [
            -77.5423553,
            37.5748841
          ]
        ]
      },
      "id": "way/1423814219"
    },
    {
      "type": "Feature",
      "properties": {
        "@id": "way/1423814221",
        "highway": "footway"
      },
      "geometry": {
        "type": "LineString",
        "coordinates": [
          [
            -77.5425988,
            37.5760031
          ],
          [
            -77.5426478,
            37.5759364
          ]
        ]
      },
      "id": "way/1423814221"
    },
    {
      "type": "Feature",
      "properties": {
        "@id": "way/1424043065",
        "crossing": "unmarked",
        "crossing:markings": "no",
        "footway": "crossing",
        "highway": "footway"
      },
      "geometry": {
        "type": "LineString",
        "coordinates": [
          [
            -77.5396344,
            37.5729073
          ],
          [
            -77.539614,
            37.5729402
          ]
        ]
      },
      "id": "way/1424043065"
    },
    {
      "type": "Feature",
      "properties": {
        "@id": "way/1424043066",
        "footway": "sidewalk",
        "highway": "footway",
        "surface": "asphalt"
      },
      "geometry": {
        "type": "LineString",
        "coordinates": [
          [
            -77.539614,
            37.5729402
          ],
          [
            -77.5396102,
            37.5729463
          ],
          [
            -77.5396339,
            37.5729543
          ],
          [
            -77.5396568,
            37.5729675
          ],
          [
            -77.5396781,
            37.5729774
          ],
          [
            -77.5397002,
            37.5729838
          ],
          [
            -77.5397226,
            37.5729875
          ],
          [
            -77.539759,
            37.5729906
          ],
          [
            -77.5398326,
            37.572997
          ],
          [
            -77.5398465,
            37.5730016
          ],
          [
            -77.5398578,
            37.5730108
          ],
          [
            -77.5398651,
            37.5730206
          ],
          [
            -77.539866,
            37.5730338
          ],
          [
            -77.5398327,
            37.5731702
          ],
          [
            -77.5398172,
            37.5732194
          ],
          [
            -77.5398251,
            37.5732223
          ]
        ]
      },
      "id": "way/1424043066"
    },
    {
      "type": "Feature",
      "properties": {
        "@id": "way/1424043067",
        "footway": "sidewalk",
        "highway": "footway"
      },
      "geometry": {
        "type": "LineString",
        "coordinates": [
          [
            -77.5397257,
            37.5714765
          ],
          [
            -77.5397147,
            37.5714805
          ],
          [
            -77.5397067,
            37.5714835
          ]
        ]
      },
      "id": "way/1424043067"
    },
    {
      "type": "Feature",
      "properties": {
        "@id": "way/1424043068",
        "footway": "sidewalk",
        "highway": "footway"
      },
      "geometry": {
        "type": "LineString",
        "coordinates": [
          [
            -77.5397317,
            37.5714743
          ],
          [
            -77.5397257,
            37.5714765
          ]
        ]
      },
      "id": "way/1424043068"
    },
    {
      "type": "Feature",
      "properties": {
        "@id": "way/1424043069",
        "crossing": "uncontrolled",
        "crossing:markings": "yes",
        "footway": "crossing",
        "highway": "footway"
      },
      "geometry": {
        "type": "LineString",
        "coordinates": [
          [
            -77.5397067,
            37.5714835
          ],
          [
            -77.5396687,
            37.571498
          ],
          [
            -77.5396306,
            37.5715126
          ]
        ]
      },
      "id": "way/1424043069"
    },
    {
      "type": "Feature",
      "properties": {
        "@id": "way/1424043070",
        "highway": "footway",
        "surface": "concrete"
      },
      "geometry": {
        "type": "LineString",
        "coordinates": [
          [
            -77.5396306,
            37.5715126
          ],
          [
            -77.5396041,
            37.5715165
          ]
        ]
      },
      "id": "way/1424043070"
    },
    {
      "type": "Feature",
      "properties": {
        "@id": "way/1424043071",
        "highway": "footway",
        "surface": "asphalt"
      },
      "geometry": {
        "type": "LineString",
        "coordinates": [
          [
            -77.5396041,
            37.5715165
          ],
          [
            -77.5395205,
            37.5715205
          ],
          [
            -77.539473,
            37.5715227
          ]
        ]
      },
      "id": "way/1424043071"
    },
    {
      "type": "Feature",
      "properties": {
        "@id": "way/1424043072",
        "footway": "sidewalk",
        "highway": "footway",
        "surface": "concrete"
      },
      "geometry": {
        "type": "LineString",
        "coordinates": [
          [
            -77.5396057,
            37.5712898
          ],
          [
            -77.5395868,
            37.5712867
          ]
        ]
      },
      "id": "way/1424043072"
    },
    {
      "type": "Feature",
      "properties": {
        "@id": "way/1424043073",
        "footway": "sidewalk",
        "highway": "footway",
        "surface": "asphalt"
      },
      "geometry": {
        "type": "LineString",
        "coordinates": [
          [
            -77.5396143,
            37.5712912
          ],
          [
            -77.5396057,
            37.5712898
          ]
        ]
      },
      "id": "way/1424043073"
    },
    {
      "type": "Feature",
      "properties": {
        "@id": "way/1424043074",
        "highway": "footway",
        "surface": "asphalt"
      },
      "geometry": {
        "type": "LineString",
        "coordinates": [
          [
            -77.5394733,
            37.5718919
          ],
          [
            -77.5394742,
            37.5719149
          ],
          [
            -77.5394626,
            37.5719418
          ],
          [
            -77.5394472,
            37.571969
          ]
        ]
      },
      "id": "way/1424043074"
    },
    {
      "type": "Feature",
      "properties": {
        "@id": "way/1424043075",
        "highway": "footway",
        "surface": "concrete"
      },
      "geometry": {
        "type": "LineString",
        "coordinates": [
          [
            -77.5387072,
            37.5712235
          ],
          [
            -77.5387235,
            37.5712252
          ],
          [
            -77.5387058,
            37.5713366
          ],
          [
            -77.5387807,
            37.5713436
          ]
        ]
      },
      "id": "way/1424043075"
    },
    {
      "type": "Feature",
      "properties": {
        "@id": "way/1424043079",
        "footway": "link",
        "highway": "footway",
        "surface": "asphalt"
      },
      "geometry": {
        "type": "LineString",
        "coordinates": [
          [
            -77.544799,
            37.5735679
          ],
          [
            -77.5448274,
            37.573545
          ]
        ]
      },
      "id": "way/1424043079"
    },
    {
      "type": "Feature",
      "properties": {
        "@id": "way/1424043080",
        "crossing": "unmarked",
        "crossing:markings": "no",
        "footway": "crossing",
        "highway": "footway"
      },
      "geometry": {
        "type": "LineString",
        "coordinates": [
          [
            -77.5451772,
            37.5741077
          ],
          [
            -77.5452245,
            37.5740987
          ]
        ]
      },
      "id": "way/1424043080"
    },
    {
      "type": "Feature",
      "properties": {
        "@id": "way/1424043081",
        "highway": "footway",
        "surface": "paving_stones"
      },
      "geometry": {
        "type": "LineString",
        "coordinates": [
          [
            -77.546166,
            37.574316
          ],
          [
            -77.5459422,
            37.574307
          ],
          [
            -77.5458073,
            37.5743017
          ],
          [
            -77.5457954,
            37.5743012
          ]
        ]
      },
      "id": "way/1424043081"
    },
    {
      "type": "Feature",
      "properties": {
        "@id": "way/1424043082",
        "footway": "access_aisle",
        "highway": "footway",
        "surface": "asphalt"
      },
      "geometry": {
        "type": "LineString",
        "coordinates": [
          [
            -77.545593,
            37.5742921
          ],
          [
            -77.5455259,
            37.574295
          ]
        ]
      },
      "id": "way/1424043082"
    },
    {
      "type": "Feature",
      "properties": {
        "@id": "way/1424043083",
        "crossing": "uncontrolled",
        "crossing:markings": "yes",
        "footway": "crossing",
        "highway": "footway"
      },
      "geometry": {
        "type": "LineString",
        "coordinates": [
          [
            -77.5457954,
            37.5743012
          ],
          [
            -77.5456986,
            37.5742964
          ],
          [
            -77.5456606,
            37.5742946
          ]
        ]
      },
      "id": "way/1424043083"
    },
    {
      "type": "Feature",
      "properties": {
        "@id": "way/1424043084",
        "highway": "footway"
      },
      "geometry": {
        "type": "LineString",
        "coordinates": [
          [
            -77.5456606,
            37.5742946
          ],
          [
            -77.545625,
            37.5742928
          ],
          [
            -77.545593,
            37.5742921
          ]
        ]
      },
      "id": "way/1424043084"
    },
    {
      "type": "Feature",
      "properties": {
        "@id": "way/1424043085",
        "footway": "link",
        "highway": "footway",
        "surface": "asphalt"
      },
      "geometry": {
        "type": "LineString",
        "coordinates": [
          [
            -77.5455259,
            37.574295
          ],
          [
            -77.5454665,
            37.5742976
          ]
        ]
      },
      "id": "way/1424043085"
    },
    {
      "type": "Feature",
      "properties": {
        "@id": "way/1424043096",
        "highway": "service"
      },
      "geometry": {
        "type": "LineString",
        "coordinates": [
          [
            -77.542436,
            37.5732971
          ],
          [
            -77.5424033,
            37.5733381
          ]
        ]
      },
      "id": "way/1424043096"
    },
    {
      "type": "Feature",
      "properties": {
        "@id": "way/1424043097",
        "footway": "link",
        "highway": "footway",
        "surface": "asphalt"
      },
      "geometry": {
        "type": "LineString",
        "coordinates": [
          [
            -77.5442607,
            37.5732759
          ],
          [
            -77.544211,
            37.5733118
          ]
        ]
      },
      "id": "way/1424043097"
    },
    {
      "type": "Feature",
      "properties": {
        "@id": "way/1424043098",
        "footway": "link",
        "highway": "footway",
        "surface": "asphalt"
      },
      "geometry": {
        "type": "LineString",
        "coordinates": [
          [
            -77.5435417,
            37.5733664
          ],
          [
            -77.5435018,
            37.5733476
          ]
        ]
      },
      "id": "way/1424043098"
    },
    {
      "type": "Feature",
      "properties": {
        "@id": "way/1424043099",
        "highway": "service"
      },
      "geometry": {
        "type": "LineString",
        "coordinates": [
          [
            -77.5431558,
            37.5738876
          ],
          [
            -77.543211,
            37.5738203
          ],
          [
            -77.5432337,
            37.5737666
          ],
          [
            -77.543242,
            37.5737117
          ],
          [
            -77.5432327,
            37.5736507
          ],
          [
            -77.5432089,
            37.5735889
          ],
          [
            -77.5431832,
            37.573548
          ]
        ]
      },
      "id": "way/1424043099"
    },
    {
      "type": "Feature",
      "properties": {
        "@id": "way/1424043101",
        "footway": "link",
        "highway": "footway",
        "surface": "asphalt"
      },
      "geometry": {
        "type": "LineString",
        "coordinates": [
          [
            -77.5430815,
            37.5735457
          ],
          [
            -77.5430475,
            37.5735841
          ]
        ]
      },
      "id": "way/1424043101"
    },
    {
      "type": "Feature",
      "properties": {
        "@id": "way/1424045244",
        "footway": "sidewalk",
        "highway": "footway"
      },
      "geometry": {
        "type": "LineString",
        "coordinates": [
          [
            -77.543235,
            37.5744535
          ],
          [
            -77.543207,
            37.5744383
          ],
          [
            -77.5431782,
            37.5744228
          ]
        ]
      },
      "id": "way/1424045244"
    },
    {
      "type": "Feature",
      "properties": {
        "@id": "way/1424045245",
        "footway": "sidewalk",
        "highway": "footway"
      },
      "geometry": {
        "type": "LineString",
        "coordinates": [
          [
            -77.5432022,
            37.574444
          ],
          [
            -77.543207,
            37.5744383
          ],
          [
            -77.5432181,
            37.5744253
          ]
        ]
      },
      "id": "way/1424045245"
    },
    {
      "type": "Feature",
      "properties": {
        "@id": "way/1424045246",
        "highway": "steps",
        "incline": "up"
      },
      "geometry": {
        "type": "LineString",
        "coordinates": [
          [
            -77.5432181,
            37.5744253
          ],
          [
            -77.5432441,
            37.5743947
          ]
        ]
      },
      "id": "way/1424045246"
    },
    {
      "type": "Feature",
      "properties": {
        "@id": "way/1424045247",
        "footway": "sidewalk",
        "highway": "footway"
      },
      "geometry": {
        "type": "LineString",
        "coordinates": [
          [
            -77.543235,
            37.5744535
          ],
          [
            -77.5433875,
            37.5745332
          ],
          [
            -77.5434102,
            37.5745448
          ],
          [
            -77.5434323,
            37.574554
          ],
          [
            -77.5434487,
            37.5745599
          ]
        ]
      },
      "id": "way/1424045247"
    },
    {
      "type": "Feature",
      "properties": {
        "@id": "way/1424045248",
        "footway": "sidewalk",
        "highway": "footway"
      },
      "geometry": {
        "type": "LineString",
        "coordinates": [
          [
            -77.5434487,
            37.5745599
          ],
          [
            -77.5434681,
            37.5745648
          ],
          [
            -77.5434732,
            37.5745661
          ]
        ]
      },
      "id": "way/1424045248"
    },
    {
      "type": "Feature",
      "properties": {
        "@id": "way/1424045249",
        "footway": "sidewalk",
        "highway": "footway"
      },
      "geometry": {
        "type": "LineString",
        "coordinates": [
          [
            -77.5434732,
            37.5745661
          ],
          [
            -77.5434911,
            37.5745675
          ],
          [
            -77.5435093,
            37.5745672
          ],
          [
            -77.5435263,
            37.5745649
          ],
          [
            -77.5435412,
            37.5745606
          ],
          [
            -77.5435555,
            37.5745559
          ],
          [
            -77.5435716,
            37.5745481
          ],
          [
            -77.5436424,
            37.5745024
          ]
        ]
      },
      "id": "way/1424045249"
    },
    {
      "type": "Feature",
      "properties": {
        "@id": "way/1424045250",
        "highway": "footway"
      },
      "geometry": {
        "type": "LineString",
        "coordinates": [
          [
            -77.5436424,
            37.5745024
          ],
          [
            -77.5436519,
            37.5744946
          ],
          [
            -77.5436176,
            37.5744767
          ]
        ]
      },
      "id": "way/1424045250"
    },
    {
      "type": "Feature",
      "properties": {
        "@id": "way/1424045251",
        "highway": "steps"
      },
      "geometry": {
        "type": "LineString",
        "coordinates": [
          [
            -77.5436176,
            37.5744767
          ],
          [
            -77.5435787,
            37.5744578
          ]
        ]
      },
      "id": "way/1424045251"
    },
    {
      "type": "Feature",
      "properties": {
        "@id": "way/1424045252",
        "footway": "sidewalk",
        "highway": "footway",
        "surface": "asphalt"
      },
      "geometry": {
        "type": "LineString",
        "coordinates": [
          [
            -77.5431782,
            37.5744228
          ],
          [
            -77.5427491,
            37.5741933
          ]
        ]
      },
      "id": "way/1424045252"
    },
    {
      "type": "Feature",
      "properties": {
        "@id": "way/1424045253",
        "footway": "sidewalk",
        "highway": "footway",
        "surface": "asphalt"
      },
      "geometry": {
        "type": "LineString",
        "coordinates": [
          [
            -77.5424433,
            37.5740656
          ],
          [
            -77.5424048,
            37.5740442
          ],
          [
            -77.5423726,
            37.5740234
          ],
          [
            -77.5423379,
            37.5740103
          ],
          [
            -77.5423013,
            37.5740032
          ],
          [
            -77.542259,
            37.5740026
          ],
          [
            -77.5420307,
            37.5740475
          ],
          [
            -77.5419703,
            37.5740591
          ],
          [
            -77.5416501,
            37.5741203
          ],
          [
            -77.5416058,
            37.5741287
          ],
          [
            -77.5415893,
            37.5741282
          ],
          [
            -77.5415674,
            37.5741225
          ],
          [
            -77.5415488,
            37.5741145
          ],
          [
            -77.5415355,
            37.5741055
          ],
          [
            -77.5415248,
            37.5740924
          ],
          [
            -77.5414917,
            37.5740295
          ],
          [
            -77.5414266,
            37.5739319
          ]
        ]
      },
      "id": "way/1424045253"
    },
    {
      "type": "Feature",
      "properties": {
        "@id": "way/1424045254",
        "access": "yes",
        "footway": "sidewalk",
        "handrail": "yes",
        "highway": "footway",
        "surface": "paved"
      },
      "geometry": {
        "type": "LineString",
        "coordinates": [
          [
            -77.5419703,
            37.5740591
          ],
          [
            -77.5419735,
            37.5740654
          ]
        ]
      },
      "id": "way/1424045254"
    },
    {
      "type": "Feature",
      "properties": {
        "@id": "way/1424045255",
        "footway": "sidewalk",
        "highway": "footway"
      },
      "geometry": {
        "type": "LineString",
        "coordinates": [
          [
            -77.5414266,
            37.5739319
          ],
          [
            -77.54141,
            37.5739061
          ]
        ]
      },
      "id": "way/1424045255"
    },
    {
      "type": "Feature",
      "properties": {
        "@id": "way/1424045256",
        "crossing": "unmarked",
        "crossing:markings": "no",
        "footway": "crossing",
        "highway": "footway"
      },
      "geometry": {
        "type": "LineString",
        "coordinates": [
          [
            -77.54141,
            37.5739061
          ],
          [
            -77.5413785,
            37.5738755
          ],
          [
            -77.5413539,
            37.5738517
          ]
        ]
      },
      "id": "way/1424045256"
    },
    {
      "type": "Feature",
      "properties": {
        "@id": "way/1424045257",
        "footway": "sidewalk",
        "highway": "footway"
      },
      "geometry": {
        "type": "LineString",
        "coordinates": [
          [
            -77.5413539,
            37.5738517
          ],
          [
            -77.5412474,
            37.5737556
          ]
        ]
      },
      "id": "way/1424045257"
    },
    {
      "type": "Feature",
      "properties": {
        "@id": "way/1424045258",
        "footway": "sidewalk",
        "highway": "footway",
        "surface": "concrete"
      },
      "geometry": {
        "type": "LineString",
        "coordinates": [
          [
            -77.5422444,
            37.5714405
          ],
          [
            -77.5420032,
            37.5718501
          ],
          [
            -77.5419546,
            37.571941
          ],
          [
            -77.5419441,
            37.5719735
          ],
          [
            -77.5418647,
            37.5723222
          ],
          [
            -77.5417869,
            37.5724209
          ],
          [
            -77.5417761,
            37.5724346
          ]
        ]
      },
      "id": "way/1424045258"
    },
    {
      "type": "Feature",
      "properties": {
        "@id": "way/1424045259",
        "crossing": "uncontrolled",
        "crossing:markings": "yes",
        "footway": "crossing",
        "highway": "footway",
        "surface": "asphalt"
      },
      "geometry": {
        "type": "LineString",
        "coordinates": [
          [
            -77.5417761,
            37.5724346
          ],
          [
            -77.5417816,
            37.5724755
          ],
          [
            -77.5417873,
            37.5725175
          ]
        ]
      },
      "id": "way/1424045259"
    },
    {
      "type": "Feature",
      "properties": {
        "@id": "way/1424045260",
        "footway": "sidewalk",
        "highway": "footway"
      },
      "geometry": {
        "type": "LineString",
        "coordinates": [
          [
            -77.542457,
            37.5715157
          ],
          [
            -77.5421852,
            37.5719779
          ]
        ]
      },
      "id": "way/1424045260"
    },
    {
      "type": "Feature",
      "properties": {
        "@id": "way/1424045261",
        "footway": "access_aisle",
        "highway": "footway"
      },
      "geometry": {
        "type": "LineString",
        "coordinates": [
          [
            -77.542457,
            37.5715157
          ],
          [
            -77.5424815,
            37.5714737
          ]
        ]
      },
      "id": "way/1424045261"
    },
    {
      "type": "Feature",
      "properties": {
        "@id": "way/1424045262",
        "footway": "link",
        "highway": "footway"
      },
      "geometry": {
        "type": "LineString",
        "coordinates": [
          [
            -77.5424815,
            37.5714737
          ],
          [
            -77.5425017,
            37.5714391
          ]
        ]
      },
      "id": "way/1424045262"
    },
    {
      "type": "Feature",
      "properties": {
        "@id": "way/1424045263",
        "footway": "sidewalk",
        "highway": "footway"
      },
      "geometry": {
        "type": "LineString",
        "coordinates": [
          [
            -77.5426868,
            37.5714075
          ],
          [
            -77.5421797,
            37.5712183
          ]
        ]
      },
      "id": "way/1424045263"
    },
    {
      "type": "Feature",
      "properties": {
        "@id": "way/1424053471",
        "highway": "footway",
        "surface": "asphalt"
      },
      "geometry": {
        "type": "LineString",
        "coordinates": [
          [
            -77.5423421,
            37.5782603
          ],
          [
            -77.5422232,
            37.5782104
          ]
        ]
      },
      "id": "way/1424053471"
    },
    {
      "type": "Feature",
      "properties": {
        "@id": "way/1424053472",
        "footway": "link",
        "highway": "footway"
      },
      "geometry": {
        "type": "LineString",
        "coordinates": [
          [
            -77.5455641,
            37.5755035
          ],
          [
            -77.5455763,
            37.5754686
          ]
        ]
      },
      "id": "way/1424053472"
    },
    {
      "type": "Feature",
      "properties": {
        "@id": "way/1424053473",
        "footway": "sidewalk",
        "highway": "footway"
      },
      "geometry": {
        "type": "LineString",
        "coordinates": [
          [
            -77.5455576,
            37.5750574
          ],
          [
            -77.5454779,
            37.575027
          ]
        ]
      },
      "id": "way/1424053473"
    },
    {
      "type": "Feature",
      "properties": {
        "@id": "way/1424053474",
        "crossing": "unmarked",
        "crossing:markings": "no",
        "footway": "crossing",
        "highway": "footway"
      },
      "geometry": {
        "type": "LineString",
        "coordinates": [
          [
            -77.5456258,
            37.5750802
          ],
          [
            -77.5455923,
            37.575069
          ],
          [
            -77.5455576,
            37.5750574
          ]
        ]
      },
      "id": "way/1424053474"
    },
    {
      "type": "Feature",
      "properties": {
        "@id": "way/1424053475",
        "highway": "footway",
        "surface": "concrete"
      },
      "geometry": {
        "type": "LineString",
        "coordinates": [
          [
            -77.5445054,
            37.5752402
          ],
          [
            -77.5444024,
            37.575246
          ]
        ]
      },
      "id": "way/1424053475"
    },
    {
      "type": "Feature",
      "properties": {
        "@id": "way/1424053476",
        "crossing": "uncontrolled",
        "crossing:markings": "yes",
        "footway": "crossing",
        "highway": "footway"
      },
      "geometry": {
        "type": "LineString",
        "coordinates": [
          [
            -77.5445054,
            37.5752402
          ],
          [
            -77.5445183,
            37.5752391
          ],
          [
            -77.5445027,
            37.5751692
          ],
          [
            -77.5445013,
            37.5751342
          ]
        ]
      },
      "id": "way/1424053476"
    },
    {
      "type": "Feature",
      "properties": {
        "@id": "way/1424053477",
        "footway": "sidewalk",
        "highway": "footway"
      },
      "geometry": {
        "type": "LineString",
        "coordinates": [
          [
            -77.5445013,
            37.5751342
          ],
          [
            -77.544501,
            37.5751269
          ]
        ]
      },
      "id": "way/1424053477"
    },
    {
      "type": "Feature",
      "properties": {
        "@id": "way/1424053478",
        "footway": "sidewalk",
        "highway": "footway"
      },
      "geometry": {
        "type": "LineString",
        "coordinates": [
          [
            -77.5446585,
            37.5751281
          ],
          [
            -77.544639,
            37.575128
          ],
          [
            -77.544501,
            37.5751269
          ],
          [
            -77.5444883,
            37.5751268
          ]
        ]
      },
      "id": "way/1424053478"
    },
    {
      "type": "Feature",
      "properties": {
        "@id": "way/1424053479",
        "highway": "footway"
      },
      "geometry": {
        "type": "LineString",
        "coordinates": [
          [
            -77.544657,
            37.5751014
          ],
          [
            -77.5446585,
            37.5751281
          ]
        ]
      },
      "id": "way/1424053479"
    },
    {
      "type": "Feature",
      "properties": {
        "@id": "way/1424053480",
        "highway": "footway"
      },
      "geometry": {
        "type": "LineString",
        "coordinates": [
          [
            -77.5425496,
            37.5754727
          ],
          [
            -77.5425285,
            37.5754726
          ],
          [
            -77.5425196,
            37.5754814
          ]
        ]
      },
      "id": "way/1424053480"
    },
    {
      "type": "Feature",
      "properties": {
        "@id": "way/1424053481",
        "highway": "steps"
      },
      "geometry": {
        "type": "LineString",
        "coordinates": [
          [
            -77.5425196,
            37.5754814
          ],
          [
            -77.5424975,
            37.5755055
          ]
        ]
      },
      "id": "way/1424053481"
    },
    {
      "type": "Feature",
      "properties": {
        "@id": "way/1424053482",
        "highway": "footway"
      },
      "geometry": {
        "type": "LineString",
        "coordinates": [
          [
            -77.5424975,
            37.5755055
          ],
          [
            -77.5424915,
            37.575513
          ],
          [
            -77.5424818,
            37.5755077
          ]
        ]
      },
      "id": "way/1424053482"
    },
    {
      "type": "Feature",
      "properties": {
        "@id": "way/1424053483",
        "highway": "footway"
      },
      "geometry": {
        "type": "LineString",
        "coordinates": [
          [
            -77.5424452,
            37.5754887
          ],
          [
            -77.5424233,
            37.5754768
          ],
          [
            -77.5424019,
            37.5754651
          ]
        ]
      },
      "id": "way/1424053483"
    },
    {
      "type": "Feature",
      "properties": {
        "@id": "way/1424053484",
        "highway": "steps"
      },
      "geometry": {
        "type": "LineString",
        "coordinates": [
          [
            -77.5424818,
            37.5755077
          ],
          [
            -77.5424452,
            37.5754887
          ]
        ]
      },
      "id": "way/1424053484"
    },
    {
      "type": "Feature",
      "properties": {
        "@id": "way/1424053485",
        "highway": "footway",
        "surface": "asphalt"
      },
      "geometry": {
        "type": "LineString",
        "coordinates": [
          [
            -77.5424286,
            37.5754702
          ],
          [
            -77.5424415,
            37.5754531
          ],
          [
            -77.5424509,
            37.5754354
          ],
          [
            -77.5424535,
            37.5754201
          ],
          [
            -77.5424486,
            37.5753988
          ],
          [
            -77.54242,
            37.5753474
          ],
          [
            -77.5423592,
            37.5752584
          ],
          [
            -77.5422992,
            37.5751673
          ],
          [
            -77.5422867,
            37.57514
          ],
          [
            -77.5422813,
            37.5751088
          ],
          [
            -77.5422737,
            37.5750727
          ],
          [
            -77.5422661,
            37.5750613
          ]
        ]
      },
      "id": "way/1424053485"
    },
    {
      "type": "Feature",
      "properties": {
        "@id": "way/1424053486",
        "highway": "footway"
      },
      "geometry": {
        "type": "LineString",
        "coordinates": [
          [
            -77.5422661,
            37.5750613
          ],
          [
            -77.5422056,
            37.5750277
          ],
          [
            -77.5421462,
            37.5749947
          ],
          [
            -77.5420711,
            37.5749532
          ],
          [
            -77.5420451,
            37.5749397
          ],
          [
            -77.5417843,
            37.5748387
          ]
        ]
      },
      "id": "way/1424053486"
    },
    {
      "type": "Feature",
      "properties": {
        "@id": "way/1424053487",
        "highway": "footway"
      },
      "geometry": {
        "type": "LineString",
        "coordinates": [
          [
            -77.541834,
            37.574758
          ],
          [
            -77.541833,
            37.5747805
          ],
          [
            -77.5418063,
            37.5748124
          ]
        ]
      },
      "id": "way/1424053487"
    },
    {
      "type": "Feature",
      "properties": {
        "@id": "way/1424053488",
        "highway": "footway"
      },
      "geometry": {
        "type": "LineString",
        "coordinates": [
          [
            -77.5417971,
            37.5748234
          ],
          [
            -77.5417843,
            37.5748387
          ],
          [
            -77.5417642,
            37.5748642
          ]
        ]
      },
      "id": "way/1424053488"
    },
    {
      "type": "Feature",
      "properties": {
        "@id": "way/1424053489",
        "highway": "steps"
      },
      "geometry": {
        "type": "LineString",
        "coordinates": [
          [
            -77.5418063,
            37.5748124
          ],
          [
            -77.5417971,
            37.5748234
          ]
        ]
      },
      "id": "way/1424053489"
    },
    {
      "type": "Feature",
      "properties": {
        "@id": "way/1424053490",
        "highway": "footway",
        "surface": "asphalt"
      },
      "geometry": {
        "type": "LineString",
        "coordinates": [
          [
            -77.5421372,
            37.5758083
          ],
          [
            -77.5421775,
            37.5757647
          ],
          [
            -77.5422956,
            37.5756229
          ],
          [
            -77.542418,
            37.5754833
          ]
        ]
      },
      "id": "way/1424053490"
    },
    {
      "type": "Feature",
      "properties": {
        "@id": "way/1424053491",
        "highway": "footway"
      },
      "geometry": {
        "type": "LineString",
        "coordinates": [
          [
            -77.542418,
            37.5754833
          ],
          [
            -77.5424233,
            37.5754768
          ],
          [
            -77.5424286,
            37.5754702
          ]
        ]
      },
      "id": "way/1424053491"
    },
    {
      "type": "Feature",
      "properties": {
        "@id": "way/1424053492",
        "footway": "sidewalk",
        "highway": "footway",
        "surface": "asphalt"
      },
      "geometry": {
        "type": "LineString",
        "coordinates": [
          [
            -77.5421315,
            37.5747312
          ],
          [
            -77.5419779,
            37.5746786
          ],
          [
            -77.5418939,
            37.57465
          ],
          [
            -77.5418482,
            37.5746317
          ],
          [
            -77.5418031,
            37.57461
          ],
          [
            -77.5417687,
            37.5745883
          ],
          [
            -77.5417456,
            37.5745687
          ],
          [
            -77.5416519,
            37.5744652
          ],
          [
            -77.5416246,
            37.5744251
          ],
          [
            -77.5415964,
            37.5743702
          ],
          [
            -77.5415781,
            37.5743269
          ],
          [
            -77.5415629,
            37.5742656
          ],
          [
            -77.5415588,
            37.5742458
          ],
          [
            -77.5415624,
            37.5742333
          ],
          [
            -77.5415731,
            37.5742192
          ],
          [
            -77.5415673,
            37.5742138
          ]
        ]
      },
      "id": "way/1424053492"
    },
    {
      "type": "Feature",
      "properties": {
        "@id": "way/1424053493",
        "footway": "sidewalk",
        "highway": "footway"
      },
      "geometry": {
        "type": "LineString",
        "coordinates": [
          [
            -77.5415488,
            37.5741145
          ],
          [
            -77.5415425,
            37.5741214
          ]
        ]
      },
      "id": "way/1424053493"
    },
    {
      "type": "Feature",
      "properties": {
        "@id": "way/1424053494",
        "crossing": "uncontrolled",
        "crossing:markings": "yes",
        "footway": "crossing",
        "highway": "footway"
      },
      "geometry": {
        "type": "LineString",
        "coordinates": [
          [
            -77.5415425,
            37.5741214
          ],
          [
            -77.541555,
            37.5741724
          ],
          [
            -77.5415673,
            37.5742138
          ]
        ]
      },
      "id": "way/1424053494"
    },
    {
      "type": "Feature",
      "properties": {
        "@id": "way/1424053495",
        "crossing": "uncontrolled",
        "crossing:markings": "ladder",
        "footway": "crossing",
        "highway": "footway"
      },
      "geometry": {
        "type": "LineString",
        "coordinates": [
          [
            -77.5424607,
            37.5727459
          ],
          [
            -77.5424666,
            37.5727133
          ],
          [
            -77.542475,
            37.5726675
          ]
        ]
      },
      "id": "way/1424053495"
    },
    {
      "type": "Feature",
      "properties": {
        "@id": "way/1424053496",
        "highway": "footway"
      },
      "geometry": {
        "type": "LineString",
        "coordinates": [
          [
            -77.5424988,
            37.5728043
          ],
          [
            -77.5425864,
            37.5729387
          ]
        ]
      },
      "id": "way/1424053496"
    },
    {
      "type": "Feature",
      "properties": {
        "@id": "way/1424053497",
        "highway": "footway"
      },
      "geometry": {
        "type": "LineString",
        "coordinates": [
          [
            -77.5424607,
            37.5727459
          ],
          [
            -77.5424701,
            37.5727603
          ]
        ]
      },
      "id": "way/1424053497"
    },
    {
      "type": "Feature",
      "properties": {
        "@id": "way/1424053498",
        "highway": "footway"
      },
      "geometry": {
        "type": "LineString",
        "coordinates": [
          [
            -77.5425864,
            37.5730036
          ],
          [
            -77.5425865,
            37.5730488
          ],
          [
            -77.5425946,
            37.5730529
          ]
        ]
      },
      "id": "way/1424053498"
    },
    {
      "type": "Feature",
      "properties": {
        "@id": "way/1424053499",
        "footway": "access_aisle",
        "highway": "footway"
      },
      "geometry": {
        "type": "LineString",
        "coordinates": [
          [
            -77.5425946,
            37.5730529
          ],
          [
            -77.5426439,
            37.5730817
          ]
        ]
      },
      "id": "way/1424053499"
    },
    {
      "type": "Feature",
      "properties": {
        "@id": "way/1424053500",
        "footway": "link",
        "highway": "footway",
        "surface": "asphalt"
      },
      "geometry": {
        "type": "LineString",
        "coordinates": [
          [
            -77.5426439,
            37.5730817
          ],
          [
            -77.5426803,
            37.5731029
          ]
        ]
      },
      "id": "way/1424053500"
    },
    {
      "type": "Feature",
      "properties": {
        "@id": "way/1424053501",
        "highway": "footway",
        "surface": "concrete:slabs"
      },
      "geometry": {
        "type": "LineString",
        "coordinates": [
          [
            -77.5412033,
            37.5716387
          ],
          [
            -77.5412472,
            37.5716034
          ]
        ]
      },
      "id": "way/1424053501"
    },
    {
      "type": "Feature",
      "properties": {
        "@id": "way/1424053502",
        "highway": "footway",
        "surface": "paved"
      },
      "geometry": {
        "type": "LineString",
        "coordinates": [
          [
            -77.5419441,
            37.5719735
          ],
          [
            -77.5419015,
            37.5719353
          ],
          [
            -77.5418253,
            37.5718572
          ],
          [
            -77.5417407,
            37.5717773
          ]
        ]
      },
      "id": "way/1424053502"
    },
    {
      "type": "Feature",
      "properties": {
        "@id": "way/1424053503",
        "highway": "steps",
        "surface": "paved"
      },
      "geometry": {
        "type": "LineString",
        "coordinates": [
          [
            -77.5417407,
            37.5717773
          ],
          [
            -77.541736,
            37.5717722
          ],
          [
            -77.5417299,
            37.5717656
          ]
        ]
      },
      "id": "way/1424053503"
    },
    {
      "type": "Feature",
      "properties": {
        "@id": "way/1424053504",
        "highway": "footway",
        "surface": "concrete:slabs"
      },
      "geometry": {
        "type": "LineString",
        "coordinates": [
          [
            -77.5415054,
            37.5713891
          ],
          [
            -77.5414875,
            37.5713803
          ],
          [
            -77.5414783,
            37.5713718
          ],
          [
            -77.5414727,
            37.571359
          ],
          [
            -77.5414672,
            37.5713403
          ],
          [
            -77.5414636,
            37.5713146
          ],
          [
            -77.5414839,
            37.5712854
          ],
          [
            -77.5414871,
            37.5712362
          ],
          [
            -77.5414831,
            37.5712261
          ],
          [
            -77.5415023,
            37.5711942
          ]
        ]
      },
      "id": "way/1424053504"
    },
    {
      "type": "Feature",
      "properties": {
        "@id": "way/1424053505",
        "highway": "footway",
        "surface": "asphalt"
      },
      "geometry": {
        "type": "LineString",
        "coordinates": [
          [
            -77.5421044,
            37.5713367
          ],
          [
            -77.5420657,
            37.5713255
          ],
          [
            -77.541898,
            37.5712555
          ],
          [
            -77.5417125,
            37.5711764
          ],
          [
            -77.5416231,
            37.5711504
          ],
          [
            -77.5414759,
            37.5711123
          ],
          [
            -77.5414424,
            37.5711144
          ]
        ]
      },
      "id": "way/1424053505"
    },
    {
      "type": "Feature",
      "properties": {
        "@id": "way/1424053506",
        "footway": "link",
        "highway": "footway",
        "surface": "asphalt"
      },
      "geometry": {
        "type": "LineString",
        "coordinates": [
          [
            -77.5414424,
            37.5711144
          ],
          [
            -77.5413873,
            37.5711237
          ]
        ]
      },
      "id": "way/1424053506"
    },
    {
      "type": "Feature",
      "properties": {
        "@id": "way/1424053507",
        "footway": "link",
        "highway": "footway"
      },
      "geometry": {
        "type": "LineString",
        "coordinates": [
          [
            -77.5422444,
            37.5714405
          ],
          [
            -77.5422897,
            37.5713619
          ]
        ]
      },
      "id": "way/1424053507"
    },
    {
      "type": "Feature",
      "properties": {
        "@id": "way/1424053508",
        "footway": "link",
        "highway": "footway",
        "surface": "asphalt"
      },
      "geometry": {
        "type": "LineString",
        "coordinates": [
          [
            -77.5421592,
            37.5713144
          ],
          [
            -77.5421044,
            37.5713367
          ]
        ]
      },
      "id": "way/1424053508"
    },
    {
      "type": "Feature",
      "properties": {
        "@id": "way/1424053509",
        "highway": "footway",
        "surface": "concrete:slabs"
      },
      "geometry": {
        "type": "LineString",
        "coordinates": [
          [
            -77.5414831,
            37.5712261
          ],
          [
            -77.5414612,
            37.5712184
          ]
        ]
      },
      "id": "way/1424053509"
    },
    {
      "type": "Feature",
      "properties": {
        "@id": "way/1424053510",
        "footway": "link",
        "highway": "footway",
        "surface": "asphalt"
      },
      "geometry": {
        "type": "LineString",
        "coordinates": [
          [
            -77.5414612,
            37.5712184
          ],
          [
            -77.5413556,
            37.571177
          ]
        ]
      },
      "id": "way/1424053510"
    },
    {
      "type": "Feature",
      "properties": {
        "@id": "way/1424053511",
        "footway": "sidewalk",
        "highway": "footway",
        "surface": "asphalt"
      },
      "geometry": {
        "type": "LineString",
        "coordinates": [
          [
            -77.5410985,
            37.5710481
          ],
          [
            -77.5410426,
            37.5710247
          ],
          [
            -77.5410088,
            37.5710171
          ],
          [
            -77.5409642,
            37.5710222
          ],
          [
            -77.5408611,
            37.5710439
          ],
          [
            -77.5407644,
            37.5710703
          ],
          [
            -77.5407332,
            37.5710741
          ],
          [
            -77.5406929,
            37.5710733
          ],
          [
            -77.5406585,
            37.571069
          ],
          [
            -77.5406156,
            37.5710532
          ],
          [
            -77.5405318,
            37.5710119
          ],
          [
            -77.5405081,
            37.5709924
          ],
          [
            -77.5404872,
            37.5709711
          ],
          [
            -77.5403771,
            37.5708544
          ],
          [
            -77.5403498,
            37.5708347
          ],
          [
            -77.5403411,
            37.5708284
          ],
          [
            -77.5402782,
            37.5708123
          ],
          [
            -77.540258,
            37.5708103
          ],
          [
            -77.5398538,
            37.5707705
          ],
          [
            -77.5398442,
            37.5707693
          ],
          [
            -77.5397701,
            37.5707092
          ],
          [
            -77.5397556,
            37.5706496
          ],
          [
            -77.5397282,
            37.5705998
          ],
          [
            -77.5397019,
            37.5705696
          ],
          [
            -77.5396298,
            37.5705173
          ],
          [
            -77.5395953,
            37.5704934
          ],
          [
            -77.5395128,
            37.5704363
          ],
          [
            -77.539465,
            37.5704095
          ],
          [
            -77.5394236,
            37.5703899
          ],
          [
            -77.5393651,
            37.5703725
          ],
          [
            -77.5390986,
            37.5703278
          ],
          [
            -77.5390487,
            37.5703231
          ],
          [
            -77.5389762,
            37.5703278
          ]
        ]
      },
      "id": "way/1424053511"
    },
    {
      "type": "Feature",
      "properties": {
        "@id": "way/1424053512",
        "footway": "link",
        "highway": "footway",
        "surface": "asphalt"
      },
      "geometry": {
        "type": "LineString",
        "coordinates": [
          [
            -77.5410985,
            37.5710481
          ],
          [
            -77.5411376,
            37.5710634
          ]
        ]
      },
      "id": "way/1424053512"
    },
    {
      "type": "Feature",
      "properties": {
        "@id": "way/1424053514",
        "crossing": "unmarked",
        "crossing:markings": "no",
        "footway": "crossing",
        "highway": "footway"
      },
      "geometry": {
        "type": "LineString",
        "coordinates": [
          [
            -77.5450778,
            37.5733246
          ],
          [
            -77.5451161,
            37.5733589
          ],
          [
            -77.545154,
            37.5733928
          ]
        ]
      },
      "id": "way/1424053514"
    },
    {
      "type": "Feature",
      "properties": {
        "@id": "way/1424053515",
        "crossing": "uncontrolled",
        "crossing:markings": "yes",
        "footway": "crossing",
        "highway": "footway"
      },
      "geometry": {
        "type": "LineString",
        "coordinates": [
          [
            -77.5451489,
            37.5732758
          ],
          [
            -77.5451165,
            37.5732974
          ],
          [
            -77.5450778,
            37.5733246
          ]
        ]
      },
      "id": "way/1424053515"
    },
    {
      "type": "Feature",
      "properties": {
        "@id": "way/1424053517",
        "crossing": "unmarked",
        "crossing:markings": "no",
        "footway": "crossing",
        "highway": "footway"
      },
      "geometry": {
        "type": "LineString",
        "coordinates": [
          [
            -77.5455323,
            37.573719
          ],
          [
            -77.5454786,
            37.5737373
          ]
        ]
      },
      "id": "way/1424053517"
    },
    {
      "type": "Feature",
      "properties": {
        "@id": "way/1424053518",
        "highway": "footway"
      },
      "geometry": {
        "type": "LineString",
        "coordinates": [
          [
            -77.5447093,
            37.5749007
          ],
          [
            -77.544708,
            37.5748861
          ],
          [
            -77.5446241,
            37.574883
          ]
        ]
      },
      "id": "way/1424053518"
    },
    {
      "type": "Feature",
      "properties": {
        "@id": "way/1424053519",
        "highway": "footway"
      },
      "geometry": {
        "type": "LineString",
        "coordinates": [
          [
            -77.5442494,
            37.5749488
          ],
          [
            -77.5441719,
            37.574907
          ]
        ]
      },
      "id": "way/1424053519"
    },
    {
      "type": "Feature",
      "properties": {
        "@id": "way/1424053520",
        "highway": "steps"
      },
      "geometry": {
        "type": "LineString",
        "coordinates": [
          [
            -77.5435559,
            37.5761738
          ],
          [
            -77.5435382,
            37.5761237
          ]
        ]
      },
      "id": "way/1424053520"
    },
    {
      "type": "Feature",
      "properties": {
        "@id": "way/1424053521",
        "footway": "link",
        "highway": "footway",
        "surface": "asphalt"
      },
      "geometry": {
        "type": "LineString",
        "coordinates": [
          [
            -77.5405703,
            37.5745242
          ],
          [
            -77.5405178,
            37.5745432
          ]
        ]
      },
      "id": "way/1424053521"
    },
    {
      "type": "Feature",
      "properties": {
        "@id": "way/1424053522",
        "highway": "footway"
      },
      "geometry": {
        "type": "LineString",
        "coordinates": [
          [
            -77.5405178,
            37.5745432
          ],
          [
            -77.5405029,
            37.5745487
          ]
        ]
      },
      "id": "way/1424053522"
    },
    {
      "type": "Feature",
      "properties": {
        "@id": "way/1424053546",
        "highway": "footway"
      },
      "geometry": {
        "type": "LineString",
        "coordinates": [
          [
            -77.5398914,
            37.5746127
          ],
          [
            -77.5398595,
            37.5745961
          ],
          [
            -77.5398322,
            37.5745818
          ]
        ]
      },
      "id": "way/1424053546"
    },
    {
      "type": "Feature",
      "properties": {
        "@id": "way/1424053547",
        "highway": "footway"
      },
      "geometry": {
        "type": "LineString",
        "coordinates": [
          [
            -77.5398322,
            37.5745818
          ],
          [
            -77.5398124,
            37.5745738
          ],
          [
            -77.5397946,
            37.5745666
          ]
        ]
      },
      "id": "way/1424053547"
    },
    {
      "type": "Feature",
      "properties": {
        "@id": "way/1424053548",
        "highway": "footway"
      },
      "geometry": {
        "type": "LineString",
        "coordinates": [
          [
            -77.5397946,
            37.5745666
          ],
          [
            -77.5397478,
            37.5745516
          ],
          [
            -77.5397127,
            37.5745439
          ],
          [
            -77.5396755,
            37.57454
          ],
          [
            -77.5396262,
            37.5745371
          ],
          [
            -77.5395937,
            37.5745347
          ],
          [
            -77.5395704,
            37.5745329
          ],
          [
            -77.539544,
            37.5745309
          ]
        ]
      },
      "id": "way/1424053548"
    },
    {
      "type": "Feature",
      "properties": {
        "@id": "way/1424053549",
        "highway": "footway"
      },
      "geometry": {
        "type": "LineString",
        "coordinates": [
          [
            -77.539544,
            37.5745309
          ],
          [
            -77.5395318,
            37.5745298
          ],
          [
            -77.5395176,
            37.5745285
          ]
        ]
      },
      "id": "way/1424053549"
    },
    {
      "type": "Feature",
      "properties": {
        "@id": "way/1424053550",
        "highway": "footway"
      },
      "geometry": {
        "type": "LineString",
        "coordinates": [
          [
            -77.5395176,
            37.5745285
          ],
          [
            -77.539489,
            37.5745248
          ],
          [
            -77.5394502,
            37.5745184
          ],
          [
            -77.5394111,
            37.5745051
          ],
          [
            -77.5393838,
            37.5744857
          ],
          [
            -77.539363,
            37.5744717
          ],
          [
            -77.5393441,
            37.5744588
          ]
        ]
      },
      "id": "way/1424053550"
    },
    {
      "type": "Feature",
      "properties": {
        "@id": "way/1424053551",
        "crossing": "unmarked",
        "crossing:markings": "no",
        "footway": "crossing",
        "highway": "footway",
        "surface": "asphalt"
      },
      "geometry": {
        "type": "LineString",
        "coordinates": [
          [
            -77.542475,
            37.5726675
          ],
          [
            -77.5424534,
            37.5726487
          ]
        ]
      },
      "id": "way/1424053551"
    },
    {
      "type": "Feature",
      "properties": {
        "@id": "way/1424053552",
        "highway": "footway"
      },
      "geometry": {
        "type": "LineString",
        "coordinates": [
          [
            -77.5398152,
            37.5746285
          ],
          [
            -77.5398113,
            37.5746323
          ],
          [
            -77.5398061,
            37.5746349
          ],
          [
            -77.5398001,
            37.574636
          ],
          [
            -77.539794,
            37.5746356
          ],
          [
            -77.5397881,
            37.5746336
          ],
          [
            -77.5397834,
            37.5746301
          ],
          [
            -77.5397805,
            37.5746255
          ],
          [
            -77.5397796,
            37.5746209
          ],
          [
            -77.5397809,
            37.5746155
          ],
          [
            -77.5397842,
            37.5746111
          ],
          [
            -77.5397892,
            37.5746078
          ],
          [
            -77.5397952,
            37.5746061
          ],
          [
            -77.5398016,
            37.574606
          ],
          [
            -77.5398075,
            37.5746075
          ],
          [
            -77.5398124,
            37.5746104
          ],
          [
            -77.5398159,
            37.5746144
          ],
          [
            -77.5398176,
            37.5746191
          ],
          [
            -77.5398174,
            37.574624
          ],
          [
            -77.5398152,
            37.5746285
          ]
        ]
      },
      "id": "way/1424053552"
    },
    {
      "type": "Feature",
      "properties": {
        "@id": "way/1424053553",
        "highway": "footway"
      },
      "geometry": {
        "type": "LineString",
        "coordinates": [
          [
            -77.5398058,
            37.5745936
          ],
          [
            -77.5398016,
            37.574606
          ]
        ]
      },
      "id": "way/1424053553"
    },
    {
      "type": "Feature",
      "properties": {
        "@id": "way/1424187349",
        "highway": "footway"
      },
      "geometry": {
        "type": "LineString",
        "coordinates": [
          [
            -77.5391956,
            37.5783937
          ],
          [
            -77.5391798,
            37.5783882
          ]
        ]
      },
      "id": "way/1424187349"
    },
    {
      "type": "Feature",
      "properties": {
        "@id": "way/1424187351",
        "highway": "steps"
      },
      "geometry": {
        "type": "LineString",
        "coordinates": [
          [
            -77.5388629,
            37.5793105
          ],
          [
            -77.5388617,
            37.5793589
          ],
          [
            -77.5388828,
            37.5793933
          ],
          [
            -77.5389169,
            37.5793779
          ],
          [
            -77.5389206,
            37.5793835
          ]
        ]
      },
      "id": "way/1424187351"
    },
    {
      "type": "Feature",
      "properties": {
        "@id": "way/1424187352",
        "footway": "link",
        "highway": "footway"
      },
      "geometry": {
        "type": "LineString",
        "coordinates": [
          [
            -77.5389206,
            37.5793835
          ],
          [
            -77.538939,
            37.5794123
          ]
        ]
      },
      "id": "way/1424187352"
    },
    {
      "type": "Feature",
      "properties": {
        "@id": "way/1424187353",
        "highway": "footway"
      },
      "geometry": {
        "type": "LineString",
        "coordinates": [
          [
            -77.5388566,
            37.5792986
          ],
          [
            -77.5388629,
            37.5793105
          ]
        ]
      },
      "id": "way/1424187353"
    },
    {
      "type": "Feature",
      "properties": {
        "@id": "way/1424187354",
        "highway": "footway"
      },
      "geometry": {
        "type": "LineString",
        "coordinates": [
          [
            -77.5399616,
            37.5791395
          ],
          [
            -77.5400393,
            37.5790383
          ]
        ]
      },
      "id": "way/1424187354"
    },
    {
      "type": "Feature",
      "properties": {
        "@id": "way/1424187355",
        "footway": "link",
        "highway": "footway"
      },
      "geometry": {
        "type": "LineString",
        "coordinates": [
          [
            -77.5399616,
            37.5791395
          ],
          [
            -77.5399306,
            37.5791637
          ]
        ]
      },
      "id": "way/1424187355"
    },
    {
      "type": "Feature",
      "properties": {
        "@id": "way/1424187356",
        "footway": "link",
        "highway": "footway"
      },
      "geometry": {
        "type": "LineString",
        "coordinates": [
          [
            -77.5400863,
            37.5789771
          ],
          [
            -77.5400805,
            37.5789274
          ]
        ]
      },
      "id": "way/1424187356"
    },
    {
      "type": "Feature",
      "properties": {
        "@id": "way/1424187357",
        "highway": "footway"
      },
      "geometry": {
        "type": "LineString",
        "coordinates": [
          [
            -77.5400475,
            37.5790277
          ],
          [
            -77.5400863,
            37.5789771
          ]
        ]
      },
      "id": "way/1424187357"
    },
    {
      "type": "Feature",
      "properties": {
        "@id": "way/1424187358",
        "highway": "steps"
      },
      "geometry": {
        "type": "LineString",
        "coordinates": [
          [
            -77.5400393,
            37.5790383
          ],
          [
            -77.5400475,
            37.5790277
          ]
        ]
      },
      "id": "way/1424187358"
    },
    {
      "type": "Feature",
      "properties": {
        "@id": "way/1424187359",
        "highway": "footway"
      },
      "geometry": {
        "type": "LineString",
        "coordinates": [
          [
            -77.5372815,
            37.5764599
          ],
          [
            -77.5371546,
            37.5763643
          ]
        ]
      },
      "id": "way/1424187359"
    },
    {
      "type": "Feature",
      "properties": {
        "@id": "way/1424187360",
        "highway": "footway"
      },
      "geometry": {
        "type": "LineString",
        "coordinates": [
          [
            -77.5374904,
            37.5762906
          ],
          [
            -77.5373677,
            37.576192
          ]
        ]
      },
      "id": "way/1424187360"
    },
    {
      "type": "Feature",
      "properties": {
        "@id": "way/1424187361",
        "highway": "footway"
      },
      "geometry": {
        "type": "LineString",
        "coordinates": [
          [
            -77.537887,
            37.576301
          ],
          [
            -77.5378634,
            37.5762825
          ]
        ]
      },
      "id": "way/1424187361"
    },
    {
      "type": "Feature",
      "properties": {
        "@id": "way/1424187362",
        "highway": "steps"
      },
      "geometry": {
        "type": "LineString",
        "coordinates": [
          [
            -77.5379084,
            37.5763178
          ],
          [
            -77.537887,
            37.576301
          ]
        ]
      },
      "id": "way/1424187362"
    },
    {
      "type": "Feature",
      "properties": {
        "@id": "way/1424187363",
        "highway": "footway"
      },
      "geometry": {
        "type": "LineString",
        "coordinates": [
          [
            -77.5374632,
            37.5766954
          ],
          [
            -77.5374681,
            37.5767415
          ],
          [
            -77.5374603,
            37.5768387
          ],
          [
            -77.5374382,
            37.576935
          ],
          [
            -77.5374187,
            37.5770277
          ]
        ]
      },
      "id": "way/1424187363"
    },
    {
      "type": "Feature",
      "properties": {
        "@id": "way/1424187364",
        "highway": "footway"
      },
      "geometry": {
        "type": "LineString",
        "coordinates": [
          [
            -77.5386022,
            37.5780824
          ],
          [
            -77.538557,
            37.5780507
          ]
        ]
      },
      "id": "way/1424187364"
    },
    {
      "type": "Feature",
      "properties": {
        "@id": "way/1424187365",
        "handrail": "yes",
        "highway": "steps"
      },
      "geometry": {
        "type": "LineString",
        "coordinates": [
          [
            -77.538557,
            37.5780507
          ],
          [
            -77.5385382,
            37.5780375
          ]
        ]
      },
      "id": "way/1424187365"
    },
    {
      "type": "Feature",
      "properties": {
        "@id": "way/1424187369",
        "highway": "footway"
      },
      "geometry": {
        "type": "LineString",
        "coordinates": [
          [
            -77.5440136,
            37.5752106
          ],
          [
            -77.5439891,
            37.5751953
          ]
        ]
      },
      "id": "way/1424187369"
    },
    {
      "type": "Feature",
      "properties": {
        "@id": "way/1424187370",
        "bicycle": "yes",
        "crossing": "uncontrolled",
        "crossing:markings": "ladder",
        "foot": "yes",
        "footway": "crossing",
        "highway": "footway",
        "surface": "asphalt",
        "width": "u"
      },
      "geometry": {
        "type": "LineString",
        "coordinates": [
          [
            -77.5385577,
            37.57623
          ],
          [
            -77.5386027,
            37.5761937
          ]
        ]
      },
      "id": "way/1424187370"
    },
    {
      "type": "Feature",
      "properties": {
        "@id": "way/1424222163",
        "highway": "footway"
      },
      "geometry": {
        "type": "LineString",
        "coordinates": [
          [
            -77.53791,
            37.578103
          ],
          [
            -77.5379957,
            37.5780213
          ]
        ]
      },
      "id": "way/1424222163"
    },
    {
      "type": "Feature",
      "properties": {
        "@id": "way/1424222164",
        "highway": "footway"
      },
      "geometry": {
        "type": "LineString",
        "coordinates": [
          [
            -77.5365258,
            37.579015
          ],
          [
            -77.5365105,
            37.5790177
          ],
          [
            -77.5364062,
            37.5791123
          ],
          [
            -77.5364132,
            37.5791169
          ]
        ]
      },
      "id": "way/1424222164"
    },
    {
      "type": "Feature",
      "properties": {
        "@id": "way/1424222165",
        "highway": "footway",
        "surface": "asphalt"
      },
      "geometry": {
        "type": "LineString",
        "coordinates": [
          [
            -77.5364367,
            37.5791327
          ],
          [
            -77.5364416,
            37.5791435
          ]
        ]
      },
      "id": "way/1424222165"
    },
    {
      "type": "Feature",
      "properties": {
        "@id": "way/1424222166",
        "highway": "footway"
      },
      "geometry": {
        "type": "LineString",
        "coordinates": [
          [
            -77.5364132,
            37.5791169
          ],
          [
            -77.5364367,
            37.5791327
          ]
        ]
      },
      "id": "way/1424222166"
    },
    {
      "type": "Feature",
      "properties": {
        "@id": "way/1424222167",
        "footway": "link",
        "highway": "footway"
      },
      "geometry": {
        "type": "LineString",
        "coordinates": [
          [
            -77.5365656,
            37.5790208
          ],
          [
            -77.5365258,
            37.579015
          ]
        ]
      },
      "id": "way/1424222167"
    },
    {
      "type": "Feature",
      "properties": {
        "@id": "way/1424222168",
        "footway": "link",
        "highway": "footway"
      },
      "geometry": {
        "type": "LineString",
        "coordinates": [
          [
            -77.5364306,
            37.579601
          ],
          [
            -77.5364271,
            37.5795172
          ]
        ]
      },
      "id": "way/1424222168"
    },
    {
      "type": "Feature",
      "properties": {
        "@id": "way/1424222170",
        "highway": "steps"
      },
      "geometry": {
        "type": "LineString",
        "coordinates": [
          [
            -77.5360335,
            37.5793752
          ],
          [
            -77.5360324,
            37.5793521
          ]
        ]
      },
      "id": "way/1424222170"
    },
    {
      "type": "Feature",
      "properties": {
        "@id": "way/1424222171",
        "highway": "footway"
      },
      "geometry": {
        "type": "LineString",
        "coordinates": [
          [
            -77.5360346,
            37.5793973
          ],
          [
            -77.5360335,
            37.5793752
          ]
        ]
      },
      "id": "way/1424222171"
    },
    {
      "type": "Feature",
      "properties": {
        "@id": "way/1424222172",
        "crossing": "unmarked",
        "crossing:markings": "no",
        "footway": "crossing",
        "highway": "footway",
        "surface": "asphalt"
      },
      "geometry": {
        "type": "LineString",
        "coordinates": [
          [
            -77.5360694,
            37.5803102
          ],
          [
            -77.5360005,
            37.5803036
          ]
        ]
      },
      "id": "way/1424222172"
    },
    {
      "type": "Feature",
      "properties": {
        "@id": "way/1424222173",
        "highway": "footway"
      },
      "geometry": {
        "type": "LineString",
        "coordinates": [
          [
            -77.5353604,
            37.5809385
          ],
          [
            -77.53529,
            37.581008
          ]
        ]
      },
      "id": "way/1424222173"
    },
    {
      "type": "Feature",
      "properties": {
        "@id": "way/1424222174",
        "crossing": "uncontrolled",
        "crossing:markings": "yes",
        "footway": "crossing",
        "highway": "footway",
        "surface": "asphalt"
      },
      "geometry": {
        "type": "LineString",
        "coordinates": [
          [
            -77.53529,
            37.581008
          ],
          [
            -77.5352613,
            37.5810501
          ],
          [
            -77.5352335,
            37.5810908
          ]
        ]
      },
      "id": "way/1424222174"
    },
    {
      "type": "Feature",
      "properties": {
        "@id": "way/1424222175",
        "highway": "footway"
      },
      "geometry": {
        "type": "LineString",
        "coordinates": [
          [
            -77.5355163,
            37.5814305
          ],
          [
            -77.5354083,
            37.5814379
          ]
        ]
      },
      "id": "way/1424222175"
    },
    {
      "type": "Feature",
      "properties": {
        "@id": "way/1424222176",
        "footway": "link",
        "highway": "footway"
      },
      "geometry": {
        "type": "LineString",
        "coordinates": [
          [
            -77.5354083,
            37.5814379
          ],
          [
            -77.5353653,
            37.5814403
          ]
        ]
      },
      "id": "way/1424222176"
    },
    {
      "type": "Feature",
      "properties": {
        "@id": "way/1424222183",
        "crossing": "uncontrolled",
        "crossing:markings": "yes",
        "footway": "crossing",
        "highway": "footway",
        "surface": "asphalt"
      },
      "geometry": {
        "type": "LineString",
        "coordinates": [
          [
            -77.5398849,
            37.5814925
          ],
          [
            -77.5398889,
            37.5815259
          ],
          [
            -77.5398929,
            37.5815582
          ]
        ]
      },
      "id": "way/1424222183"
    },
    {
      "type": "Feature",
      "properties": {
        "@id": "way/1424222184",
        "highway": "footway",
        "surface": "asphalt"
      },
      "geometry": {
        "type": "LineString",
        "coordinates": [
          [
            -77.5398849,
            37.5814925
          ],
          [
            -77.5398843,
            37.5814821
          ],
          [
            -77.5399157,
            37.5814752
          ],
          [
            -77.5399167,
            37.5814559
          ],
          [
            -77.5399067,
            37.5814083
          ],
          [
            -77.5398929,
            37.5813472
          ],
          [
            -77.5398743,
            37.5812596
          ],
          [
            -77.5398701,
            37.5812247
          ],
          [
            -77.5398282,
            37.5811494
          ],
          [
            -77.5397287,
            37.5809938
          ]
        ]
      },
      "id": "way/1424222184"
    },
    {
      "type": "Feature",
      "properties": {
        "@id": "way/1424418893",
        "highway": "footway",
        "surface": "paved"
      },
      "geometry": {
        "type": "LineString",
        "coordinates": [
          [
            -77.5386972,
            37.5747931
          ],
          [
            -77.5387405,
            37.5747861
          ],
          [
            -77.5387724,
            37.5747832
          ]
        ]
      },
      "id": "way/1424418893"
    },
    {
      "type": "Feature",
      "properties": {
        "@id": "way/1424418894",
        "highway": "steps",
        "surface": "paved"
      },
      "geometry": {
        "type": "LineString",
        "coordinates": [
          [
            -77.5387724,
            37.5747832
          ],
          [
            -77.5388094,
            37.5747823
          ]
        ]
      },
      "id": "way/1424418894"
    },
    {
      "type": "Feature",
      "properties": {
        "@id": "way/1424421370",
        "highway": "footway"
      },
      "geometry": {
        "type": "LineString",
        "coordinates": [
          [
            -77.5384471,
            37.5793792
          ],
          [
            -77.5384797,
            37.5793639
          ],
          [
            -77.5385187,
            37.5793499
          ]
        ]
      },
      "id": "way/1424421370"
    },
    {
      "type": "Feature",
      "properties": {
        "@id": "way/1424422338",
        "highway": "service"
      },
      "geometry": {
        "type": "LineString",
        "coordinates": [
          [
            -77.5352895,
            37.5811197
          ],
          [
            -77.5352045,
            37.5811524
          ],
          [
            -77.5351531,
            37.581183
          ],
          [
            -77.5350419,
            37.5812558
          ],
          [
            -77.5350016,
            37.5812992
          ],
          [
            -77.534979,
            37.5813586
          ],
          [
            -77.5349742,
            37.5814308
          ],
          [
            -77.5349684,
            37.5814773
          ]
        ]
      },
      "id": "way/1424422338"
    },
    {
      "type": "Feature",
      "properties": {
        "@id": "way/1424422339",
        "footway": "link",
        "highway": "footway",
        "surface": "asphalt"
      },
      "geometry": {
        "type": "LineString",
        "coordinates": [
          [
            -77.5352335,
            37.5810908
          ],
          [
            -77.5352045,
            37.5811524
          ]
        ]
      },
      "id": "way/1424422339"
    },
    {
      "type": "Feature",
      "properties": {
        "@id": "way/1424422340",
        "highway": "footway"
      },
      "geometry": {
        "type": "LineString",
        "coordinates": [
          [
            -77.5351551,
            37.5809051
          ],
          [
            -77.5351204,
            37.5808944
          ],
          [
            -77.5350939,
            37.5808981
          ],
          [
            -77.5350292,
            37.5809198
          ]
        ]
      },
      "id": "way/1424422340"
    },
    {
      "type": "Feature",
      "properties": {
        "@id": "way/1424422341",
        "footway": "link",
        "highway": "footway",
        "surface": "asphalt"
      },
      "geometry": {
        "type": "LineString",
        "coordinates": [
          [
            -77.5350292,
            37.5809198
          ],
          [
            -77.5349669,
            37.5809003
          ]
        ]
      },
      "id": "way/1424422341"
    },
    {
      "type": "Feature",
      "properties": {
        "@id": "way/1426545954",
        "handrail": "yes",
        "highway": "steps",
        "incline": "down",
        "surface": "asphalt"
      },
      "geometry": {
        "type": "LineString",
        "coordinates": [
          [
            -77.5372141,
            37.5797075
          ],
          [
            -77.5372043,
            37.579694
          ]
        ]
      },
      "id": "way/1426545954"
    },
    {
      "type": "Feature",
      "properties": {
        "@id": "way/1426545955",
        "highway": "footway",
        "surface": "asphalt"
      },
      "geometry": {
        "type": "LineString",
        "coordinates": [
          [
            -77.5372043,
            37.579694
          ],
          [
            -77.5372012,
            37.5796897
          ],
          [
            -77.5371966,
            37.5796828
          ]
        ]
      },
      "id": "way/1426545955"
    },
    {
      "type": "Feature",
      "properties": {
        "@id": "way/1426545956",
        "highway": "footway",
        "layer": "-1",
        "tunnel": "building_passage"
      },
      "geometry": {
        "type": "LineString",
        "coordinates": [
          [
            -77.5369603,
            37.5793285
          ],
          [
            -77.5368922,
            37.579226
          ]
        ]
      },
      "id": "way/1426545956"
    },
    {
      "type": "Feature",
      "properties": {
        "@id": "way/1426545957",
        "highway": "footway"
      },
      "geometry": {
        "type": "LineString",
        "coordinates": [
          [
            -77.5369297,
            37.5791692
          ],
          [
            -77.5368784,
            37.5792052
          ],
          [
            -77.5368318,
            37.5792256
          ],
          [
            -77.5367894,
            37.5792361
          ],
          [
            -77.5367627,
            37.5792365
          ]
        ]
      },
      "id": "way/1426545957"
    },
    {
      "type": "Feature",
      "properties": {
        "@id": "way/1426545958",
        "highway": "footway"
      },
      "geometry": {
        "type": "LineString",
        "coordinates": [
          [
            -77.5371344,
            37.5786678
          ],
          [
            -77.5371037,
            37.5786465
          ],
          [
            -77.5370732,
            37.5786265
          ]
        ]
      },
      "id": "way/1426545958"
    },
    {
      "type": "Feature",
      "properties": {
        "@id": "way/1426545959",
        "highway": "steps"
      },
      "geometry": {
        "type": "LineString",
        "coordinates": [
          [
            -77.5371708,
            37.5786929
          ],
          [
            -77.5371344,
            37.5786678
          ]
        ]
      },
      "id": "way/1426545959"
    },
    {
      "type": "Feature",
      "properties": {
        "@id": "way/1426545960",
        "highway": "footway",
        "surface": "concrete"
      },
      "geometry": {
        "type": "LineString",
        "coordinates": [
          [
            -77.5360694,
            37.5803102
          ],
          [
            -77.5360986,
            37.5803486
          ],
          [
            -77.536582,
            37.58014
          ]
        ]
      },
      "id": "way/1426545960"
    },
    {
      "type": "Feature",
      "properties": {
        "@id": "way/1426545968",
        "footway": "sidewalk",
        "highway": "footway",
        "surface": "asphalt"
      },
      "geometry": {
        "type": "LineString",
        "coordinates": [
          [
            -77.5367431,
            37.5797885
          ],
          [
            -77.5367374,
            37.5797781
          ],
          [
            -77.5367212,
            37.5797627
          ],
          [
            -77.5367055,
            37.5797515
          ],
          [
            -77.5366844,
            37.5797472
          ],
          [
            -77.5366635,
            37.5797442
          ]
        ]
      },
      "id": "way/1426545968"
    },
    {
      "type": "Feature",
      "properties": {
        "@id": "way/1426545969",
        "footway": "access_aisle",
        "highway": "footway",
        "surface": "asphalt"
      },
      "geometry": {
        "type": "LineString",
        "coordinates": [
          [
            -77.5367431,
            37.5797885
          ],
          [
            -77.536769,
            37.5798315
          ]
        ]
      },
      "id": "way/1426545969"
    },
    {
      "type": "Feature",
      "properties": {
        "@id": "way/1426545970",
        "footway": "link",
        "highway": "footway",
        "surface": "asphalt"
      },
      "geometry": {
        "type": "LineString",
        "coordinates": [
          [
            -77.536769,
            37.5798315
          ],
          [
            -77.5367866,
            37.5798609
          ]
        ]
      },
      "id": "way/1426545970"
    },
    {
      "type": "Feature",
      "properties": {
        "@id": "way/1426545971",
        "crossing": "unmarked",
        "crossing:markings": "no",
        "footway": "crossing",
        "highway": "footway",
        "surface": "asphalt"
      },
      "geometry": {
        "type": "LineString",
        "coordinates": [
          [
            -77.5365911,
            37.5799781
          ],
          [
            -77.5365374,
            37.5799825
          ]
        ]
      },
      "id": "way/1426545971"
    },
    {
      "type": "Feature",
      "properties": {
        "@id": "way/1426545972",
        "crossing": "uncontrolled",
        "crossing:markings": "yes",
        "footway": "crossing",
        "highway": "footway"
      },
      "geometry": {
        "type": "LineString",
        "coordinates": [
          [
            -77.5358245,
            37.5797617
          ],
          [
            -77.5358021,
            37.5798116
          ],
          [
            -77.5357816,
            37.5798574
          ]
        ]
      },
      "id": "way/1426545972"
    },
    {
      "type": "Feature",
      "properties": {
        "@id": "way/1426545973",
        "footway": "link",
        "highway": "footway",
        "surface": "asphalt"
      },
      "geometry": {
        "type": "LineString",
        "coordinates": [
          [
            -77.5357816,
            37.5798574
          ],
          [
            -77.5357507,
            37.5799101
          ]
        ]
      },
      "id": "way/1426545973"
    },
    {
      "type": "Feature",
      "properties": {
        "@id": "way/1426545974",
        "footway": "link",
        "highway": "footway",
        "surface": "asphalt"
      },
      "geometry": {
        "type": "LineString",
        "coordinates": [
          [
            -77.5358245,
            37.5797617
          ],
          [
            -77.5358253,
            37.5796853
          ]
        ]
      },
      "id": "way/1426545974"
    },
    {
      "type": "Feature",
      "properties": {
        "@id": "way/1426545976",
        "highway": "footway"
      },
      "geometry": {
        "type": "LineString",
        "coordinates": [
          [
            -77.5373906,
            37.5799564
          ],
          [
            -77.5373637,
            37.5799533
          ],
          [
            -77.5373405,
            37.5799462
          ],
          [
            -77.5373186,
            37.5799335
          ],
          [
            -77.5373042,
            37.579921
          ],
          [
            -77.5372895,
            37.5799037
          ],
          [
            -77.5372783,
            37.5798863
          ]
        ]
      },
      "id": "way/1426545976"
    },
    {
      "type": "Feature",
      "properties": {
        "@id": "way/1426545977",
        "highway": "footway"
      },
      "geometry": {
        "type": "LineString",
        "coordinates": [
          [
            -77.5373112,
            37.5800981
          ],
          [
            -77.5371939,
            37.5801699
          ],
          [
            -77.5370587,
            37.5802244
          ]
        ]
      },
      "id": "way/1426545977"
    },
    {
      "type": "Feature",
      "properties": {
        "@id": "way/1426545978",
        "highway": "footway",
        "surface": "paving_stones"
      },
      "geometry": {
        "type": "LineString",
        "coordinates": [
          [
            -77.5372267,
            37.5797249
          ],
          [
            -77.5371427,
            37.5797632
          ],
          [
            -77.5370144,
            37.5798206
          ],
          [
            -77.5369602,
            37.5798426
          ],
          [
            -77.5369259,
            37.5798439
          ]
        ]
      },
      "id": "way/1426545978"
    },
    {
      "type": "Feature",
      "properties": {
        "@id": "way/1426545979",
        "highway": "footway"
      },
      "geometry": {
        "type": "LineString",
        "coordinates": [
          [
            -77.5370144,
            37.5798206
          ],
          [
            -77.5370684,
            37.5799026
          ]
        ]
      },
      "id": "way/1426545979"
    },
    {
      "type": "Feature",
      "properties": {
        "@id": "way/1431064110",
        "bicycle": "yes",
        "crossing": "uncontrolled",
        "crossing:markings": "ladder",
        "foot": "yes",
        "footway": "crossing",
        "highway": "footway",
        "surface": "asphalt",
        "width": "u"
      },
      "geometry": {
        "type": "LineString",
        "coordinates": [
          [
            -77.5386027,
            37.5761937
          ],
          [
            -77.5386312,
            37.5761709
          ]
        ]
      },
      "id": "way/1431064110"
    },
    {
      "type": "Feature",
      "properties": {
        "@id": "way/1431064113",
        "bicycle": "yes",
        "crossing": "uncontrolled",
        "crossing:markings": "ladder",
        "foot": "yes",
        "footway": "crossing",
        "highway": "footway",
        "surface": "asphalt",
        "width": "u"
      },
      "geometry": {
        "type": "LineString",
        "coordinates": [
          [
            -77.5385391,
            37.5762449
          ],
          [
            -77.5385577,
            37.57623
          ]
        ]
      },
      "id": "way/1431064113"
    },
    {
      "type": "Feature",
      "properties": {
        "@id": "way/1432670148",
        "handrail": "yes",
        "highway": "steps",
        "incline": "up",
        "tactile_paving": "no"
      },
      "geometry": {
        "type": "LineString",
        "coordinates": [
          [
            -77.5385391,
            37.5762449
          ],
          [
            -77.5384633,
            37.5762966
          ],
          [
            -77.5383092,
            37.5763475
          ]
        ]
      },
      "id": "way/1432670148"
    },
    {
      "type": "Feature",
      "properties": {
        "@id": "way/1432670149",
        "highway": "footway"
      },
      "geometry": {
        "type": "LineString",
        "coordinates": [
          [
            -77.5383092,
            37.5763475
          ],
          [
            -77.5382441,
            37.5763646
          ]
        ]
      },
      "id": "way/1432670149"
    },
    {
      "type": "Feature",
      "properties": {
        "@id": "way/1451852749",
        "crossing": "uncontrolled",
        "crossing:island": "no",
        "crossing:markings": "ladder",
        "footway": "crossing",
        "highway": "footway",
        "surface": "asphalt"
      },
      "geometry": {
        "type": "LineString",
        "coordinates": [
          [
            -77.5377165,
            37.5705564
          ],
          [
            -77.5377606,
            37.5705454
          ],
          [
            -77.5378271,
            37.5705289
          ]
        ]
      },
      "id": "way/1451852749"
    },
    {
      "type": "Feature",
      "properties": {
        "@id": "way/1451856254",
        "highway": "service",
        "surface": "compacted"
      },
      "geometry": {
        "type": "LineString",
        "coordinates": [
          [
            -77.5423154,
            37.5723051
          ],
          [
            -77.5423305,
            37.5722714
          ],
          [
            -77.5423568,
            37.5722486
          ],
          [
            -77.5424378,
            37.5721813
          ],
          [
            -77.542499,
            37.5721202
          ],
          [
            -77.5425462,
            37.5720732
          ],
          [
            -77.5428051,
            37.5715358
          ],
          [
            -77.5428262,
            37.5715136
          ],
          [
            -77.5428593,
            37.5714939
          ],
          [
            -77.5429499,
            37.571503
          ]
        ]
      },
      "id": "way/1451856254"
    },
    {
      "type": "Feature",
      "properties": {
        "@id": "way/1451856255",
        "highway": "path",
        "informal": "yes",
        "surface": "unpaved"
      },
      "geometry": {
        "type": "LineString",
        "coordinates": [
          [
            -77.54369,
            37.5726727
          ],
          [
            -77.5436932,
            37.5726384
          ],
          [
            -77.5437037,
            37.5725731
          ],
          [
            -77.5436935,
            37.5725023
          ],
          [
            -77.5436897,
            37.5724538
          ],
          [
            -77.5436756,
            37.5723456
          ]
        ]
      },
      "id": "way/1451856255"
    },
    {
      "type": "Feature",
      "properties": {
        "@id": "way/1451856258",
        "footway": "sidewalk",
        "highway": "footway",
        "surface": "asphalt"
      },
      "geometry": {
        "type": "LineString",
        "coordinates": [
          [
            -77.5427491,
            37.5741933
          ],
          [
            -77.5427154,
            37.5741739
          ],
          [
            -77.5426688,
            37.5741483
          ],
          [
            -77.542648,
            37.5741398
          ],
          [
            -77.5426278,
            37.5741341
          ]
        ]
      },
      "id": "way/1451856258"
    },
    {
      "type": "Feature",
      "properties": {
        "@id": "way/1451856259",
        "footway": "sidewalk",
        "highway": "footway",
        "layer": "-1",
        "surface": "asphalt",
        "tunnel": "building_passage"
      },
      "geometry": {
        "type": "LineString",
        "coordinates": [
          [
            -77.5426278,
            37.5741341
          ],
          [
            -77.5426204,
            37.5741321
          ],
          [
            -77.542586,
            37.574129
          ],
          [
            -77.5425517,
            37.57413
          ],
          [
            -77.5425307,
            37.5741176
          ],
          [
            -77.5424433,
            37.5740656
          ]
        ]
      },
      "id": "way/1451856259"
    },
    {
      "type": "Feature",
      "properties": {
        "@id": "way/1451856260",
        "footway": "sidewalk",
        "highway": "footway",
        "layer": "-1",
        "tunnel": "building_passage"
      },
      "geometry": {
        "type": "LineString",
        "coordinates": [
          [
            -77.5424999,
            37.5741592
          ],
          [
            -77.5423967,
            37.5741133
          ]
        ]
      },
      "id": "way/1451856260"
    },
    {
      "type": "Feature",
      "properties": {
        "@id": "way/1451856261",
        "crossing": "uncontrolled",
        "crossing:island": "no",
        "crossing:markings": "zebra",
        "footway": "crossing",
        "highway": "footway",
        "surface": "asphalt",
        "tunnel": "building_passage"
      },
      "geometry": {
        "type": "LineString",
        "coordinates": [
          [
            -77.5425307,
            37.5741176
          ],
          [
            -77.5425166,
            37.574137
          ],
          [
            -77.5424999,
            37.5741592
          ]
        ]
      },
      "id": "way/1451856261"
    },
    {
      "type": "Feature",
      "properties": {
        "@id": "way/1451856262",
        "footway": "sidewalk",
        "highway": "footway"
      },
      "geometry": {
        "type": "LineString",
        "coordinates": [
          [
            -77.54271,
            37.5741806
          ],
          [
            -77.5427154,
            37.5741739
          ]
        ]
      },
      "id": "way/1451856262"
    },
    {
      "type": "Feature",
      "properties": {
        "@id": "way/1451858120",
        "highway": "steps"
      },
      "geometry": {
        "type": "LineString",
        "coordinates": [
          [
            -77.5425864,
            37.5729387
          ],
          [
            -77.5425864,
            37.5730036
          ]
        ]
      },
      "id": "way/1451858120"
    },
    {
      "type": "Feature",
      "properties": {
        "@id": "way/1451858121",
        "highway": "footway"
      },
      "geometry": {
        "type": "LineString",
        "coordinates": [
          [
            -77.5424701,
            37.5727603
          ],
          [
            -77.5424872,
            37.5727865
          ]
        ]
      },
      "id": "way/1451858121"
    },
    {
      "type": "Feature",
      "properties": {
        "@id": "way/1451858122",
        "bridge": "yes",
        "highway": "footway",
        "layer": "1"
      },
      "geometry": {
        "type": "LineString",
        "coordinates": [
          [
            -77.5424872,
            37.5727865
          ],
          [
            -77.5424988,
            37.5728043
          ]
        ]
      },
      "id": "way/1451858122"
    },
    {
      "type": "Feature",
      "properties": {
        "@id": "way/1451858123",
        "foot": "yes",
        "highway": "steps",
        "incline": "up,_stairs"
      },
      "geometry": {
        "type": "LineString",
        "coordinates": [
          [
            -77.5415659,
            37.5733754
          ],
          [
            -77.5415928,
            37.5734484
          ]
        ]
      },
      "id": "way/1451858123"
    },
    {
      "type": "Feature",
      "properties": {
        "@id": "way/1451858126",
        "highway": "footway",
        "layer": "-1",
        "tunnel": "building_passage"
      },
      "geometry": {
        "type": "LineString",
        "coordinates": [
          [
            -77.5371049,
            37.5795461
          ],
          [
            -77.5370463,
            37.579458
          ]
        ]
      },
      "id": "way/1451858126"
    },
    {
      "type": "Feature",
      "properties": {
        "@id": "way/1451858127",
        "highway": "footway"
      },
      "geometry": {
        "type": "LineString",
        "coordinates": [
          [
            -77.5370463,
            37.579458
          ],
          [
            -77.5369603,
            37.5793285
          ]
        ]
      },
      "id": "way/1451858127"
    },
    {
      "type": "Feature",
      "properties": {
        "@id": "way/1451858128",
        "highway": "footway"
      },
      "geometry": {
        "type": "LineString",
        "coordinates": [
          [
            -77.5368922,
            37.579226
          ],
          [
            -77.5368784,
            37.5792052
          ]
        ]
      },
      "id": "way/1451858128"
    },
    {
      "type": "Feature",
      "properties": {
        "@id": "way/1451858129",
        "highway": "footway"
      },
      "geometry": {
        "type": "LineString",
        "coordinates": [
          [
            -77.5371542,
            37.5796204
          ],
          [
            -77.5371487,
            37.5796121
          ],
          [
            -77.5371091,
            37.5795524
          ],
          [
            -77.5371049,
            37.5795461
          ]
        ]
      },
      "id": "way/1451858129"
    },
    {
      "type": "Feature",
      "properties": {
        "@id": "way/1451860584",
        "crossing": "uncontrolled",
        "crossing:markings": "ladder",
        "footway": "crossing",
        "highway": "footway"
      },
      "geometry": {
        "type": "LineString",
        "coordinates": [
          [
            -77.54391,
            37.5745867
          ],
          [
            -77.5438689,
            37.5746269
          ],
          [
            -77.5438305,
            37.574666
          ]
        ]
      },
      "id": "way/1451860584"
    },
    {
      "type": "Feature",
      "properties": {
        "@id": "way/1451860585",
        "highway": "footway"
      },
      "geometry": {
        "type": "LineString",
        "coordinates": [
          [
            -77.5419848,
            37.5737042
          ],
          [
            -77.5420572,
            37.5736892
          ],
          [
            -77.5420719,
            37.5736454
          ],
          [
            -77.5420744,
            37.5736277
          ],
          [
            -77.5420688,
            37.5735916
          ],
          [
            -77.5420734,
            37.5735409
          ],
          [
            -77.5420764,
            37.5735104
          ],
          [
            -77.5420795,
            37.5734803
          ],
          [
            -77.5421084,
            37.5734361
          ],
          [
            -77.5422031,
            37.5733232
          ],
          [
            -77.5422315,
            37.5733015
          ],
          [
            -77.5422573,
            37.573277
          ],
          [
            -77.5423126,
            37.5732642
          ],
          [
            -77.5423506,
            37.5732586
          ],
          [
            -77.5423866,
            37.5732469
          ],
          [
            -77.5424504,
            37.573224
          ],
          [
            -77.5424981,
            37.5731859
          ],
          [
            -77.542526,
            37.5732115
          ]
        ]
      },
      "id": "way/1451860585"
    },
    {
      "type": "Feature",
      "properties": {
        "@id": "way/1451860586",
        "highway": "service",
        "service": "driveway"
      },
      "geometry": {
        "type": "LineString",
        "coordinates": [
          [
            -77.5416667,
            37.574152
          ],
          [
            -77.5417843,
            37.5741714
          ],
          [
            -77.5419305,
            37.5741803
          ]
        ]
      },
      "id": "way/1451860586"
    },
    {
      "type": "Feature",
      "properties": {
        "@id": "way/1451860588",
        "highway": "service",
        "service": "alley"
      },
      "geometry": {
        "type": "LineString",
        "coordinates": [
          [
            -77.5382154,
            37.5760427
          ],
          [
            -77.5383619,
            37.5759249
          ]
        ]
      },
      "id": "way/1451860588"
    },
    {
      "type": "Feature",
      "properties": {
        "@id": "way/1451860589",
        "highway": "service",
        "oneway": "no",
        "service": "parking_aisle",
        "surface": "asphalt"
      },
      "geometry": {
        "type": "LineString",
        "coordinates": [
          [
            -77.5363593,
            37.576115
          ],
          [
            -77.5364689,
            37.5761078
          ],
          [
            -77.5366353,
            37.5760457
          ],
          [
            -77.5367972,
            37.5759641
          ],
          [
            -77.5368612,
            37.5759267
          ]
        ]
      },
      "id": "way/1451860589"
    },
    {
      "type": "Feature",
      "properties": {
        "@id": "way/1451860595",
        "highway": "service",
        "name": "Ryland Circle",
        "oneway": "no",
        "service": "parking_aisle",
        "surface": "asphalt"
      },
      "geometry": {
        "type": "LineString",
        "coordinates": [
          [
            -77.5354468,
            37.5776206
          ],
          [
            -77.5355465,
            37.5776293
          ],
          [
            -77.5357043,
            37.5776373
          ],
          [
            -77.5360194,
            37.5776618
          ],
          [
            -77.536231,
            37.577675
          ],
          [
            -77.536305,
            37.5776767
          ],
          [
            -77.5363945,
            37.5776613
          ]
        ]
      },
      "id": "way/1451860595"
    },
    {
      "type": "Feature",
      "properties": {
        "@id": "way/1451861187",
        "highway": "footway"
      },
      "geometry": {
        "type": "LineString",
        "coordinates": [
          [
            -77.5391609,
            37.5730421
          ],
          [
            -77.5391569,
            37.5729769
          ]
        ]
      },
      "id": "way/1451861187"
    },
    {
      "type": "Feature",
      "properties": {
        "@id": "way/1451862928",
        "footway": "sidewalk",
        "highway": "footway"
      },
      "geometry": {
        "type": "LineString",
        "coordinates": [
          [
            -77.5412918,
            37.5722322
          ],
          [
            -77.5414372,
            37.572283
          ],
          [
            -77.5415386,
            37.5723161
          ],
          [
            -77.5417869,
            37.5724209
          ]
        ]
      },
      "id": "way/1451862928"
    },
    {
      "type": "Feature",
      "properties": {
        "@id": "way/1451862929",
        "crossing": "unmarked",
        "crossing:markings": "no",
        "footway": "crossing",
        "highway": "footway",
        "surface": "asphalt",
        "traffic_calming": "table"
      },
      "geometry": {
        "type": "LineString",
        "coordinates": [
          [
            -77.5412918,
            37.5722322
          ],
          [
            -77.5412706,
            37.572276
          ],
          [
            -77.5412627,
            37.5722924
          ],
          [
            -77.5412522,
            37.5723141
          ]
        ]
      },
      "id": "way/1451862929"
    },
    {
      "type": "Feature",
      "properties": {
        "@id": "way/1451865634",
        "highway": "footway"
      },
      "geometry": {
        "type": "LineString",
        "coordinates": [
          [
            -77.5388495,
            37.5742922
          ],
          [
            -77.5387616,
            37.5742988
          ],
          [
            -77.5387618,
            37.5743307
          ],
          [
            -77.5387509,
            37.5743585
          ],
          [
            -77.5387268,
            37.5743867
          ],
          [
            -77.5387163,
            37.5744094
          ],
          [
            -77.5387163,
            37.5744516
          ],
          [
            -77.5387207,
            37.5744855
          ],
          [
            -77.5387343,
            37.5745057
          ],
          [
            -77.5387627,
            37.5745273
          ],
          [
            -77.5387818,
            37.5745415
          ],
          [
            -77.5387934,
            37.5745707
          ],
          [
            -77.5388041,
            37.574601
          ],
          [
            -77.5388198,
            37.5746213
          ],
          [
            -77.5388523,
            37.5746403
          ],
          [
            -77.5388693,
            37.5746696
          ],
          [
            -77.5388986,
            37.5747009
          ]
        ]
      },
      "id": "way/1451865634"
    },
    {
      "type": "Feature",
      "properties": {
        "@id": "way/1451865635",
        "highway": "footway"
      },
      "geometry": {
        "type": "LineString",
        "coordinates": [
          [
            -77.5388101,
            37.5744411
          ],
          [
            -77.5388109,
            37.5744488
          ],
          [
            -77.5388084,
            37.5744562
          ],
          [
            -77.5388028,
            37.5744626
          ],
          [
            -77.5387949,
            37.5744671
          ],
          [
            -77.5387856,
            37.5744692
          ],
          [
            -77.5387768,
            37.5744688
          ],
          [
            -77.5387685,
            37.5744663
          ],
          [
            -77.5387616,
            37.574462
          ],
          [
            -77.5387568,
            37.5744561
          ],
          [
            -77.5387544,
            37.5744494
          ],
          [
            -77.5387163,
            37.5744516
          ]
        ]
      },
      "id": "way/1451865635"
    },
    {
      "type": "Feature",
      "properties": {
        "@id": "way/1451865636",
        "highway": "footway"
      },
      "geometry": {
        "type": "LineString",
        "coordinates": [
          [
            -77.5387544,
            37.5744494
          ],
          [
            -77.5387548,
            37.5744424
          ],
          [
            -77.5387578,
            37.5744359
          ],
          [
            -77.5387632,
            37.5744304
          ],
          [
            -77.5387714,
            37.5744261
          ],
          [
            -77.5387808,
            37.5744244
          ],
          [
            -77.5387905,
            37.5744252
          ],
          [
            -77.5387992,
            37.5744286
          ],
          [
            -77.538806,
            37.5744341
          ],
          [
            -77.5388101,
            37.5744411
          ],
          [
            -77.538867,
            37.5744379
          ]
        ]
      },
      "id": "way/1451865636"
    },
    {
      "type": "Feature",
      "properties": {
        "@id": "way/1451865637",
        "highway": "footway"
      },
      "geometry": {
        "type": "LineString",
        "coordinates": [
          [
            -77.5387163,
            37.5744516
          ],
          [
            -77.5386886,
            37.5744544
          ],
          [
            -77.5386604,
            37.5744644
          ],
          [
            -77.5386134,
            37.5745089
          ],
          [
            -77.5386056,
            37.5745268
          ],
          [
            -77.5386012,
            37.5745393
          ],
          [
            -77.5385898,
            37.5745601
          ],
          [
            -77.5385715,
            37.5745769
          ],
          [
            -77.5385454,
            37.5745936
          ]
        ]
      },
      "id": "way/1451865637"
    },
    {
      "type": "Feature",
      "properties": {
        "@id": "way/1451867435",
        "highway": "path",
        "informal": "yes"
      },
      "geometry": {
        "type": "LineString",
        "coordinates": [
          [
            -77.5383817,
            37.5813588
          ],
          [
            -77.5383789,
            37.5813891
          ],
          [
            -77.5384048,
            37.5814134
          ],
          [
            -77.5384449,
            37.5814306
          ],
          [
            -77.5384917,
            37.5814462
          ],
          [
            -77.5385602,
            37.5815095
          ]
        ]
      },
      "id": "way/1451867435"
    },
    {
      "type": "Feature",
      "properties": {
        "@id": "way/1451871576",
        "highway": "footway"
      },
      "geometry": {
        "type": "LineString",
        "coordinates": [
          [
            -77.5389336,
            37.5765064
          ],
          [
            -77.5388825,
            37.5765579
          ]
        ]
      },
      "id": "way/1451871576"
    },
    {
      "type": "Feature",
      "properties": {
        "@id": "way/1451871577",
        "highway": "steps"
      },
      "geometry": {
        "type": "LineString",
        "coordinates": [
          [
            -77.5388825,
            37.5765579
          ],
          [
            -77.5388126,
            37.5767742
          ]
        ]
      },
      "id": "way/1451871577"
    },
    {
      "type": "Feature",
      "properties": {
        "@id": "way/1451871578",
        "highway": "footway",
        "surface": "asphalt"
      },
      "geometry": {
        "type": "LineString",
        "coordinates": [
          [
            -77.5370354,
            37.579585
          ],
          [
            -77.5370106,
            37.5796105
          ],
          [
            -77.5369954,
            37.5796316
          ],
          [
            -77.536982,
            37.579656
          ]
        ]
      },
      "id": "way/1451871578"
    },
    {
      "type": "Feature",
      "properties": {
        "@id": "way/1451871579",
        "footway": "sidewalk",
        "highway": "footway"
      },
      "geometry": {
        "type": "LineString",
        "coordinates": [
          [
            -77.5397,
            37.5808401
          ],
          [
            -77.5396696,
            37.5807956
          ],
          [
            -77.5392256,
            37.5801459
          ],
          [
            -77.5392169,
            37.5801261
          ],
          [
            -77.5392267,
            37.5801113
          ],
          [
            -77.5392423,
            37.580088
          ]
        ]
      },
      "id": "way/1451871579"
    },
    {
      "type": "Feature",
      "properties": {
        "@id": "way/1451871580",
        "highway": "footway"
      },
      "geometry": {
        "type": "LineString",
        "coordinates": [
          [
            -77.5394573,
            37.5799614
          ],
          [
            -77.5392662,
            37.5799187
          ]
        ]
      },
      "id": "way/1451871580"
    },
    {
      "type": "Feature",
      "properties": {
        "@id": "way/1451871581",
        "highway": "footway"
      },
      "geometry": {
        "type": "LineString",
        "coordinates": [
          [
            -77.5393203,
            37.5797205
          ],
          [
            -77.5392489,
            37.579749
          ]
        ]
      },
      "id": "way/1451871581"
    },
    {
      "type": "Feature",
      "properties": {
        "@id": "way/1451871582",
        "highway": "footway",
        "tunnel": "building_passage"
      },
      "geometry": {
        "type": "LineString",
        "coordinates": [
          [
            -77.5392489,
            37.579749
          ],
          [
            -77.5392401,
            37.5797745
          ],
          [
            -77.5391955,
            37.579904
          ],
          [
            -77.5391731,
            37.5799691
          ],
          [
            -77.5391451,
            37.580004
          ],
          [
            -77.5390871,
            37.5800275
          ],
          [
            -77.5390531,
            37.5800413
          ]
        ]
      },
      "id": "way/1451871582"
    },
    {
      "type": "Feature",
      "properties": {
        "@id": "way/1451871583",
        "highway": "footway"
      },
      "geometry": {
        "type": "LineString",
        "coordinates": [
          [
            -77.5392267,
            37.5801113
          ],
          [
            -77.5391842,
            37.580105
          ],
          [
            -77.5391451,
            37.5801018
          ],
          [
            -77.539104,
            37.580051
          ]
        ]
      },
      "id": "way/1451871583"
    },
    {
      "type": "Feature",
      "properties": {
        "@id": "way/1451871584",
        "highway": "footway",
        "tunnel": "building_passage"
      },
      "geometry": {
        "type": "LineString",
        "coordinates": [
          [
            -77.5392662,
            37.5799187
          ],
          [
            -77.5391955,
            37.579904
          ]
        ]
      },
      "id": "way/1451871584"
    },
    {
      "type": "Feature",
      "properties": {
        "@id": "way/1451871586",
        "highway": "footway",
        "tunnel": "building_passage"
      },
      "geometry": {
        "type": "LineString",
        "coordinates": [
          [
            -77.539104,
            37.580051
          ],
          [
            -77.5390871,
            37.5800275
          ]
        ]
      },
      "id": "way/1451871586"
    },
    {
      "type": "Feature",
      "properties": {
        "@id": "way/1451871587",
        "highway": "footway",
        "tunnel": "building_passage"
      },
      "geometry": {
        "type": "LineString",
        "coordinates": [
          [
            -77.5391647,
            37.5797105
          ],
          [
            -77.5391794,
            37.5797416
          ],
          [
            -77.5392401,
            37.5797745
          ]
        ]
      },
      "id": "way/1451871587"
    },
    {
      "type": "Feature",
      "properties": {
        "@id": "way/1451871588",
        "crossing": "unmarked",
        "crossing:markings": "no",
        "footway": "crossing",
        "highway": "footway"
      },
      "geometry": {
        "type": "LineString",
        "coordinates": [
          [
            -77.5437064,
            37.5728968
          ],
          [
            -77.5437368,
            37.5728697
          ]
        ]
      },
      "id": "way/1451871588"
    },
    {
      "type": "Feature",
      "properties": {
        "@id": "way/1451871589",
        "crossing": "unmarked",
        "crossing:markings": "no",
        "footway": "crossing",
        "highway": "footway"
      },
      "geometry": {
        "type": "LineString",
        "coordinates": [
          [
            -77.5452452,
            37.5733579
          ],
          [
            -77.5452134,
            37.5733802
          ]
        ]
      },
      "id": "way/1451871589"
    },
    {
      "type": "Feature",
      "properties": {
        "@id": "way/1473703709",
        "highway": "service"
      },
      "geometry": {
        "type": "LineString",
        "coordinates": [
          [
            -77.540968,
            37.5786028
          ],
          [
            -77.5410937,
            37.5785466
          ],
          [
            -77.541183,
            37.5784905
          ],
          [
            -77.5412261,
            37.5784587
          ],
          [
            -77.5412857,
            37.5784157
          ]
        ]
      },
      "id": "way/1473703709"
    },
    {
      "type": "Feature",
      "properties": {
        "@id": "way/1473703710",
        "crossing": "uncontrolled",
        "crossing:markings": "zebra",
        "footway": "crossing",
        "highway": "footway",
        "surface": "asphalt"
      },
      "geometry": {
        "type": "LineString",
        "coordinates": [
          [
            -77.5394743,
            37.5773678
          ],
          [
            -77.5394262,
            37.5773289
          ]
        ]
      },
      "id": "way/1473703710"
    },
    {
      "type": "Feature",
      "properties": {
        "@id": "way/1473703713",
        "crossing": "uncontrolled",
        "crossing:markings": "zebra",
        "footway": "crossing",
        "highway": "footway"
      },
      "geometry": {
        "type": "LineString",
        "coordinates": [
          [
            -77.534644,
            37.579546
          ],
          [
            -77.5345817,
            37.5795761
          ],
          [
            -77.5345208,
            37.5796055
          ]
        ]
      },
      "id": "way/1473703713"
    },
    {
      "type": "Feature",
      "properties": {
        "@id": "way/1476599795",
        "access": "permissive",
        "bicycle": "permissive",
        "foot": "yes",
        "highway": "footway",
        "horse": "no",
        "motor_vehicle": "no",
        "surface": "unpaved"
      },
      "geometry": {
        "type": "LineString",
        "coordinates": [
          [
            -77.5427424,
            37.5762327
          ],
          [
            -77.5427421,
            37.5762843
          ],
          [
            -77.5428312,
            37.5763833
          ],
          [
            -77.5429046,
            37.5764948
          ],
          [
            -77.5429691,
            37.5766819
          ],
          [
            -77.5430074,
            37.5768531
          ],
          [
            -77.5430443,
            37.5768291
          ],
          [
            -77.5430591,
            37.5768057
          ],
          [
            -77.5430644,
            37.5767568
          ],
          [
            -77.5430616,
            37.5767325
          ],
          [
            -77.5430551,
            37.576709
          ]
        ]
      },
      "id": "way/1476599795"
    },
    {
      "type": "Feature",
      "properties": {
        "@id": "way/1476599796",
        "access": "no",
        "bicycle": "yes",
        "foot": "yes",
        "highway": "footway",
        "horse": "no",
        "motor_vehicle": "no",
        "surface": "asphalt"
      },
      "geometry": {
        "type": "LineString",
        "coordinates": [
          [
            -77.5428312,
            37.5763833
          ],
          [
            -77.5430703,
            37.5762814
          ],
          [
            -77.5432707,
            37.5762362
          ],
          [
            -77.543288,
            37.5762324
          ],
          [
            -77.5435941,
            37.5761707
          ]
        ]
      },
      "id": "way/1476599796"
    },
    {
      "type": "Feature",
      "properties": {
        "@id": "way/1476599797",
        "access": "no",
        "bicycle": "no",
        "foot": "yes",
        "highway": "footway",
        "motor_vehicle": "no"
      },
      "geometry": {
        "type": "LineString",
        "coordinates": [
          [
            -77.5428312,
            37.5763833
          ],
          [
            -77.5430703,
            37.5762814
          ],
          [
            -77.5432707,
            37.5762362
          ],
          [
            -77.543288,
            37.5762324
          ],
          [
            -77.5435941,
            37.5761707
          ]
        ]
      },
      "id": "way/1476599797"
    },
    {
      "type": "Feature",
      "properties": {
        "@id": "way/1476599873",
        "handrail": "yes",
        "highway": "steps",
        "surface": "concrete"
      },
      "geometry": {
        "type": "LineString",
        "coordinates": [
          [
            -77.5388637,
            37.5779852
          ],
          [
            -77.5388423,
            37.5779727
          ]
        ]
      },
      "id": "way/1476599873"
    },
    {
      "type": "Feature",
      "properties": {
        "@id": "way/1476599874",
        "highway": "footway",
        "surface": "paved"
      },
      "geometry": {
        "type": "LineString",
        "coordinates": [
          [
            -77.5391398,
            37.5790672
          ],
          [
            -77.5391896,
            37.5790503
          ]
        ]
      },
      "id": "way/1476599874"
    },
    {
      "type": "Feature",
      "properties": {
        "@id": "way/1476599875",
        "highway": "steps"
      },
      "geometry": {
        "type": "LineString",
        "coordinates": [
          [
            -77.5398965,
            37.5785793
          ],
          [
            -77.5398535,
            37.5785603
          ]
        ]
      },
      "id": "way/1476599875"
    },
    {
      "type": "Feature",
      "properties": {
        "@id": "way/1476599876",
        "highway": "steps"
      },
      "geometry": {
        "type": "LineString",
        "coordinates": [
          [
            -77.5397724,
            37.578792
          ],
          [
            -77.5397894,
            37.5787831
          ]
        ]
      },
      "id": "way/1476599876"
    },
    {
      "type": "Feature",
      "properties": {
        "@id": "way/1476601894",
        "highway": "footway",
        "name": "Path to Baseball Field"
      },
      "geometry": {
        "type": "LineString",
        "coordinates": [
          [
            -77.5403621,
            37.5788402
          ],
          [
            -77.5404215,
            37.5788923
          ],
          [
            -77.5404869,
            37.5789145
          ],
          [
            -77.5405406,
            37.578909
          ]
        ]
      },
      "id": "way/1476601894"
    },
    {
      "type": "Feature",
      "properties": {
        "@id": "way/1476601895",
        "highway": "path",
        "informal": "yes"
      },
      "geometry": {
        "type": "LineString",
        "coordinates": [
          [
            -77.5406633,
            37.5799012
          ],
          [
            -77.5407955,
            37.5798705
          ],
          [
            -77.5409187,
            37.5798471
          ],
          [
            -77.5411093,
            37.5798518
          ],
          [
            -77.5411747,
            37.5798469
          ],
          [
            -77.5412409,
            37.5798336
          ],
          [
            -77.5412887,
            37.5798224
          ],
          [
            -77.5413866,
            37.5798723
          ],
          [
            -77.5414751,
            37.5799455
          ],
          [
            -77.5414894,
            37.5800211
          ]
        ]
      },
      "id": "way/1476601895"
    },
    {
      "type": "Feature",
      "properties": {
        "@id": "way/1476601896",
        "highway": "footway",
        "name": "Path to Baseball Field"
      },
      "geometry": {
        "type": "LineString",
        "coordinates": [
          [
            -77.5417837,
            37.5787023
          ],
          [
            -77.5415986,
            37.5787885
          ],
          [
            -77.5415681,
            37.5788802
          ],
          [
            -77.5415925,
            37.5789607
          ],
          [
            -77.5415458,
            37.5790685
          ]
        ]
      },
      "id": "way/1476601896"
    },
    {
      "type": "Feature",
      "properties": {
        "@id": "way/1476602224",
        "highway": "footway"
      },
      "geometry": {
        "type": "LineString",
        "coordinates": [
          [
            -77.5387132,
            37.5780735
          ],
          [
            -77.5388813,
            37.5780942
          ],
          [
            -77.539005,
            37.5781115
          ],
          [
            -77.5391465,
            37.5781376
          ],
          [
            -77.5391521,
            37.5781616
          ],
          [
            -77.539168,
            37.5781842
          ],
          [
            -77.5391917,
            37.5782143
          ],
          [
            -77.5391827,
            37.5782284
          ],
          [
            -77.5391357,
            37.5783022
          ],
          [
            -77.5390979,
            37.5783578
          ],
          [
            -77.5390478,
            37.5784288
          ],
          [
            -77.5389969,
            37.5785049
          ],
          [
            -77.5389899,
            37.5785177
          ],
          [
            -77.5389739,
            37.5785441
          ],
          [
            -77.538944,
            37.5785809
          ],
          [
            -77.5388348,
            37.5786776
          ],
          [
            -77.5388218,
            37.5786864
          ],
          [
            -77.5387,
            37.5787777
          ],
          [
            -77.5385384,
            37.5788966
          ],
          [
            -77.5385225,
            37.5789091
          ]
        ]
      },
      "id": "way/1476602224"
    },
    {
      "type": "Feature",
      "properties": {
        "@id": "way/1476602225",
        "highway": "steps"
      },
      "geometry": {
        "type": "LineString",
        "coordinates": [
          [
            -77.5379045,
            37.5789841
          ],
          [
            -77.5379361,
            37.5790357
          ],
          [
            -77.5379671,
            37.5790883
          ],
          [
            -77.5379777,
            37.5791051
          ],
          [
            -77.5380219,
            37.5790862
          ],
          [
            -77.5380423,
            37.5791192
          ]
        ]
      },
      "id": "way/1476602225"
    },
    {
      "type": "Feature",
      "properties": {
        "@id": "way/1476602226",
        "highway": "footway"
      },
      "geometry": {
        "type": "LineString",
        "coordinates": [
          [
            -77.5429691,
            37.5766819
          ],
          [
            -77.5430616,
            37.5767325
          ],
          [
            -77.5431964,
            37.5767711
          ]
        ]
      },
      "id": "way/1476602226"
    },
    {
      "type": "Feature",
      "properties": {
        "@id": "way/1476602227",
        "highway": "footway"
      },
      "geometry": {
        "type": "LineString",
        "coordinates": [
          [
            -77.5434146,
            37.5770568
          ],
          [
            -77.5434495,
            37.5771322
          ],
          [
            -77.5434588,
            37.5771957
          ],
          [
            -77.5434708,
            37.5772869
          ]
        ]
      },
      "id": "way/1476602227"
    },
    {
      "type": "Feature",
      "properties": {
        "@id": "way/1476602228",
        "highway": "footway"
      },
      "geometry": {
        "type": "LineString",
        "coordinates": [
          [
            -77.5434708,
            37.5772869
          ],
          [
            -77.5434988,
            37.5773056
          ],
          [
            -77.5435605,
            37.5773007
          ],
          [
            -77.5436159,
            37.5773105
          ],
          [
            -77.5436714,
            37.5773325
          ],
          [
            -77.5436683,
            37.5773715
          ],
          [
            -77.543656,
            37.5774131
          ],
          [
            -77.5436313,
            37.5774741
          ],
          [
            -77.5436097,
            37.5775132
          ],
          [
            -77.5435512,
            37.577606
          ],
          [
            -77.5435235,
            37.577645
          ],
          [
            -77.5430772,
            37.577758
          ]
        ]
      },
      "id": "way/1476602228"
    },
    {
      "type": "Feature",
      "properties": {
        "@id": "way/1476602229",
        "highway": "footway"
      },
      "geometry": {
        "type": "LineString",
        "coordinates": [
          [
            -77.5431964,
            37.5767711
          ],
          [
            -77.5432963,
            37.5767914
          ],
          [
            -77.5433087,
            37.5768355
          ],
          [
            -77.543321,
            37.5768697
          ],
          [
            -77.5433425,
            37.5769137
          ],
          [
            -77.5433549,
            37.5769821
          ],
          [
            -77.5434146,
            37.5770568
          ]
        ]
      },
      "id": "way/1476602229"
    },
    {
      "type": "Feature",
      "properties": {
        "@id": "way/1476602230",
        "highway": "footway"
      },
      "geometry": {
        "type": "LineString",
        "coordinates": [
          [
            -77.5432116,
            37.5772031
          ],
          [
            -77.5431167,
            37.5772639
          ],
          [
            -77.5430176,
            37.5772961
          ],
          [
            -77.5429274,
            37.5773284
          ],
          [
            -77.5427979,
            37.5772098
          ]
        ]
      },
      "id": "way/1476602230"
    },
    {
      "type": "Feature",
      "properties": {
        "@id": "way/1476602231",
        "highway": "footway"
      },
      "geometry": {
        "type": "LineString",
        "coordinates": [
          [
            -77.5430772,
            37.577758
          ],
          [
            -77.5436705,
            37.5779889
          ]
        ]
      },
      "id": "way/1476602231"
    },
    {
      "type": "Feature",
      "properties": {
        "@id": "way/1476602232",
        "highway": "footway"
      },
      "geometry": {
        "type": "LineString",
        "coordinates": [
          [
            -77.5417874,
            37.5765201
          ],
          [
            -77.5415643,
            37.5763692
          ]
        ]
      },
      "id": "way/1476602232"
    },
    {
      "type": "Feature",
      "properties": {
        "@id": "way/1476602233",
        "highway": "footway"
      },
      "geometry": {
        "type": "LineString",
        "coordinates": [
          [
            -77.5415643,
            37.5763692
          ],
          [
            -77.5414825,
            37.57631
          ]
        ]
      },
      "id": "way/1476602233"
    },
    {
      "type": "Feature",
      "properties": {
        "@id": "way/1476603635",
        "footway": "access_aisle",
        "highway": "footway",
        "wheelchair": "limited"
      },
      "geometry": {
        "type": "LineString",
        "coordinates": [
          [
            -77.5397718,
            37.5791955
          ],
          [
            -77.5397093,
            37.5790784
          ]
        ]
      },
      "id": "way/1476603635"
    },
    {
      "type": "Feature",
      "properties": {
        "@id": "way/1476609406",
        "highway": "footway"
      },
      "geometry": {
        "type": "LineString",
        "coordinates": [
          [
            -77.539532,
            37.5719735
          ],
          [
            -77.5395552,
            37.5719538
          ]
        ]
      },
      "id": "way/1476609406"
    },
    {
      "type": "Feature",
      "properties": {
        "@id": "way/1476609417",
        "highway": "footway"
      },
      "geometry": {
        "type": "LineString",
        "coordinates": [
          [
            -77.5434681,
            37.5745648
          ],
          [
            -77.5434958,
            37.574536
          ]
        ]
      },
      "id": "way/1476609417"
    },
    {
      "type": "Feature",
      "properties": {
        "@id": "way/1476609418",
        "highway": "footway",
        "surface": "asphalt"
      },
      "geometry": {
        "type": "LineString",
        "coordinates": [
          [
            -77.5428276,
            37.5741733
          ],
          [
            -77.5426375,
            37.5740706
          ]
        ]
      },
      "id": "way/1476609418"
    },
    {
      "type": "Feature",
      "properties": {
        "@id": "way/1476609419",
        "highway": "footway",
        "surface": "asphalt"
      },
      "geometry": {
        "type": "LineString",
        "coordinates": [
          [
            -77.5426375,
            37.5740706
          ],
          [
            -77.542586,
            37.574129
          ]
        ]
      },
      "id": "way/1476609419"
    },
    {
      "type": "Feature",
      "properties": {
        "@id": "way/1476609420",
        "highway": "footway",
        "surface": "paving_stones"
      },
      "geometry": {
        "type": "LineString",
        "coordinates": [
          [
            -77.5421264,
            37.5746654
          ],
          [
            -77.5421563,
            37.5746308
          ]
        ]
      },
      "id": "way/1476609420"
    },
    {
      "type": "Feature",
      "properties": {
        "@id": "way/1476609766",
        "highway": "steps"
      },
      "geometry": {
        "type": "LineString",
        "coordinates": [
          [
            -77.5390627,
            37.574914
          ],
          [
            -77.5390547,
            37.574864
          ],
          [
            -77.5390562,
            37.5748734
          ]
        ]
      },
      "id": "way/1476609766"
    },
    {
      "type": "Feature",
      "properties": {
        "@id": "way/1476609768",
        "highway": "steps"
      },
      "geometry": {
        "type": "LineString",
        "coordinates": [
          [
            -77.5398252,
            37.5745356
          ],
          [
            -77.5398227,
            37.5745432
          ]
        ]
      },
      "id": "way/1476609768"
    },
    {
      "type": "Feature",
      "properties": {
        "@id": "way/1476609769",
        "highway": "steps"
      },
      "geometry": {
        "type": "LineString",
        "coordinates": [
          [
            -77.5386888,
            37.574799
          ],
          [
            -77.5386275,
            37.5748541
          ],
          [
            -77.538633,
            37.5748492
          ]
        ]
      },
      "id": "way/1476609769"
    },
    {
      "type": "Feature",
      "properties": {
        "@id": "way/1476742966",
        "bicycle": "yes",
        "highway": "footway",
        "surface": "unpaved"
      },
      "geometry": {
        "type": "LineString",
        "coordinates": [
          [
            -77.5419512,
            37.5763467
          ],
          [
            -77.5421591,
            37.576538
          ],
          [
            -77.5421773,
            37.5765997
          ],
          [
            -77.542278,
            37.576695
          ],
          [
            -77.5424595,
            37.5767286
          ],
          [
            -77.542507,
            37.5766777
          ],
          [
            -77.5426673,
            37.57663
          ],
          [
            -77.5429046,
            37.5764948
          ]
        ]
      },
      "id": "way/1476742966"
    },
    {
      "type": "Feature",
      "properties": {
        "@id": "way/1479068253",
        "footway": "sidewalk",
        "highway": "footway",
        "horse": "no",
        "incline": "down",
        "name": "BioShack Path",
        "surface": "asphalt",
        "width": "0.8"
      },
      "geometry": {
        "type": "LineString",
        "coordinates": [
          [
            -77.5423126,
            37.5732642
          ],
          [
            -77.5423338,
            37.5732268
          ],
          [
            -77.542336,
            37.5731927
          ],
          [
            -77.5423406,
            37.5731479
          ],
          [
            -77.5423451,
            37.5731165
          ],
          [
            -77.5423496,
            37.5730779
          ]
        ]
      },
      "id": "way/1479068253"
    },
    {
      "type": "Feature",
      "properties": {
        "@id": "way/1479299468",
        "highway": "footway"
      },
      "geometry": {
        "type": "LineString",
        "coordinates": [
          [
            -77.538081,
            37.576452
          ],
          [
            -77.5382468,
            37.5763926
          ]
        ]
      },
      "id": "way/1479299468"
    },
    {
      "type": "Feature",
      "properties": {
        "@id": "way/1479299469",
        "highway": "steps"
      },
      "geometry": {
        "type": "LineString",
        "coordinates": [
          [
            -77.538133,
            37.577683
          ],
          [
            -77.5381167,
            37.5776737
          ]
        ]
      },
      "id": "way/1479299469"
    },
    {
      "type": "Feature",
      "properties": {
        "@id": "way/1479299470",
        "highway": "steps"
      },
      "geometry": {
        "type": "LineString",
        "coordinates": [
          [
            -77.538078,
            37.5776529
          ],
          [
            -77.5381039,
            37.5776667
          ]
        ]
      },
      "id": "way/1479299470"
    },
    {
      "type": "Feature",
      "properties": {
        "@id": "way/1479299471",
        "highway": "footway"
      },
      "geometry": {
        "type": "LineString",
        "coordinates": [
          [
            -77.5381039,
            37.5776667
          ],
          [
            -77.5381167,
            37.5776737
          ]
        ]
      },
      "id": "way/1479299471"
    },
    {
      "type": "Feature",
      "properties": {
        "@id": "way/1479391640",
        "footway": "sidewalk",
        "highway": "footway",
        "surface": "concrete"
      },
      "geometry": {
        "type": "LineString",
        "coordinates": [
          [
            -77.5438421,
            37.5746695
          ],
          [
            -77.5439168,
            37.5747511
          ],
          [
            -77.5440214,
            37.5748156
          ]
        ]
      },
      "id": "way/1479391640"
    },
    {
      "type": "Feature",
      "properties": {
        "@id": "way/1481461436",
        "footway": "sidewalk",
        "highway": "footway",
        "surface": "concrete"
      },
      "geometry": {
        "type": "LineString",
        "coordinates": [
          [
            -77.5368571,
            37.5694432
          ],
          [
            -77.5372214,
            37.5695378
          ],
          [
            -77.5373004,
            37.5695571
          ],
          [
            -77.537659,
            37.5696876
          ]
        ]
      },
      "id": "way/1481461436"
    },
    {
      "type": "Feature",
      "properties": {
        "@id": "way/1482005151",
        "footway": "sidewalk",
        "highway": "footway",
        "surface": "asphalt"
      },
      "geometry": {
        "type": "LineString",
        "coordinates": [
          [
            -77.539996,
            37.5735821
          ],
          [
            -77.5399991,
            37.5735748
          ]
        ]
      },
      "id": "way/1482005151"
    },
    {
      "type": "Feature",
      "properties": {
        "@id": "way/1482017638",
        "highway": "footway",
        "surface": "bricks"
      },
      "geometry": {
        "type": "LineString",
        "coordinates": [
          [
            -77.5412017,
            37.5746135
          ],
          [
            -77.5411453,
            37.5746371
          ],
          [
            -77.5411039,
            37.5746614
          ],
          [
            -77.5410729,
            37.5747094
          ]
        ]
      },
      "id": "way/1482017638"
    },
    {
      "type": "Feature",
      "properties": {
        "@id": "way/1482023132",
        "highway": "footway"
      },
      "geometry": {
        "type": "LineString",
        "coordinates": [
          [
            -77.5420572,
            37.5736892
          ],
          [
            -77.5420945,
            37.5736697
          ],
          [
            -77.5421194,
            37.5736592
          ],
          [
            -77.5421357,
            37.5736616
          ],
          [
            -77.5421811,
            37.5736819
          ],
          [
            -77.5422132,
            37.5736995
          ],
          [
            -77.5422385,
            37.5737005
          ]
        ]
      },
      "id": "way/1482023132"
    },
    {
      "type": "Feature",
      "properties": {
        "@id": "way/1482032786",
        "highway": "footway"
      },
      "geometry": {
        "type": "LineString",
        "coordinates": [
          [
            -77.5440352,
            37.5748251
          ],
          [
            -77.5435322,
            37.5754107
          ]
        ]
      },
      "id": "way/1482032786"
    },
    {
      "type": "Feature",
      "properties": {
        "@id": "way/1482032787",
        "highway": "footway"
      },
      "geometry": {
        "type": "LineString",
        "coordinates": [
          [
            -77.5435609,
            37.5754061
          ],
          [
            -77.5431887,
            37.5754685
          ]
        ]
      },
      "id": "way/1482032787"
    },
    {
      "type": "Feature",
      "properties": {
        "@id": "way/1482032788",
        "highway": "steps"
      },
      "geometry": {
        "type": "LineString",
        "coordinates": [
          [
            -77.5425222,
            37.5754757
          ],
          [
            -77.5425004,
            37.5755
          ]
        ]
      },
      "id": "way/1482032788"
    },
    {
      "type": "Feature",
      "properties": {
        "@id": "way/1482034331",
        "highway": "path"
      },
      "geometry": {
        "type": "LineString",
        "coordinates": [
          [
            -77.5463759,
            37.5732186
          ],
          [
            -77.5461343,
            37.5737871
          ]
        ]
      },
      "id": "way/1482034331"
    },
    {
      "type": "Feature",
      "properties": {
        "@id": "way/1482034332",
        "highway": "path"
      },
      "geometry": {
        "type": "LineString",
        "coordinates": [
          [
            -77.5463873,
            37.5730121
          ],
          [
            -77.5464016,
            37.5729757
          ],
          [
            -77.5464081,
            37.572961
          ]
        ]
      },
      "id": "way/1482034332"
    },
    {
      "type": "Feature",
      "properties": {
        "@id": "way/1482034333",
        "highway": "path"
      },
      "geometry": {
        "type": "LineString",
        "coordinates": [
          [
            -77.5464016,
            37.5729757
          ],
          [
            -77.5468831,
            37.5731169
          ]
        ]
      },
      "id": "way/1482034333"
    },
    {
      "type": "Feature",
      "properties": {
        "@id": "way/1482055874",
        "highway": "steps"
      },
      "geometry": {
        "type": "LineString",
        "coordinates": [
          [
            -77.5392451,
            37.5705362
          ],
          [
            -77.5392315,
            37.5705585
          ]
        ]
      },
      "id": "way/1482055874"
    },
    {
      "type": "Feature",
      "properties": {
        "@id": "way/1482055875",
        "footway": "sidewalk",
        "highway": "footway"
      },
      "geometry": {
        "type": "LineString",
        "coordinates": [
          [
            -77.5391765,
            37.5705511
          ],
          [
            -77.5391657,
            37.5705671
          ],
          [
            -77.5391564,
            37.5705858
          ]
        ]
      },
      "id": "way/1482055875"
    },
    {
      "type": "Feature",
      "properties": {
        "@id": "way/1482055876",
        "highway": "steps"
      },
      "geometry": {
        "type": "LineString",
        "coordinates": [
          [
            -77.5391937,
            37.5705262
          ],
          [
            -77.5391767,
            37.5705502
          ]
        ]
      },
      "id": "way/1482055876"
    },
    {
      "type": "Feature",
      "properties": {
        "@id": "way/1482055877",
        "footway": "sidewalk",
        "highway": "footway"
      },
      "geometry": {
        "type": "LineString",
        "coordinates": [
          [
            -77.5391627,
            37.5705707
          ],
          [
            -77.5391271,
            37.5705627
          ],
          [
            -77.5391055,
            37.5705659
          ],
          [
            -77.5390997,
            37.5705814
          ]
        ]
      },
      "id": "way/1482055877"
    },
    {
      "type": "Feature",
      "properties": {
        "@id": "way/1482055878",
        "highway": "steps"
      },
      "geometry": {
        "type": "LineString",
        "coordinates": [
          [
            -77.5393767,
            37.5705856
          ],
          [
            -77.5393451,
            37.5706054
          ]
        ]
      },
      "id": "way/1482055878"
    },
    {
      "type": "Feature",
      "properties": {
        "@id": "way/1482055879",
        "footway": "sidewalk",
        "highway": "footway"
      },
      "geometry": {
        "type": "LineString",
        "coordinates": [
          [
            -77.5392302,
            37.570561
          ],
          [
            -77.5392147,
            37.5705892
          ]
        ]
      },
      "id": "way/1482055879"
    },
    {
      "type": "Feature",
      "properties": {
        "@id": "way/1482055880",
        "highway": "steps"
      },
      "geometry": {
        "type": "LineString",
        "coordinates": [
          [
            -77.5390915,
            37.5705023
          ],
          [
            -77.5390687,
            37.5705324
          ]
        ]
      },
      "id": "way/1482055880"
    },
    {
      "type": "Feature",
      "properties": {
        "@id": "way/1482055881",
        "highway": "steps"
      },
      "geometry": {
        "type": "LineString",
        "coordinates": [
          [
            -77.5396551,
            37.5704887
          ],
          [
            -77.5396298,
            37.5705173
          ]
        ]
      },
      "id": "way/1482055881"
    },
    {
      "type": "Feature",
      "properties": {
        "@id": "way/1482055882",
        "footway": "sidewalk",
        "highway": "footway"
      },
      "geometry": {
        "type": "LineString",
        "coordinates": [
          [
            -77.5390675,
            37.5705338
          ],
          [
            -77.5390599,
            37.5705484
          ]
        ]
      },
      "id": "way/1482055882"
    },
    {
      "type": "Feature",
      "properties": {
        "@id": "way/1482055883",
        "highway": "steps"
      },
      "geometry": {
        "type": "LineString",
        "coordinates": [
          [
            -77.5394517,
            37.57064
          ],
          [
            -77.5394394,
            37.5706606
          ]
        ]
      },
      "id": "way/1482055883"
    },
    {
      "type": "Feature",
      "properties": {
        "@id": "way/1482299659",
        "highway": "steps"
      },
      "geometry": {
        "type": "LineString",
        "coordinates": [
          [
            -77.5395953,
            37.5704934
          ],
          [
            -77.5396148,
            37.5704695
          ]
        ]
      },
      "id": "way/1482299659"
    },
    {
      "type": "Feature",
      "properties": {
        "@id": "way/1482378642",
        "highway": "footway",
        "surface": "paved"
      },
      "geometry": {
        "type": "LineString",
        "coordinates": [
          [
            -77.539165,
            37.5801539
          ],
          [
            -77.5382123,
            37.5805777
          ],
          [
            -77.538676,
            37.5812145
          ],
          [
            -77.5387157,
            37.5812127
          ],
          [
            -77.5396696,
            37.5807956
          ]
        ]
      },
      "id": "way/1482378642"
    }
  ]
}